Unity Editor version:    6000.3.12f1 (fca03ac9b0d5)
Branch:                  6000.3/staging
Build type:              Release
Batch mode:              YES
macOS version:           Version 26.5.2 (Build 25F84)
Darwin version:          25.5.0
Architecture:            arm64
Running under Rosetta:   NO
Available memory:        24576 MB
Date:                    2026-08-16T16:10:16Z
[Licensing::Module] Trying to connect to existing licensing client channel...
[Licensing::IpcConnector] Successfully connected to: "LicenseClient-ayaan" at "2026-08-16T16:10:16.124461Z"

COMMAND LINE ARGUMENTS:
/Applications/Unity/Hub/Editor/6000.3.12f1/Unity.app/Contents/MacOS/Unity
-adb2
-batchMode
-noUpm
-name
AssetImportWorker0
-projectPath
/Users/ayaan/UnityProjects/Catch the Chickens!
-logFile
Logs/AssetImportWorker0.log
-srvPort
57545
-licensingIpc
LicenseClient-ayaan
-job-worker-count
4
-background-job-worker-count
8
-gc-helper-count
1
-name AssetImport
Successfully changed project path to: /Users/ayaan/UnityProjects/Catch the Chickens!
/Users/ayaan/UnityProjects/Catch the Chickens!
[UnityMemory] Configuration Parameters - Can be set up in boot.config
    "memorysetup-allocator-temp-initial-block-size-main=262144"
    "memorysetup-allocator-temp-initial-block-size-worker=262144"
    "memorysetup-temp-allocator-size-background-worker=32768"
    "memorysetup-temp-allocator-size-job-worker=262144"
    "memorysetup-temp-allocator-size-preload-manager=33554432"
    "memorysetup-temp-allocator-size-nav-mesh-worker=65536"
    "memorysetup-temp-allocator-size-audio-worker=65536"
    "memorysetup-temp-allocator-size-cloud-worker=32768"
    "memorysetup-bucket-allocator-granularity=16"
    "memorysetup-bucket-allocator-bucket-count=8"
    "memorysetup-bucket-allocator-block-size=33554432"
    "memorysetup-bucket-allocator-block-count=8"
    "memorysetup-main-allocator-block-size=16777216"
    "memorysetup-thread-allocator-block-size=16777216"
    "memorysetup-gfx-main-allocator-block-size=16777216"
    "memorysetup-gfx-thread-allocator-block-size=16777216"
    "memorysetup-cache-allocator-block-size=4194304"
    "memorysetup-typetree-allocator-block-size=2097152"
    "memorysetup-profiler-bucket-allocator-granularity=16"
    "memorysetup-profiler-bucket-allocator-bucket-count=8"
    "memorysetup-profiler-bucket-allocator-block-size=33554432"
    "memorysetup-profiler-bucket-allocator-block-count=8"
    "memorysetup-profiler-allocator-block-size=16777216"
    "memorysetup-profiler-editor-allocator-block-size=1048576"
    "memorysetup-temp-allocator-size-main=16777216"
    "memorysetup-job-temp-allocator-block-size=2097152"
    "memorysetup-job-temp-allocator-block-size-background=1048576"
    "memorysetup-job-temp-allocator-reduction-small-platforms=262144"
    "memorysetup-temp-allocator-size-gi-baking-worker=262144"
    "memorysetup-temp-allocator-size-gi-baking-worker=262144"
    "memorysetup-temp-allocator-size-gi-baking-worker=262144"
    "memorysetup-temp-allocator-size-gi-baking-worker=262144"
    "memorysetup-temp-allocator-size-gi-baking-worker=262144"
    "memorysetup-temp-allocator-size-gfx=262144"
Player connection [8514411904]  Target information:

Player connection [8514411904]  * "[IP] 192.168.0.144 [Port] 0 [Flags] 2 [Guid] 4286086676 [EditorId] 4286086676 [Version] 1048832 [Id] OSXEditor(0,Ayaans-Mac-mini.local) [Debug] 1 [PackageName] OSXEditor [ProjectName] Editor" 

Player connection [8514411904] Host joined multi-casting on [225.0.0.222:54997]...
Player connection [8514411904] Host joined alternative multi-casting on [225.0.0.222:34997]...
JobSystem: Creating JobQueue using job-worker-count value 4
Input System module state changed to: Initialized.
[Physics::Module] Initialized fallback backend.
[Physics::Module] Id: 0xdecafbad
Library Redirect Path: Library/
[Physics::Module] Selected backend.
[Physics::Module] Name: PhysX
[Physics::Module] Id: 0xf2b8ea05
[Physics::Module] SDK Version: 4.1.2
[Physics::Module] Integration Version: 1.0.0
[Physics::Module] Threading Mode: Multi-Threaded
Refreshing native plugins compatible for Editor in 0.56 ms, found 1 plugins.
Preloading 0 native plugins for Editor in 0.00 ms.
Initialize engine version: 6000.3.12f1 (fca03ac9b0d5)
[Subsystems] Discovering subsystems at path /Applications/Unity/Hub/Editor/6000.3.12f1/Unity.app/Contents/Resources/UnitySubsystems
[Subsystems] Discovering subsystems at path /Users/ayaan/UnityProjects/Catch the Chickens!/Assets
GfxDevice: creating device client; kGfxThreadingModeNonThreaded
 preferred device: Apple M4 (high power)
Metal devices available: 1
0: Apple M4 (high power)
Using device Apple M4 (high power)
Initializing Metal device caps: Apple M4
Mac GPU Family: 2
Apple GPU Family: 9
MSL Version: 3.0
Has Float MSAA: 1
Has Float Filtering: 1
ReadWrite Texture Tier: 2
Initialize mono
Mono path[0] = '/Applications/Unity/Hub/Editor/6000.3.12f1/Unity.app/Contents/Resources/Scripting/Managed'
Mono path[1] = '/Applications/Unity/Hub/Editor/6000.3.12f1/Unity.app/Contents/Resources/Scripting/MonoBleedingEdge/lib/mono/unityjit-macos'
Mono config path = '/Applications/Unity/Hub/Editor/6000.3.12f1/Unity.app/Contents/Resources/Scripting/MonoBleedingEdge/etc'
Using monoOptions --debugger-agent=transport=dt_socket,embedding=1,server=y,suspend=n,address=127.0.0.1:56071
Begin MonoManager ReloadAssembly
Registering precompiled unity dll's ...
Register platform support module: /Applications/Unity/Hub/Editor/6000.3.12f1/PlaybackEngines/WebGLSupport/UnityEditor.WebGL.Extensions.dll
Register platform support module: /Applications/Unity/Hub/Editor/6000.3.12f1/Unity.app/Contents/PlaybackEngines/MacStandaloneSupport/UnityEditor.OSXStandalone.Extensions.dll
Register platform support module: /Applications/Unity/Hub/Editor/6000.3.12f1/PlaybackEngines/WindowsStandaloneSupport/UnityEditor.WindowsStandalone.Extensions.dll
Registered in 0.000514 seconds.
- Loaded All Assemblies, in  0.329 seconds
Native extension for WindowsStandalone target not found
Native extension for OSXStandalone target not found
Native extension for WebGL target not found
[Licensing::Client] Error: HandshakeResponse reported an error:
	ResponseCode: 505
	ResponseStatus: Unsupported protocol version '1.18.1'.
[Licensing::Module] Error: Failed to handshake to channel: "LicenseClient-ayaan"
[Licensing::IpcConnector] LicenseClient-ayaan channel disconnected successfully.
[Licensing::IpcConnector] Successfully connected to: "LicenseClient-ayaan-6000.3.12" at "2026-08-16T16:10:17.102256Z"
Package Manager log level set to [2]
[Package Manager] Failed to launch server process. Reason: Unity was launched with the -noUpm command-line argument
[Package Manager] Unable to send message (not connected to server process).
[Package Manager] Cannot connect to Unity Package Manager local server
ScheduleIndexationOnStartup MainProcess:False IndexOnStartup:True
Mono: successfully reloaded assembly
- Finished resetting the current domain, in  0.323 seconds
Domain Reload Profiling: 652ms
	BeginReloadAssembly (81ms)
		ExecutionOrderSort (0ms)
		DisableScriptedObjects (0ms)
		BackupInstance (0ms)
		ReleaseScriptingObjects (0ms)
		CreateAndSetChildDomain (0ms)
	RebuildCommonClasses (30ms)
	RebuildNativeTypeToScriptingClass (11ms)
	initialDomainReloadingComplete (31ms)
	LoadAllAssembliesAndSetupDomain (176ms)
		LoadAssemblies (81ms)
		RebuildTransferFunctionScriptingTraits (0ms)
		AnalyzeDomain (170ms)
			TypeCache.Refresh (168ms)
				TypeCache.ScanAssembly (153ms)
			BuildScriptInfoCaches (0ms)
			ResolveRequiredComponents (0ms)
	FinalizeReload (323ms)
		ReleaseScriptCaches (0ms)
		RebuildScriptCaches (0ms)
		SetupLoadedEditorAssemblies (272ms)
			LogAssemblyErrors (0ms)
			InitializePlatformSupportModulesInManaged (40ms)
			SetLoadedEditorAssemblies (3ms)
			BeforeProcessingInitializeOnLoad (57ms)
			ProcessInitializeOnLoadAttributes (103ms)
			ProcessInitializeOnLoadMethodAttributes (69ms)
			AfterProcessingInitializeOnLoad (0ms)
			EditorAssembliesLoaded (0ms)
		ExecutionOrderSort2 (0ms)
		AwakeInstancesAfterBackupRestoration (0ms)
[CoreBusinessMetrics] Unexpected thread when updating session info.
========================================================================
Worker process is ready to serve import requests
Import Worker Mode flag is 0x00
Begin MonoManager ReloadAssembly
[Licensing::Module] Licensing is not yet initialized.
[Licensing::Client] Handshaking with LicensingClient:
  Version:                 1.18.1+9fbee8e
  Session Id:              d2159cda17ad4b09aa5c4329718d6d08
  Correlation Id:          5354077cd7e46f762a853e640cdd145f
  External correlation Id: 1056863028445654835
  Machine Id:              2fWUAZjIWSHgqXJx7JbStKuqcgg=
[Licensing::Module] Successfully connected to LicensingClient on channel: "LicenseClient-ayaan-6000.3.12" (connect: 0.00s, validation: 0.00s, handshake: 0.71s)
[Licensing::IpcConnector] Successfully connected to: "LicenseClient-ayaan-6000.3.12-notifications" at "2026-08-16T16:10:17.81264Z"
[Licensing::Module] Licensing Background thread has ended after 1.69s
[Licensing::Module] Licensing is initialized (took 0.40s).
[Licensing::Client] Successfully resolved entitlement details
[Licensing::Module] License group:
  Id: F4-QKKD-GK3D-QK4Z-FWRN-XXXX
  Product: Unity Personal
  Type: ULF
  Expiration: Unlimited
[Licensing::Module] License group:
  Id: 5773889045670-UnityPersXXXX
  Product: Unity Personal
  Type: Assigned
  Expiration: Unlimited
Symbol file LoadedFromMemory is not a mono symbol file
- Loaded All Assemblies, in  0.818 seconds
Refreshing native plugins compatible for Editor in 0.28 ms, found 1 plugins.
Native extension for WindowsStandalone target not found
Native extension for OSXStandalone target not found
Native extension for WebGL target not found
[Package Manager] Failed to launch server process. Reason: Unity was launched with the -noUpm command-line argument
[Package Manager] Unable to send message (not connected to server process).
[Package Manager] Cannot connect to Unity Package Manager local server
[Package Manager] Failed to launch server process. Reason: Unity was launched with the -noUpm command-line argument
[Package Manager] Unable to send message (not connected to server process).
[Package Manager] Cannot connect to Unity Package Manager local server
ScheduleIndexationOnStartup MainProcess:False IndexOnStartup:True
Mono: successfully reloaded assembly
- Finished resetting the current domain, in  0.480 seconds
Domain Reload Profiling: 1299ms
	BeginReloadAssembly (505ms)
		ExecutionOrderSort (0ms)
		DisableScriptedObjects (3ms)
		BackupInstance (0ms)
		ReleaseScriptingObjects (0ms)
		CreateAndSetChildDomain (26ms)
	RebuildCommonClasses (41ms)
	RebuildNativeTypeToScriptingClass (10ms)
	initialDomainReloadingComplete (30ms)
	LoadAllAssembliesAndSetupDomain (233ms)
		LoadAssemblies (179ms)
		RebuildTransferFunctionScriptingTraits (0ms)
		AnalyzeDomain (97ms)
			TypeCache.Refresh (81ms)
				TypeCache.ScanAssembly (68ms)
			BuildScriptInfoCaches (12ms)
			ResolveRequiredComponents (2ms)
	FinalizeReload (481ms)
		ReleaseScriptCaches (0ms)
		RebuildScriptCaches (0ms)
		SetupLoadedEditorAssemblies (394ms)
			LogAssemblyErrors (0ms)
			InitializePlatformSupportModulesInManaged (3ms)
			SetLoadedEditorAssemblies (2ms)
			BeforeProcessingInitializeOnLoad (82ms)
			ProcessInitializeOnLoadAttributes (275ms)
			ProcessInitializeOnLoadMethodAttributes (30ms)
			AfterProcessingInitializeOnLoad (2ms)
			EditorAssembliesLoaded (0ms)
		ExecutionOrderSort2 (0ms)
		AwakeInstancesAfterBackupRestoration (2ms)
Launching external process: /Applications/Unity/Hub/Editor/6000.3.12f1/Unity.app/Contents/Helpers/UnityShaderCompiler
Launched and connected shader compiler UnityShaderCompiler after 0.04 seconds
Refreshing native plugins compatible for Editor in 0.24 ms, found 1 plugins.
Preloading 0 native plugins for Editor in 0.00 ms.
Unloading 0 Unused Serialized files (Serialized files now loaded: 0)
Unloading 2276 unused Assets / (501.3 KB). Loaded Objects now: 2928.
Memory consumption went from 108.9 MB to 108.4 MB.
Total: 7.652334 ms (FindLiveObjects: 0.313167 ms CreateObjectMapping: 0.066625 ms MarkObjects: 6.813791 ms  DeleteObjects: 0.458417 ms)

========================================================================
Received Import Request.
  Time since last request: 280868.675613 seconds.
  path: Assets/Scripts/UI/Desktop/DesktopBarItem.cs
  artifactKey: Guid(8089b550228641e59069a6d88ec53c2e) Importer(2089858483,b0f066a214c2f5e87bad3c948f4d605d)
Start importing Assets/Scripts/UI/Desktop/DesktopBarItem.cs using Guid(8089b550228641e59069a6d88ec53c2e) Importer(2089858483,b0f066a214c2f5e87bad3c948f4d605d) (ScriptedImporter) -> (artifact id: '2e978e016bf895291672222992949dcd') in 0.051671875 seconds
Number of updated asset objects reloaded before import = 0Number of asset objects unloaded after import = 0

========================================================================
Received Import Request.
  Time since last request: 0.000039 seconds.
  path: Assets/Prefabs/UI/Desktop/Bar Button.prefab
  artifactKey: Guid(83710fca1d6cb454baaaa6d375f2cfaf) Importer(2089858483,b0f066a214c2f5e87bad3c948f4d605d)
Start importing Assets/Prefabs/UI/Desktop/Bar Button.prefab using Guid(83710fca1d6cb454baaaa6d375f2cfaf) Importer(2089858483,b0f066a214c2f5e87bad3c948f4d605d) (ScriptedImporter) -> (artifact id: '66b33e348d001dbdcd3990c777182722') in 0.089283042 seconds
Number of updated asset objects reloaded before import = 0Number of asset objects unloaded after import = 49

========================================================================
Received Import Request.
  Time since last request: 0.000042 seconds.
  path: Assets/Scripts/UI/ButtonExtensions.cs
  artifactKey: Guid(bdb6ac9a35d943209c77bff3b3551ff5) Importer(2089858483,b0f066a214c2f5e87bad3c948f4d605d)
Start importing Assets/Scripts/UI/ButtonExtensions.cs using Guid(bdb6ac9a35d943209c77bff3b3551ff5) Importer(2089858483,b0f066a214c2f5e87bad3c948f4d605d) (ScriptedImporter) -> (artifact id: '0c35834df2adb493b523e7767eb41161') in 0.001741542 seconds
Number of updated asset objects reloaded before import = 0Number of asset objects unloaded after import = 0

========================================================================
Received Import Request.
  Time since last request: 0.000091 seconds.
  path: Assets/Scenes/Main.unity
  artifactKey: Guid(9fc0d4010bbf28b4594072e72b8655ab) Importer(2089858483,b0f066a214c2f5e87bad3c948f4d605d)
Start importing Assets/Scenes/Main.unity using Guid(9fc0d4010bbf28b4594072e72b8655ab) Importer(2089858483,b0f066a214c2f5e87bad3c948f4d605d) (ScriptedImporter) -> (artifact id: '3972f5f8f1f1119a84cea779b26f1aae') in 0.004379833 seconds
Number of updated asset objects reloaded before import = 0Number of asset objects unloaded after import = 1

========================================================================
Received Prepare
Begin MonoManager ReloadAssembly
[Licensing::Client] Successfully resolved entitlement details
[Licensing::Module] License group:
  Id: F4-QKKD-GK3D-QK4Z-FWRN-XXXX
  Product: Unity Personal
  Type: ULF
  Expiration: Unlimited
[Licensing::Module] License group:
  Id: 5773889045670-UnityPersXXXX
  Product: Unity Personal
  Type: Assigned
  Expiration: Unlimited
Thread 0x17441f000 may have been prematurely finalized
Symbol file LoadedFromMemory is not a mono symbol file
- Loaded All Assemblies, in  0.332 seconds
Refreshing native plugins compatible for Editor in 0.15 ms, found 1 plugins.
Native extension for WindowsStandalone target not found
Native extension for OSXStandalone target not found
Native extension for WebGL target not found
[Package Manager] Failed to launch server process. Reason: Unity was launched with the -noUpm command-line argument
[Package Manager] Unable to send message (not connected to server process).
[Package Manager] Cannot connect to Unity Package Manager local server
[Package Manager] Failed to launch server process. Reason: Unity was launched with the -noUpm command-line argument
[Package Manager] Unable to send message (not connected to server process).
[Package Manager] Cannot connect to Unity Package Manager local server
ScheduleIndexationOnStartup MainProcess:False IndexOnStartup:True
Mono: successfully reloaded assembly
- Finished resetting the current domain, in  0.388 seconds
Domain Reload Profiling: 724ms
	BeginReloadAssembly (110ms)
		ExecutionOrderSort (0ms)
		DisableScriptedObjects (3ms)
		BackupInstance (0ms)
		ReleaseScriptingObjects (0ms)
		CreateAndSetChildDomain (29ms)
	RebuildCommonClasses (24ms)
	RebuildNativeTypeToScriptingClass (8ms)
	initialDomainReloadingComplete (12ms)
	LoadAllAssembliesAndSetupDomain (180ms)
		LoadAssemblies (152ms)
		RebuildTransferFunctionScriptingTraits (0ms)
		AnalyzeDomain (63ms)
			TypeCache.Refresh (6ms)
				TypeCache.ScanAssembly (0ms)
			BuildScriptInfoCaches (53ms)
			ResolveRequiredComponents (2ms)
	FinalizeReload (389ms)
		ReleaseScriptCaches (0ms)
		RebuildScriptCaches (0ms)
		SetupLoadedEditorAssemblies (313ms)
			LogAssemblyErrors (0ms)
			InitializePlatformSupportModulesInManaged (2ms)
			SetLoadedEditorAssemblies (2ms)
			BeforeProcessingInitializeOnLoad (67ms)
			ProcessInitializeOnLoadAttributes (213ms)
			ProcessInitializeOnLoadMethodAttributes (28ms)
			AfterProcessingInitializeOnLoad (1ms)
			EditorAssembliesLoaded (0ms)
		ExecutionOrderSort2 (0ms)
		AwakeInstancesAfterBackupRestoration (2ms)
Refreshing native plugins compatible for Editor in 0.21 ms, found 1 plugins.
Preloading 0 native plugins for Editor in 0.00 ms.
Unloading 0 Unused Serialized files (Serialized files now loaded: 0)
Unloading 2276 unused Assets / (172.6 KB). Loaded Objects now: 2932.
Memory consumption went from 120.5 MB to 120.3 MB.
Total: 4.889583 ms (FindLiveObjects: 0.142292 ms CreateObjectMapping: 0.089625 ms MarkObjects: 4.305000 ms  DeleteObjects: 0.352042 ms)

Prepare: number of updated asset objects reloaded= 0
========================================================================
Received Prepare
Refreshing native plugins compatible for Editor in 0.21 ms, found 1 plugins.
Preloading 0 native plugins for Editor in 0.00 ms.
Unloading 0 Unused Serialized files (Serialized files now loaded: 0)
Unloading 2270 unused Assets / (65.0 KB). Loaded Objects now: 2932.
Memory consumption went from 109.8 MB to 109.7 MB.
Total: 7.803959 ms (FindLiveObjects: 0.222167 ms CreateObjectMapping: 0.059458 ms MarkObjects: 7.282583 ms  DeleteObjects: 0.239250 ms)

Prepare: number of updated asset objects reloaded= 0
========================================================================
Received Prepare
Begin MonoManager ReloadAssembly
Thread 0x17441f000 may have been prematurely finalized
Symbol file LoadedFromMemory is not a mono symbol file
- Loaded All Assemblies, in  0.430 seconds
Refreshing native plugins compatible for Editor in 0.12 ms, found 1 plugins.
Native extension for WindowsStandalone target not found
Native extension for OSXStandalone target not found
Native extension for WebGL target not found
[Package Manager] Failed to launch server process. Reason: Unity was launched with the -noUpm command-line argument
[Package Manager] Unable to send message (not connected to server process).
[Package Manager] Cannot connect to Unity Package Manager local server
[Package Manager] Failed to launch server process. Reason: Unity was launched with the -noUpm command-line argument
[Package Manager] Unable to send message (not connected to server process).
[Package Manager] Cannot connect to Unity Package Manager local server
ScheduleIndexationOnStartup MainProcess:False IndexOnStartup:True
Mono: successfully reloaded assembly
- Finished resetting the current domain, in  0.395 seconds
Domain Reload Profiling: 828ms
	BeginReloadAssembly (175ms)
		ExecutionOrderSort (0ms)
		DisableScriptedObjects (16ms)
		BackupInstance (0ms)
		ReleaseScriptingObjects (0ms)
		CreateAndSetChildDomain (50ms)
	RebuildCommonClasses (28ms)
	RebuildNativeTypeToScriptingClass (9ms)
	initialDomainReloadingComplete (16ms)
	LoadAllAssembliesAndSetupDomain (204ms)
		LoadAssemblies (184ms)
		RebuildTransferFunctionScriptingTraits (0ms)
		AnalyzeDomain (70ms)
			TypeCache.Refresh (10ms)
				TypeCache.ScanAssembly (1ms)
			BuildScriptInfoCaches (56ms)
			ResolveRequiredComponents (2ms)
	FinalizeReload (396ms)
		ReleaseScriptCaches (0ms)
		RebuildScriptCaches (0ms)
		SetupLoadedEditorAssemblies (324ms)
			LogAssemblyErrors (0ms)
			InitializePlatformSupportModulesInManaged (3ms)
			SetLoadedEditorAssemblies (2ms)
			BeforeProcessingInitializeOnLoad (76ms)
			ProcessInitializeOnLoadAttributes (217ms)
			ProcessInitializeOnLoadMethodAttributes (26ms)
			AfterProcessingInitializeOnLoad (1ms)
			EditorAssembliesLoaded (0ms)
		ExecutionOrderSort2 (0ms)
		AwakeInstancesAfterBackupRestoration (2ms)
Refreshing native plugins compatible for Editor in 0.16 ms, found 1 plugins.
Preloading 0 native plugins for Editor in 0.00 ms.
Unloading 0 Unused Serialized files (Serialized files now loaded: 0)
Unloading 2274 unused Assets / (255.0 KB). Loaded Objects now: 2933.
Memory consumption went from 118.9 MB to 118.7 MB.
Total: 5.192750 ms (FindLiveObjects: 0.144333 ms CreateObjectMapping: 0.042750 ms MarkObjects: 4.342459 ms  DeleteObjects: 0.662125 ms)

Prepare: number of updated asset objects reloaded= 0
========================================================================
Received Prepare
Begin MonoManager ReloadAssembly
[Licensing::Client] Successfully resolved entitlement details
[Licensing::Module] License group:
  Id: F4-QKKD-GK3D-QK4Z-FWRN-XXXX
  Product: Unity Personal
  Type: ULF
  Expiration: Unlimited
[Licensing::Module] License group:
  Id: 5773889045670-UnityPersXXXX
  Product: Unity Personal
  Type: Assigned
  Expiration: Unlimited
Thread 0x16d47b000 may have been prematurely finalized
Symbol file LoadedFromMemory is not a mono symbol file
- Loaded All Assemblies, in  0.281 seconds
Refreshing native plugins compatible for Editor in 0.11 ms, found 1 plugins.
Native extension for WindowsStandalone target not found
Native extension for OSXStandalone target not found
Native extension for WebGL target not found
[Package Manager] Failed to launch server process. Reason: Unity was launched with the -noUpm command-line argument
[Package Manager] Unable to send message (not connected to server process).
[Package Manager] Cannot connect to Unity Package Manager local server
[Package Manager] Failed to launch server process. Reason: Unity was launched with the -noUpm command-line argument
[Package Manager] Unable to send message (not connected to server process).
[Package Manager] Cannot connect to Unity Package Manager local server
ScheduleIndexationOnStartup MainProcess:False IndexOnStartup:True
Mono: successfully reloaded assembly
- Finished resetting the current domain, in  0.426 seconds
Domain Reload Profiling: 708ms
	BeginReloadAssembly (94ms)
		ExecutionOrderSort (0ms)
		DisableScriptedObjects (3ms)
		BackupInstance (0ms)
		ReleaseScriptingObjects (0ms)
		CreateAndSetChildDomain (27ms)
	RebuildCommonClasses (24ms)
	RebuildNativeTypeToScriptingClass (8ms)
	initialDomainReloadingComplete (12ms)
	LoadAllAssembliesAndSetupDomain (143ms)
		LoadAssemblies (113ms)
		RebuildTransferFunctionScriptingTraits (0ms)
		AnalyzeDomain (64ms)
			TypeCache.Refresh (4ms)
				TypeCache.ScanAssembly (0ms)
			BuildScriptInfoCaches (55ms)
			ResolveRequiredComponents (2ms)
	FinalizeReload (426ms)
		ReleaseScriptCaches (0ms)
		RebuildScriptCaches (0ms)
		SetupLoadedEditorAssemblies (344ms)
			LogAssemblyErrors (0ms)
			InitializePlatformSupportModulesInManaged (2ms)
			SetLoadedEditorAssemblies (2ms)
			BeforeProcessingInitializeOnLoad (75ms)
			ProcessInitializeOnLoadAttributes (238ms)
			ProcessInitializeOnLoadMethodAttributes (27ms)
			AfterProcessingInitializeOnLoad (1ms)
			EditorAssembliesLoaded (0ms)
		ExecutionOrderSort2 (0ms)
		AwakeInstancesAfterBackupRestoration (1ms)
Refreshing native plugins compatible for Editor in 0.21 ms, found 1 plugins.
Preloading 0 native plugins for Editor in 0.00 ms.
Unloading 0 Unused Serialized files (Serialized files now loaded: 0)
Unloading 2274 unused Assets / (64.9 KB). Loaded Objects now: 2934.
Memory consumption went from 118.9 MB to 118.9 MB.
Total: 4.995000 ms (FindLiveObjects: 0.167625 ms CreateObjectMapping: 0.050083 ms MarkObjects: 4.489417 ms  DeleteObjects: 0.286792 ms)

Prepare: number of updated asset objects reloaded= 0
========================================================================
Received Prepare
Refreshing native plugins compatible for Editor in 0.21 ms, found 1 plugins.
Preloading 0 native plugins for Editor in 0.00 ms.
Unloading 0 Unused Serialized files (Serialized files now loaded: 0)
Unloading 2270 unused Assets / (220.7 KB). Loaded Objects now: 2934.
Memory consumption went from 109.8 MB to 109.6 MB.
Total: 25.004625 ms (FindLiveObjects: 0.394834 ms CreateObjectMapping: 0.048333 ms MarkObjects: 24.198417 ms  DeleteObjects: 0.362791 ms)

Prepare: number of updated asset objects reloaded= 0
========================================================================
Received Prepare
Begin MonoManager ReloadAssembly
[Licensing::Client] Successfully resolved entitlement details
[Licensing::Module] License group:
  Id: F4-QKKD-GK3D-QK4Z-FWRN-XXXX
  Product: Unity Personal
  Type: ULF
  Expiration: Unlimited
[Licensing::Module] License group:
  Id: 5773889045670-UnityPersXXXX
  Product: Unity Personal
  Type: Assigned
  Expiration: Unlimited
Thread 0x16d47b000 may have been prematurely finalized
Symbol file LoadedFromMemory is not a mono symbol file
- Loaded All Assemblies, in  0.436 seconds
Refreshing native plugins compatible for Editor in 0.14 ms, found 1 plugins.
Native extension for WindowsStandalone target not found
Native extension for OSXStandalone target not found
Native extension for WebGL target not found
[Package Manager] Failed to launch server process. Reason: Unity was launched with the -noUpm command-line argument
[Package Manager] Unable to send message (not connected to server process).
[Package Manager] Cannot connect to Unity Package Manager local server
[Package Manager] Failed to launch server process. Reason: Unity was launched with the -noUpm command-line argument
[Package Manager] Unable to send message (not connected to server process).
[Package Manager] Cannot connect to Unity Package Manager local server
ScheduleIndexationOnStartup MainProcess:False IndexOnStartup:True
Mono: successfully reloaded assembly
- Finished resetting the current domain, in  0.359 seconds
Domain Reload Profiling: 797ms
	BeginReloadAssembly (152ms)
		ExecutionOrderSort (0ms)
		DisableScriptedObjects (5ms)
		BackupInstance (0ms)
		ReleaseScriptingObjects (0ms)
		CreateAndSetChildDomain (51ms)
	RebuildCommonClasses (36ms)
	RebuildNativeTypeToScriptingClass (12ms)
	initialDomainReloadingComplete (19ms)
	LoadAllAssembliesAndSetupDomain (218ms)
		LoadAssemblies (201ms)
		RebuildTransferFunctionScriptingTraits (0ms)
		AnalyzeDomain (77ms)
			TypeCache.Refresh (11ms)
				TypeCache.ScanAssembly (1ms)
			BuildScriptInfoCaches (63ms)
			ResolveRequiredComponents (2ms)
	FinalizeReload (360ms)
		ReleaseScriptCaches (0ms)
		RebuildScriptCaches (0ms)
		SetupLoadedEditorAssemblies (288ms)
			LogAssemblyErrors (0ms)
			InitializePlatformSupportModulesInManaged (2ms)
			SetLoadedEditorAssemblies (2ms)
			BeforeProcessingInitializeOnLoad (64ms)
			ProcessInitializeOnLoadAttributes (196ms)
			ProcessInitializeOnLoadMethodAttributes (23ms)
			AfterProcessingInitializeOnLoad (1ms)
			EditorAssembliesLoaded (0ms)
		ExecutionOrderSort2 (0ms)
		AwakeInstancesAfterBackupRestoration (2ms)
Refreshing native plugins compatible for Editor in 0.18 ms, found 1 plugins.
Preloading 0 native plugins for Editor in 0.00 ms.
Unloading 0 Unused Serialized files (Serialized files now loaded: 0)
Unloading 2274 unused Assets / (277.9 KB). Loaded Objects now: 2935.
Memory consumption went from 118.9 MB to 118.7 MB.
Total: 4.527375 ms (FindLiveObjects: 0.120666 ms CreateObjectMapping: 0.042042 ms MarkObjects: 4.009417 ms  DeleteObjects: 0.354958 ms)

Prepare: number of updated asset objects reloaded= 0
========================================================================
Received Import Request.
  Time since last request: 380.807510 seconds.
  path: Assets/Prefabs/UI/Desktop/Bar Button.prefab
  artifactKey: Guid(83710fca1d6cb454baaaa6d375f2cfaf) Importer(815301076,1909f56bfc062723c751e8b465ee728b)
Start importing Assets/Prefabs/UI/Desktop/Bar Button.prefab using Guid(83710fca1d6cb454baaaa6d375f2cfaf) Importer(815301076,1909f56bfc062723c751e8b465ee728b) (PreviewImporter) -> (artifact id: '79a69ecfef99b9a05b028f897d7d7c9c') in 0.081390834 seconds
Number of updated asset objects reloaded before import = 0Number of asset objects unloaded after import = 49

========================================================================
Received Import Request.
  Time since last request: 8.585906 seconds.
  path: Assets/Prefabs/UI/Desktop/Bar Button.prefab
  artifactKey: Guid(83710fca1d6cb454baaaa6d375f2cfaf) Importer(815301076,1909f56bfc062723c751e8b465ee728b)
Start importing Assets/Prefabs/UI/Desktop/Bar Button.prefab using Guid(83710fca1d6cb454baaaa6d375f2cfaf) Importer(815301076,1909f56bfc062723c751e8b465ee728b) (PreviewImporter) -> (artifact id: 'd1e6383c01467e27d22fba7b2e9aead5') in 0.024146917 seconds
Number of updated asset objects reloaded before import = 0Number of asset objects unloaded after import = 49

========================================================================
Received Import Request.
  Time since last request: 2.569959 seconds.
  path: Assets/Prefabs/UI/Desktop/Bar Button.prefab
  artifactKey: Guid(83710fca1d6cb454baaaa6d375f2cfaf) Importer(815301076,1909f56bfc062723c751e8b465ee728b)
Start importing Assets/Prefabs/UI/Desktop/Bar Button.prefab using Guid(83710fca1d6cb454baaaa6d375f2cfaf) Importer(815301076,1909f56bfc062723c751e8b465ee728b) (PreviewImporter) -> (artifact id: '5fbdafa85506bfc45116a81999adcf89') in 0.020256541 seconds
Number of updated asset objects reloaded before import = 0Number of asset objects unloaded after import = 49

========================================================================
Received Import Request.
  Time since last request: 18.851263 seconds.
  path: Assets/Prefabs/UI/Desktop/Bar Button.prefab
  artifactKey: Guid(83710fca1d6cb454baaaa6d375f2cfaf) Importer(815301076,1909f56bfc062723c751e8b465ee728b)
Start importing Assets/Prefabs/UI/Desktop/Bar Button.prefab using Guid(83710fca1d6cb454baaaa6d375f2cfaf) Importer(815301076,1909f56bfc062723c751e8b465ee728b) (PreviewImporter) -> (artifact id: '0bc1511eef91b67c10b99a176e07d48c') in 0.023250708 seconds
Number of updated asset objects reloaded before import = 0Number of asset objects unloaded after import = 49

========================================================================
Received Import Request.
  Time since last request: 14.971926 seconds.
  path: Assets/Prefabs/UI/Desktop/Bar Button.prefab
  artifactKey: Guid(83710fca1d6cb454baaaa6d375f2cfaf) Importer(815301076,1909f56bfc062723c751e8b465ee728b)
Start importing Assets/Prefabs/UI/Desktop/Bar Button.prefab using Guid(83710fca1d6cb454baaaa6d375f2cfaf) Importer(815301076,1909f56bfc062723c751e8b465ee728b) (PreviewImporter) -> (artifact id: '9f6476944e7ebd38c757c2e99d06d215') in 0.024863333 seconds
Number of updated asset objects reloaded before import = 0Number of asset objects unloaded after import = 49

========================================================================
Received Prepare
Begin MonoManager ReloadAssembly
[Licensing::Client] Successfully resolved entitlement details
[Licensing::Module] License group:
  Id: F4-QKKD-GK3D-QK4Z-FWRN-XXXX
  Product: Unity Personal
  Type: ULF
  Expiration: Unlimited
[Licensing::Module] License group:
  Id: 5773889045670-UnityPersXXXX
  Product: Unity Personal
  Type: Assigned
  Expiration: Unlimited
Thread 0x16d47b000 may have been prematurely finalized
Symbol file LoadedFromMemory is not a mono symbol file
- Loaded All Assemblies, in  0.471 seconds
Refreshing native plugins compatible for Editor in 0.45 ms, found 1 plugins.
Native extension for WindowsStandalone target not found
Native extension for OSXStandalone target not found
Native extension for WebGL target not found
[Package Manager] Failed to launch server process. Reason: Unity was launched with the -noUpm command-line argument
[Package Manager] Unable to send message (not connected to server process).
[Package Manager] Cannot connect to Unity Package Manager local server
[Package Manager] Failed to launch server process. Reason: Unity was launched with the -noUpm command-line argument
[Package Manager] Unable to send message (not connected to server process).
[Package Manager] Cannot connect to Unity Package Manager local server
ScheduleIndexationOnStartup MainProcess:False IndexOnStartup:True
Mono: successfully reloaded assembly
- Finished resetting the current domain, in  0.462 seconds
Domain Reload Profiling: 936ms
	BeginReloadAssembly (163ms)
		ExecutionOrderSort (0ms)
		DisableScriptedObjects (13ms)
		BackupInstance (0ms)
		ReleaseScriptingObjects (0ms)
		CreateAndSetChildDomain (43ms)
	RebuildCommonClasses (25ms)
	RebuildNativeTypeToScriptingClass (8ms)
	initialDomainReloadingComplete (23ms)
	LoadAllAssembliesAndSetupDomain (254ms)
		LoadAssemblies (207ms)
		RebuildTransferFunctionScriptingTraits (0ms)
		AnalyzeDomain (101ms)
			TypeCache.Refresh (13ms)
				TypeCache.ScanAssembly (0ms)
			BuildScriptInfoCaches (84ms)
			ResolveRequiredComponents (2ms)
	FinalizeReload (463ms)
		ReleaseScriptCaches (0ms)
		RebuildScriptCaches (0ms)
		SetupLoadedEditorAssemblies (357ms)
			LogAssemblyErrors (0ms)
			InitializePlatformSupportModulesInManaged (3ms)
			SetLoadedEditorAssemblies (2ms)
			BeforeProcessingInitializeOnLoad (74ms)
			ProcessInitializeOnLoadAttributes (247ms)
			ProcessInitializeOnLoadMethodAttributes (30ms)
			AfterProcessingInitializeOnLoad (1ms)
			EditorAssembliesLoaded (0ms)
		ExecutionOrderSort2 (0ms)
		AwakeInstancesAfterBackupRestoration (2ms)
Refreshing native plugins compatible for Editor in 0.29 ms, found 1 plugins.
Preloading 0 native plugins for Editor in 0.00 ms.
Unloading 0 Unused Serialized files (Serialized files now loaded: 0)
Unloading 2276 unused Assets / (283.7 KB). Loaded Objects now: 2937.
Memory consumption went from 118.9 MB to 118.7 MB.
Total: 8.612208 ms (FindLiveObjects: 0.114625 ms CreateObjectMapping: 0.050958 ms MarkObjects: 7.008625 ms  DeleteObjects: 1.437541 ms)

Prepare: number of updated asset objects reloaded= 0
========================================================================
Received Prepare
Begin MonoManager ReloadAssembly
[Licensing::Client] Successfully resolved entitlement details
[Licensing::Module] License group:
  Id: F4-QKKD-GK3D-QK4Z-FWRN-XXXX
  Product: Unity Personal
  Type: ULF
  Expiration: Unlimited
[Licensing::Module] License group:
  Id: 5773889045670-UnityPersXXXX
  Product: Unity Personal
  Type: Assigned
  Expiration: Unlimited
Thread 0x16d507000 may have been prematurely finalized
Symbol file LoadedFromMemory is not a mono symbol file
- Loaded All Assemblies, in  0.464 seconds
Refreshing native plugins compatible for Editor in 0.14 ms, found 1 plugins.
Native extension for WindowsStandalone target not found
Native extension for OSXStandalone target not found
Native extension for WebGL target not found
[Package Manager] Failed to launch server process. Reason: Unity was launched with the -noUpm command-line argument
[Package Manager] Unable to send message (not connected to server process).
[Package Manager] Cannot connect to Unity Package Manager local server
[Package Manager] Failed to launch server process. Reason: Unity was launched with the -noUpm command-line argument
[Package Manager] Unable to send message (not connected to server process).
[Package Manager] Cannot connect to Unity Package Manager local server
ScheduleIndexationOnStartup MainProcess:False IndexOnStartup:True
Mono: successfully reloaded assembly
- Finished resetting the current domain, in  0.446 seconds
Domain Reload Profiling: 915ms
	BeginReloadAssembly (191ms)
		ExecutionOrderSort (0ms)
		DisableScriptedObjects (5ms)
		BackupInstance (0ms)
		ReleaseScriptingObjects (0ms)
		CreateAndSetChildDomain (51ms)
	RebuildCommonClasses (24ms)
	RebuildNativeTypeToScriptingClass (10ms)
	initialDomainReloadingComplete (20ms)
	LoadAllAssembliesAndSetupDomain (223ms)
		LoadAssemblies (224ms)
		RebuildTransferFunctionScriptingTraits (0ms)
		AnalyzeDomain (72ms)
			TypeCache.Refresh (7ms)
				TypeCache.ScanAssembly (0ms)
			BuildScriptInfoCaches (52ms)
			ResolveRequiredComponents (3ms)
	FinalizeReload (447ms)
		ReleaseScriptCaches (0ms)
		RebuildScriptCaches (0ms)
		SetupLoadedEditorAssemblies (365ms)
			LogAssemblyErrors (0ms)
			InitializePlatformSupportModulesInManaged (3ms)
			SetLoadedEditorAssemblies (3ms)
			BeforeProcessingInitializeOnLoad (73ms)
			ProcessInitializeOnLoadAttributes (262ms)
			ProcessInitializeOnLoadMethodAttributes (23ms)
			AfterProcessingInitializeOnLoad (1ms)
			EditorAssembliesLoaded (0ms)
		ExecutionOrderSort2 (0ms)
		AwakeInstancesAfterBackupRestoration (2ms)
Refreshing native plugins compatible for Editor in 0.29 ms, found 1 plugins.
Preloading 0 native plugins for Editor in 0.00 ms.
Unloading 0 Unused Serialized files (Serialized files now loaded: 0)
Unloading 2274 unused Assets / (367.1 KB). Loaded Objects now: 2938.
Memory consumption went from 118.9 MB to 118.6 MB.
Total: 8.343959 ms (FindLiveObjects: 0.529125 ms CreateObjectMapping: 0.318666 ms MarkObjects: 7.067667 ms  DeleteObjects: 0.428083 ms)

Prepare: number of updated asset objects reloaded= 0
========================================================================
Received Import Request.
  Time since last request: 657.266330 seconds.
  path: Assets/Materials/UI/Crosshair.mat
  artifactKey: Guid(7f67c8354818e4dccb3b15b3d8576400) Importer(815301076,1909f56bfc062723c751e8b465ee728b)
Start importing Assets/Materials/UI/Crosshair.mat using Guid(7f67c8354818e4dccb3b15b3d8576400) Importer(815301076,1909f56bfc062723c751e8b465ee728b) (PreviewImporter) -> (artifact id: '2ac2c546581f405440945558f656f23c') in 0.14361975 seconds
Number of updated asset objects reloaded before import = 0Number of asset objects unloaded after import = 1

========================================================================
Received Import Request.
  Time since last request: 4.665379 seconds.
  path: Assets/Scripts/UI/Desktop/DesktopBarItem.cs
  artifactKey: Guid(8089b550228641e59069a6d88ec53c2e) Importer(2089858483,b0f066a214c2f5e87bad3c948f4d605d)
Start importing Assets/Scripts/UI/Desktop/DesktopBarItem.cs using Guid(8089b550228641e59069a6d88ec53c2e) Importer(2089858483,b0f066a214c2f5e87bad3c948f4d605d) (ScriptedImporter) -> (artifact id: '6577270600d77341dcc4527e0a17f3f2') in 0.035605625 seconds
Number of updated asset objects reloaded before import = 0Number of asset objects unloaded after import = 0

========================================================================
Received Import Request.
  Time since last request: 0.000215 seconds.
  path: Assets/Prefabs/UI/Desktop/Bar Button.prefab
  artifactKey: Guid(83710fca1d6cb454baaaa6d375f2cfaf) Importer(2089858483,b0f066a214c2f5e87bad3c948f4d605d)
Start importing Assets/Prefabs/UI/Desktop/Bar Button.prefab using Guid(83710fca1d6cb454baaaa6d375f2cfaf) Importer(2089858483,b0f066a214c2f5e87bad3c948f4d605d) (ScriptedImporter) -> (artifact id: '4dc5a92f5505ff1827fa53bf43c42674') in 0.08156075 seconds
Number of updated asset objects reloaded before import = 0Number of asset objects unloaded after import = 49

========================================================================
Received Import Request.
  Time since last request: 0.000103 seconds.
  path: Assets/Scripts/SaveManager.cs
  artifactKey: Guid(64ce14b08c6149aeb5386c02bb4cc0db) Importer(2089858483,b0f066a214c2f5e87bad3c948f4d605d)
Start importing Assets/Scripts/SaveManager.cs using Guid(64ce14b08c6149aeb5386c02bb4cc0db) Importer(2089858483,b0f066a214c2f5e87bad3c948f4d605d) (ScriptedImporter) -> (artifact id: '314239d932b7a0216b3bae1aa98baf71') in 0.002943292 seconds
Number of updated asset objects reloaded before import = 0Number of asset objects unloaded after import = 0

========================================================================
Received Import Request.
  Time since last request: 2.977410 seconds.
  path: Assets/Materials/UI/Blur.mat
  artifactKey: Guid(02daeeec2314646068ade128508ae497) Importer(815301076,1909f56bfc062723c751e8b465ee728b)
Start importing Assets/Materials/UI/Blur.mat using Guid(02daeeec2314646068ade128508ae497) Importer(815301076,1909f56bfc062723c751e8b465ee728b) (PreviewImporter) -> (artifact id: 'fa8216891f58f09cdc7e9bd99fd6ff7d') in 0.061461416 seconds
Number of updated asset objects reloaded before import = 0Number of asset objects unloaded after import = 1

========================================================================
Received Import Request.
  Time since last request: 0.916792 seconds.
  path: Assets/Materials/UI/Blur.mat
  artifactKey: Guid(02daeeec2314646068ade128508ae497) Importer(2089858483,b0f066a214c2f5e87bad3c948f4d605d)
Start importing Assets/Materials/UI/Blur.mat using Guid(02daeeec2314646068ade128508ae497) Importer(2089858483,b0f066a214c2f5e87bad3c948f4d605d) (ScriptedImporter) -> (artifact id: '5ab9351c7fcb9a7e85c84a3b8e37dcfc') in 0.008562833 seconds
Number of updated asset objects reloaded before import = 0Number of asset objects unloaded after import = 1

========================================================================
Received Import Request.
  Time since last request: 50.646169 seconds.
  path: Assets/Materials/UI/Invert.shader
  artifactKey: Guid(37f647b115e16411eaf77c696edc6113) Importer(815301076,1909f56bfc062723c751e8b465ee728b)
Start importing Assets/Materials/UI/Invert.shader using Guid(37f647b115e16411eaf77c696edc6113) Importer(815301076,1909f56bfc062723c751e8b465ee728b) (PreviewImporter) -> (artifact id: 'e98afba8b009ea43c55f2f9782eacc34') in 0.001074208 seconds
Number of updated asset objects reloaded before import = 0Number of asset objects unloaded after import = 0

========================================================================
Received Import Request.
  Time since last request: 0.850991 seconds.
  path: Assets/Materials/UI/Blur.shader
  artifactKey: Guid(8843b813fedff4693b38e78843110d51) Importer(2089858483,b0f066a214c2f5e87bad3c948f4d605d)
Start importing Assets/Materials/UI/Blur.shader using Guid(8843b813fedff4693b38e78843110d51) Importer(2089858483,b0f066a214c2f5e87bad3c948f4d605d) (ScriptedImporter) -> (artifact id: '05432561c5c4a847db1c5955f28e4bed') in 0.007067 seconds
Number of updated asset objects reloaded before import = 0Number of asset objects unloaded after import = 1

========================================================================
Received Import Request.
  Time since last request: 0.248845 seconds.
  path: Assets/Materials/UI/Blur.shader
  artifactKey: Guid(8843b813fedff4693b38e78843110d51) Importer(815301076,1909f56bfc062723c751e8b465ee728b)
Start importing Assets/Materials/UI/Blur.shader using Guid(8843b813fedff4693b38e78843110d51) Importer(815301076,1909f56bfc062723c751e8b465ee728b) (PreviewImporter) -> (artifact id: '9556cedcd67a8069e4e0ff82cbf296b8') in 0.001055375 seconds
Number of updated asset objects reloaded before import = 0Number of asset objects unloaded after import = 1

========================================================================
Received Import Request.
  Time since last request: 24.412741 seconds.
  path: Assets/Materials/UI/Blur.shader
  artifactKey: Guid(8843b813fedff4693b38e78843110d51) Importer(815301076,1909f56bfc062723c751e8b465ee728b)
Start importing Assets/Materials/UI/Blur.shader using Guid(8843b813fedff4693b38e78843110d51) Importer(815301076,1909f56bfc062723c751e8b465ee728b) (PreviewImporter) -> (artifact id: '3d2512e73c79b6f09ec1dae93b92804d') in 0.001191959 seconds
Number of updated asset objects reloaded before import = 0Number of asset objects unloaded after import = 1

========================================================================
Received Import Request.
  Time since last request: 1.005539 seconds.
  path: Assets/Materials/UI/Blur.shader
  artifactKey: Guid(8843b813fedff4693b38e78843110d51) Importer(2089858483,b0f066a214c2f5e87bad3c948f4d605d)
Start importing Assets/Materials/UI/Blur.shader using Guid(8843b813fedff4693b38e78843110d51) Importer(2089858483,b0f066a214c2f5e87bad3c948f4d605d) (ScriptedImporter) -> (artifact id: '53675cb538c2bdf5cac9c622a80c3551') in 0.007457542 seconds
Number of updated asset objects reloaded before import = 0Number of asset objects unloaded after import = 1

========================================================================
Received Import Request.
  Time since last request: 20.354889 seconds.
  path: Assets/Materials/UI/Blur.shader
  artifactKey: Guid(8843b813fedff4693b38e78843110d51) Importer(815301076,1909f56bfc062723c751e8b465ee728b)
Start importing Assets/Materials/UI/Blur.shader using Guid(8843b813fedff4693b38e78843110d51) Importer(815301076,1909f56bfc062723c751e8b465ee728b) (PreviewImporter) -> (artifact id: '5c51b38fe5f929278ed5dff8b2890e44') in 0.001645125 seconds
Number of updated asset objects reloaded before import = 0Number of asset objects unloaded after import = 1

========================================================================
Received Import Request.
  Time since last request: 1.049285 seconds.
  path: Assets/Materials/UI/Blur.shader
  artifactKey: Guid(8843b813fedff4693b38e78843110d51) Importer(2089858483,b0f066a214c2f5e87bad3c948f4d605d)
Start importing Assets/Materials/UI/Blur.shader using Guid(8843b813fedff4693b38e78843110d51) Importer(2089858483,b0f066a214c2f5e87bad3c948f4d605d) (ScriptedImporter) -> (artifact id: 'da212fc0bcac8774e1cdd768a078f186') in 0.009405584 seconds
Number of updated asset objects reloaded before import = 0Number of asset objects unloaded after import = 1

========================================================================
Received Import Request.
  Time since last request: 1557.915195 seconds.
  path: Assets/Materials/UI/Blur.mat
  artifactKey: Guid(02daeeec2314646068ade128508ae497) Importer(815301076,1909f56bfc062723c751e8b465ee728b)
Start importing Assets/Materials/UI/Blur.mat using Guid(02daeeec2314646068ade128508ae497) Importer(815301076,1909f56bfc062723c751e8b465ee728b) (PreviewImporter) -> (artifact id: '652fcaec6886074a4322f1e8685ec1b8') in 0.123393667 seconds
Number of updated asset objects reloaded before import = 0Number of asset objects unloaded after import = 2

========================================================================
Received Import Request.
  Time since last request: 0.834096 seconds.
  path: Assets/Materials/UI/Blur.mat
  artifactKey: Guid(02daeeec2314646068ade128508ae497) Importer(2089858483,b0f066a214c2f5e87bad3c948f4d605d)
Start importing Assets/Materials/UI/Blur.mat using Guid(02daeeec2314646068ade128508ae497) Importer(2089858483,b0f066a214c2f5e87bad3c948f4d605d) (ScriptedImporter) -> (artifact id: '7273242d8ccebd59a6f15ae14beef709') in 0.006033417 seconds
Number of updated asset objects reloaded before import = 0Number of asset objects unloaded after import = 2

========================================================================
Received Prepare
Refreshing native plugins compatible for Editor in 0.14 ms, found 1 plugins.
Preloading 0 native plugins for Editor in 0.00 ms.
Unloading 1 Unused Serialized files (Serialized files now loaded: 0)
Unloading 2272 unused Assets / (167.9 KB). Loaded Objects now: 2980.
Memory consumption went from 111.7 MB to 111.5 MB.
Total: 36.223708 ms (FindLiveObjects: 0.199042 ms CreateObjectMapping: 0.043083 ms MarkObjects: 35.247917 ms  DeleteObjects: 0.733250 ms)

Prepare: number of updated asset objects reloaded= 0
========================================================================
Received Import Request.
  Time since last request: 366.241609 seconds.
  path: Assets/Scripts/GameManager.cs
  artifactKey: Guid(17a436dd39b7405c8eb5507c702801ec) Importer(2089858483,b0f066a214c2f5e87bad3c948f4d605d)
Start importing Assets/Scripts/GameManager.cs using Guid(17a436dd39b7405c8eb5507c702801ec) Importer(2089858483,b0f066a214c2f5e87bad3c948f4d605d) (ScriptedImporter) -> (artifact id: '0402c4d09a774b95ec530cf2ca0d0358') in 0.004072375 seconds
Number of updated asset objects reloaded before import = 0Number of asset objects unloaded after import = 0

========================================================================
Received Prepare
Begin MonoManager ReloadAssembly
[Licensing::Client] Successfully resolved entitlement details
[Licensing::Module] License group:
  Id: F4-QKKD-GK3D-QK4Z-FWRN-XXXX
  Product: Unity Personal
  Type: ULF
  Expiration: Unlimited
[Licensing::Module] License group:
  Id: 5773889045670-UnityPersXXXX
  Product: Unity Personal
  Type: Assigned
  Expiration: Unlimited
Thread 0x16d507000 may have been prematurely finalized
Symbol file LoadedFromMemory is not a mono symbol file
- Loaded All Assemblies, in  0.459 seconds
Refreshing native plugins compatible for Editor in 0.13 ms, found 1 plugins.
Native extension for WindowsStandalone target not found
Native extension for OSXStandalone target not found
Native extension for WebGL target not found
[Package Manager] Failed to launch server process. Reason: Unity was launched with the -noUpm command-line argument
[Package Manager] Unable to send message (not connected to server process).
[Package Manager] Cannot connect to Unity Package Manager local server
[Package Manager] Failed to launch server process. Reason: Unity was launched with the -noUpm command-line argument
[Package Manager] Unable to send message (not connected to server process).
[Package Manager] Cannot connect to Unity Package Manager local server
ScheduleIndexationOnStartup MainProcess:False IndexOnStartup:True
Mono: successfully reloaded assembly
- Finished resetting the current domain, in  0.397 seconds
Domain Reload Profiling: 859ms
	BeginReloadAssembly (229ms)
		ExecutionOrderSort (0ms)
		DisableScriptedObjects (9ms)
		BackupInstance (0ms)
		ReleaseScriptingObjects (0ms)
		CreateAndSetChildDomain (95ms)
	RebuildCommonClasses (25ms)
	RebuildNativeTypeToScriptingClass (9ms)
	initialDomainReloadingComplete (17ms)
	LoadAllAssembliesAndSetupDomain (181ms)
		LoadAssemblies (189ms)
		RebuildTransferFunctionScriptingTraits (0ms)
		AnalyzeDomain (68ms)
			TypeCache.Refresh (11ms)
				TypeCache.ScanAssembly (1ms)
			BuildScriptInfoCaches (51ms)
			ResolveRequiredComponents (3ms)
	FinalizeReload (397ms)
		ReleaseScriptCaches (0ms)
		RebuildScriptCaches (0ms)
		SetupLoadedEditorAssemblies (320ms)
			LogAssemblyErrors (0ms)
			InitializePlatformSupportModulesInManaged (3ms)
			SetLoadedEditorAssemblies (2ms)
			BeforeProcessingInitializeOnLoad (83ms)
			ProcessInitializeOnLoadAttributes (208ms)
			ProcessInitializeOnLoadMethodAttributes (23ms)
			AfterProcessingInitializeOnLoad (1ms)
			EditorAssembliesLoaded (0ms)
		ExecutionOrderSort2 (0ms)
		AwakeInstancesAfterBackupRestoration (1ms)
Refreshing native plugins compatible for Editor in 0.14 ms, found 1 plugins.
Preloading 0 native plugins for Editor in 0.00 ms.
Unloading 0 Unused Serialized files (Serialized files now loaded: 0)
Unloading 2274 unused Assets / (186.6 KB). Loaded Objects now: 2980.
Memory consumption went from 119.5 MB to 119.3 MB.
Total: 4.809250 ms (FindLiveObjects: 0.167042 ms CreateObjectMapping: 0.043791 ms MarkObjects: 4.260417 ms  DeleteObjects: 0.337500 ms)

Prepare: number of updated asset objects reloaded= 0
========================================================================
Received Import Request.
  Time since last request: 933.294212 seconds.
  path: Assets/Materials/UI/Blur.mat
  artifactKey: Guid(02daeeec2314646068ade128508ae497) Importer(815301076,1909f56bfc062723c751e8b465ee728b)
Start importing Assets/Materials/UI/Blur.mat using Guid(02daeeec2314646068ade128508ae497) Importer(815301076,1909f56bfc062723c751e8b465ee728b) (PreviewImporter) -> (artifact id: '6020dae50042c8fb07194ba50e65e3f5') in 0.123266625 seconds
Number of updated asset objects reloaded before import = 1Number of asset objects unloaded after import = 1

========================================================================
Received Import Request.
  Time since last request: 1.484645 seconds.
  path: Assets/Materials/UI/Blur.shader
  artifactKey: Guid(8843b813fedff4693b38e78843110d51) Importer(815301076,1909f56bfc062723c751e8b465ee728b)
Start importing Assets/Materials/UI/Blur.shader using Guid(8843b813fedff4693b38e78843110d51) Importer(815301076,1909f56bfc062723c751e8b465ee728b) (PreviewImporter) -> (artifact id: 'cdc9cdb8ada1ce4168087f10e3c655a6') in 0.000796667 seconds
Number of updated asset objects reloaded before import = 0Number of asset objects unloaded after import = 0

========================================================================
Received Import Request.
  Time since last request: 509.732386 seconds.
  path: Assets/Materials/UI/Blur.shader
  artifactKey: Guid(8843b813fedff4693b38e78843110d51) Importer(2089858483,b0f066a214c2f5e87bad3c948f4d605d)
Start importing Assets/Materials/UI/Blur.shader using Guid(8843b813fedff4693b38e78843110d51) Importer(2089858483,b0f066a214c2f5e87bad3c948f4d605d) (ScriptedImporter) -> (artifact id: '9898cf67261d2fd3eec3befda908bf0f') in 0.045510041 seconds
Number of updated asset objects reloaded before import = 0Number of asset objects unloaded after import = 1

========================================================================
Received Import Request.
  Time since last request: 1.283635 seconds.
  path: Assets/Prefabs/UI/Menus
  artifactKey: Guid(a2cdfb0aaebea44f9957b76316768618) Importer(815301076,1909f56bfc062723c751e8b465ee728b)
Start importing Assets/Prefabs/UI/Menus using Guid(a2cdfb0aaebea44f9957b76316768618) Importer(815301076,1909f56bfc062723c751e8b465ee728b) (PreviewImporter) -> (artifact id: '272e8247cab55a9effc189cd064d8f6e') in 0.001122792 seconds
Number of updated asset objects reloaded before import = 0Number of asset objects unloaded after import = 0

========================================================================
Received Import Request.
  Time since last request: 0.976143 seconds.
  path: Assets/Prefabs/UI/Menus
  artifactKey: Guid(a2cdfb0aaebea44f9957b76316768618) Importer(2089858483,b0f066a214c2f5e87bad3c948f4d605d)
Start importing Assets/Prefabs/UI/Menus using Guid(a2cdfb0aaebea44f9957b76316768618) Importer(2089858483,b0f066a214c2f5e87bad3c948f4d605d) (ScriptedImporter) -> (artifact id: '9394ee2fd55bb594da82045491871048') in 0.002751208 seconds
Number of updated asset objects reloaded before import = 0Number of asset objects unloaded after import = 1

========================================================================
Received Import Request.
  Time since last request: 4.991666 seconds.
  path: Assets/Prefabs/UI/Menus/Menu Row.prefab
  artifactKey: Guid(bf7b4fdc1e2d64cbb8453656d2bdb8f8) Importer(815301076,1909f56bfc062723c751e8b465ee728b)
Start importing Assets/Prefabs/UI/Menus/Menu Row.prefab using Guid(bf7b4fdc1e2d64cbb8453656d2bdb8f8) Importer(815301076,1909f56bfc062723c751e8b465ee728b) (PreviewImporter) -> (artifact id: '247fea91488fe993cd84f211b1fb7a33') in 0.025654208 seconds
Number of updated asset objects reloaded before import = 0Number of asset objects unloaded after import = 22

========================================================================
Received Import Request.
  Time since last request: 0.960591 seconds.
  path: Assets/Prefabs/UI/Menus/Menu Row.prefab
  artifactKey: Guid(bf7b4fdc1e2d64cbb8453656d2bdb8f8) Importer(2089858483,b0f066a214c2f5e87bad3c948f4d605d)
Start importing Assets/Prefabs/UI/Menus/Menu Row.prefab using Guid(bf7b4fdc1e2d64cbb8453656d2bdb8f8) Importer(2089858483,b0f066a214c2f5e87bad3c948f4d605d) (ScriptedImporter) -> (artifact id: 'fbf9c644d555cc0792f5e3a0932a9d77') in 0.038119416 seconds
Number of updated asset objects reloaded before import = 0Number of asset objects unloaded after import = 22

========================================================================
Received Import Request.
  Time since last request: 14.890713 seconds.
  path: Assets/Prefabs/UI/Menus/Menu Row.prefab
  artifactKey: Guid(bf7b4fdc1e2d64cbb8453656d2bdb8f8) Importer(815301076,1909f56bfc062723c751e8b465ee728b)
Start importing Assets/Prefabs/UI/Menus/Menu Row.prefab using Guid(bf7b4fdc1e2d64cbb8453656d2bdb8f8) Importer(815301076,1909f56bfc062723c751e8b465ee728b) (PreviewImporter) -> (artifact id: '6464257fe3c3bbea1beb4b12e41a5553') in 0.011360291 seconds
Number of updated asset objects reloaded before import = 0Number of asset objects unloaded after import = 22

========================================================================
Received Import Request.
  Time since last request: 0.978952 seconds.
  path: Assets/Prefabs/UI/Menus/Menu Row.prefab
  artifactKey: Guid(bf7b4fdc1e2d64cbb8453656d2bdb8f8) Importer(2089858483,b0f066a214c2f5e87bad3c948f4d605d)
Start importing Assets/Prefabs/UI/Menus/Menu Row.prefab using Guid(bf7b4fdc1e2d64cbb8453656d2bdb8f8) Importer(2089858483,b0f066a214c2f5e87bad3c948f4d605d) (ScriptedImporter) -> (artifact id: '3743acdbeebbecffc32a79ef20b77369') in 0.011738625 seconds
Number of updated asset objects reloaded before import = 0Number of asset objects unloaded after import = 22

========================================================================
Received Import Request.
  Time since last request: 6.235411 seconds.
  path: Assets/Scenes/Main.unity
  artifactKey: Guid(9fc0d4010bbf28b4594072e72b8655ab) Importer(2089858483,b0f066a214c2f5e87bad3c948f4d605d)
Start importing Assets/Scenes/Main.unity using Guid(9fc0d4010bbf28b4594072e72b8655ab) Importer(2089858483,b0f066a214c2f5e87bad3c948f4d605d) (ScriptedImporter) -> (artifact id: '69a88001cb6f12a8d04278cc5d1a88ff') in 0.007042417 seconds
Number of updated asset objects reloaded before import = 0Number of asset objects unloaded after import = 1

========================================================================
Received Import Request.
  Time since last request: 20.489587 seconds.
  path: Assets/Prefabs/UI/Menus/Menu Row.prefab
  artifactKey: Guid(bf7b4fdc1e2d64cbb8453656d2bdb8f8) Importer(815301076,1909f56bfc062723c751e8b465ee728b)
Start importing Assets/Prefabs/UI/Menus/Menu Row.prefab using Guid(bf7b4fdc1e2d64cbb8453656d2bdb8f8) Importer(815301076,1909f56bfc062723c751e8b465ee728b) (PreviewImporter) -> (artifact id: '244e3533a38aa88c4245b8aa6df93f8a') in 0.012145625 seconds
Number of updated asset objects reloaded before import = 0Number of asset objects unloaded after import = 22

========================================================================
Received Import Request.
  Time since last request: 0.979143 seconds.
  path: Assets/Prefabs/UI/Menus/Menu Row.prefab
  artifactKey: Guid(bf7b4fdc1e2d64cbb8453656d2bdb8f8) Importer(2089858483,b0f066a214c2f5e87bad3c948f4d605d)
Start importing Assets/Prefabs/UI/Menus/Menu Row.prefab using Guid(bf7b4fdc1e2d64cbb8453656d2bdb8f8) Importer(2089858483,b0f066a214c2f5e87bad3c948f4d605d) (ScriptedImporter) -> (artifact id: '9d12b34cc6ab8df4bc05715c6b402aa9') in 0.010967208 seconds
Number of updated asset objects reloaded before import = 0Number of asset objects unloaded after import = 22

========================================================================
Received Import Request.
  Time since last request: 28.416896 seconds.
  path: Assets/Prefabs/UI/Menus/Continue.prefab
  artifactKey: Guid(924b067c7afde42d7933f4c97062dd7b) Importer(815301076,1909f56bfc062723c751e8b465ee728b)
Start importing Assets/Prefabs/UI/Menus/Continue.prefab using Guid(924b067c7afde42d7933f4c97062dd7b) Importer(815301076,1909f56bfc062723c751e8b465ee728b) (PreviewImporter) -> (artifact id: '23b73bcc9a15c9676664ae6082381c85') in 0.01236975 seconds
Number of updated asset objects reloaded before import = 0Number of asset objects unloaded after import = 19

========================================================================
Received Import Request.
  Time since last request: 0.170807 seconds.
  path: Assets/Prefabs/UI/Menus/Menu Row.prefab
  artifactKey: Guid(bf7b4fdc1e2d64cbb8453656d2bdb8f8) Importer(815301076,1909f56bfc062723c751e8b465ee728b)
Start importing Assets/Prefabs/UI/Menus/Menu Row.prefab using Guid(bf7b4fdc1e2d64cbb8453656d2bdb8f8) Importer(815301076,1909f56bfc062723c751e8b465ee728b) (PreviewImporter) -> (artifact id: 'cae931174c76d20347b2289fbe51d175') in 0.010269333 seconds
Number of updated asset objects reloaded before import = 0Number of asset objects unloaded after import = 22

========================================================================
Received Import Request.
  Time since last request: 0.981627 seconds.
  path: Assets/Prefabs/UI/Menus/Continue.prefab
  artifactKey: Guid(924b067c7afde42d7933f4c97062dd7b) Importer(2089858483,b0f066a214c2f5e87bad3c948f4d605d)
Start importing Assets/Prefabs/UI/Menus/Continue.prefab using Guid(924b067c7afde42d7933f4c97062dd7b) Importer(2089858483,b0f066a214c2f5e87bad3c948f4d605d) (ScriptedImporter) -> (artifact id: 'cf6886ea03725265fe12aff6bfe33804') in 0.027111833 seconds
Number of updated asset objects reloaded before import = 0Number of asset objects unloaded after import = 19

========================================================================
Received Import Request.
  Time since last request: 13.477681 seconds.
  path: Assets/Prefabs/UI/Menus/Menu Row.prefab
  artifactKey: Guid(bf7b4fdc1e2d64cbb8453656d2bdb8f8) Importer(815301076,1909f56bfc062723c751e8b465ee728b)
Start importing Assets/Prefabs/UI/Menus/Menu Row.prefab using Guid(bf7b4fdc1e2d64cbb8453656d2bdb8f8) Importer(815301076,1909f56bfc062723c751e8b465ee728b) (PreviewImporter) -> (artifact id: 'cfbd2776d86a1b304ff59b76c17562b2') in 0.022271042 seconds
Number of updated asset objects reloaded before import = 0Number of asset objects unloaded after import = 22

========================================================================
Received Import Request.
  Time since last request: 0.966773 seconds.
  path: Assets/Prefabs/UI/Menus/Menu Row Item.prefab
  artifactKey: Guid(924b067c7afde42d7933f4c97062dd7b) Importer(2089858483,b0f066a214c2f5e87bad3c948f4d605d)
Start importing Assets/Prefabs/UI/Menus/Menu Row Item.prefab using Guid(924b067c7afde42d7933f4c97062dd7b) Importer(2089858483,b0f066a214c2f5e87bad3c948f4d605d) (ScriptedImporter) -> (artifact id: 'd96f9e36247a95ab4312e1401f969d37') in 0.015252833 seconds
Number of updated asset objects reloaded before import = 0Number of asset objects unloaded after import = 19

========================================================================
Received Import Request.
  Time since last request: 8.980281 seconds.
  path: Assets/Prefabs/UI/Menus/Menu Row.prefab
  artifactKey: Guid(bf7b4fdc1e2d64cbb8453656d2bdb8f8) Importer(815301076,1909f56bfc062723c751e8b465ee728b)
Start importing Assets/Prefabs/UI/Menus/Menu Row.prefab using Guid(bf7b4fdc1e2d64cbb8453656d2bdb8f8) Importer(815301076,1909f56bfc062723c751e8b465ee728b) (PreviewImporter) -> (artifact id: 'd88f521ab2119bd8474041054ed5d9a8') in 0.016408292 seconds
Number of updated asset objects reloaded before import = 0Number of asset objects unloaded after import = 22

========================================================================
Received Import Request.
  Time since last request: 0.969603 seconds.
  path: Assets/Prefabs/UI/Menus/Menu Row Item.prefab
  artifactKey: Guid(924b067c7afde42d7933f4c97062dd7b) Importer(2089858483,b0f066a214c2f5e87bad3c948f4d605d)
Start importing Assets/Prefabs/UI/Menus/Menu Row Item.prefab using Guid(924b067c7afde42d7933f4c97062dd7b) Importer(2089858483,b0f066a214c2f5e87bad3c948f4d605d) (ScriptedImporter) -> (artifact id: '19c4bdd29aead38bacc310b65953fd81') in 0.012593167 seconds
Number of updated asset objects reloaded before import = 0Number of asset objects unloaded after import = 19

========================================================================
Received Import Request.
  Time since last request: 4.691685 seconds.
  path: Assets/Prefabs/UI/Menus/Menu Row.prefab
  artifactKey: Guid(bf7b4fdc1e2d64cbb8453656d2bdb8f8) Importer(815301076,1909f56bfc062723c751e8b465ee728b)
Start importing Assets/Prefabs/UI/Menus/Menu Row.prefab using Guid(bf7b4fdc1e2d64cbb8453656d2bdb8f8) Importer(815301076,1909f56bfc062723c751e8b465ee728b) (PreviewImporter) -> (artifact id: '8a67bbaa4052ac3152a89adc59effe2d') in 0.009576542 seconds
Number of updated asset objects reloaded before import = 0Number of asset objects unloaded after import = 22

========================================================================
Received Import Request.
  Time since last request: 0.936055 seconds.
  path: Assets/Prefabs/UI/Menus/Menu Row Item.prefab
  artifactKey: Guid(924b067c7afde42d7933f4c97062dd7b) Importer(2089858483,b0f066a214c2f5e87bad3c948f4d605d)
Start importing Assets/Prefabs/UI/Menus/Menu Row Item.prefab using Guid(924b067c7afde42d7933f4c97062dd7b) Importer(2089858483,b0f066a214c2f5e87bad3c948f4d605d) (ScriptedImporter) -> (artifact id: 'c651fd0f6bc1ba9663f6264ebe4c7945') in 0.011667625 seconds
Number of updated asset objects reloaded before import = 0Number of asset objects unloaded after import = 19

========================================================================
Received Import Request.
  Time since last request: 193.312291 seconds.
  path: Assets/Materials/UI/Blur.shader
  artifactKey: Guid(8843b813fedff4693b38e78843110d51) Importer(2089858483,b0f066a214c2f5e87bad3c948f4d605d)
Start importing Assets/Materials/UI/Blur.shader using Guid(8843b813fedff4693b38e78843110d51) Importer(2089858483,b0f066a214c2f5e87bad3c948f4d605d) (ScriptedImporter) -> (artifact id: 'e0a761e06cbf6afbf71b501217743066') in 0.008559792 seconds
Number of updated asset objects reloaded before import = 1Number of asset objects unloaded after import = 1

========================================================================
Received Import Request.
  Time since last request: 120.743546 seconds.
  path: Assets/Materials/UI/Blur.shader
  artifactKey: Guid(8843b813fedff4693b38e78843110d51) Importer(2089858483,b0f066a214c2f5e87bad3c948f4d605d)
Start importing Assets/Materials/UI/Blur.shader using Guid(8843b813fedff4693b38e78843110d51) Importer(2089858483,b0f066a214c2f5e87bad3c948f4d605d) (ScriptedImporter) -> (artifact id: '1eb9d8664084d7933504c0be21ff4839') in 0.015426875 seconds
Number of updated asset objects reloaded before import = 1Number of asset objects unloaded after import = 1

========================================================================
Received Import Request.
  Time since last request: 83.017387 seconds.
  path: Assets/Materials/UI/Blur.shader
  artifactKey: Guid(8843b813fedff4693b38e78843110d51) Importer(2089858483,b0f066a214c2f5e87bad3c948f4d605d)
Start importing Assets/Materials/UI/Blur.shader using Guid(8843b813fedff4693b38e78843110d51) Importer(2089858483,b0f066a214c2f5e87bad3c948f4d605d) (ScriptedImporter) -> (artifact id: '57b0e44b901d0c68ae35800c6b7a2877') in 0.011645042 seconds
Number of updated asset objects reloaded before import = 1Number of asset objects unloaded after import = 1

========================================================================
Received Import Request.
  Time since last request: 21.646182 seconds.
  path: Assets/Materials/UI/Blur.shader
  artifactKey: Guid(8843b813fedff4693b38e78843110d51) Importer(2089858483,b0f066a214c2f5e87bad3c948f4d605d)
Start importing Assets/Materials/UI/Blur.shader using Guid(8843b813fedff4693b38e78843110d51) Importer(2089858483,b0f066a214c2f5e87bad3c948f4d605d) (ScriptedImporter) -> (artifact id: '204b5fb91856004a2fd9a1621b9b18e9') in 0.002182917 seconds
Number of updated asset objects reloaded before import = 1Number of asset objects unloaded after import = 1

========================================================================
Received Import Request.
  Time since last request: 42.968732 seconds.
  path: Assets/Materials/UI/Blur.shader
  artifactKey: Guid(8843b813fedff4693b38e78843110d51) Importer(2089858483,b0f066a214c2f5e87bad3c948f4d605d)
Start importing Assets/Materials/UI/Blur.shader using Guid(8843b813fedff4693b38e78843110d51) Importer(2089858483,b0f066a214c2f5e87bad3c948f4d605d) (ScriptedImporter) -> (artifact id: 'a74bbbf9e6abb42a22e067bd6d7bc715') in 0.008381667 seconds
Number of updated asset objects reloaded before import = 1Number of asset objects unloaded after import = 1

========================================================================
Received Import Request.
  Time since last request: 22.698166 seconds.
  path: Assets/Materials/UI/Blur.shader
  artifactKey: Guid(8843b813fedff4693b38e78843110d51) Importer(2089858483,b0f066a214c2f5e87bad3c948f4d605d)
Start importing Assets/Materials/UI/Blur.shader using Guid(8843b813fedff4693b38e78843110d51) Importer(2089858483,b0f066a214c2f5e87bad3c948f4d605d) (ScriptedImporter) -> (artifact id: '6cfad8313a2afa10e6226a3d8f4a57f2') in 0.002538083 seconds
Number of updated asset objects reloaded before import = 1Number of asset objects unloaded after import = 1

========================================================================
Received Prepare
Refreshing native plugins compatible for Editor in 0.45 ms, found 1 plugins.
Preloading 0 native plugins for Editor in 0.00 ms.
Unloading 0 Unused Serialized files (Serialized files now loaded: 0)
Unloading 2272 unused Assets / (228.7 KB). Loaded Objects now: 2982.
Memory consumption went from 111.2 MB to 111.0 MB.
Total: 19.468334 ms (FindLiveObjects: 0.658959 ms CreateObjectMapping: 0.195875 ms MarkObjects: 18.315250 ms  DeleteObjects: 0.297667 ms)

Prepare: number of updated asset objects reloaded= 0
========================================================================
Received Import Request.
  Time since last request: 79.768776 seconds.
  path: Assets/Scripts/SceneObjects/Player/DepthEnable.cs
  artifactKey: Guid(21bb50da0e354dc1888b325ae292a992) Importer(2089858483,b0f066a214c2f5e87bad3c948f4d605d)
Start importing Assets/Scripts/SceneObjects/Player/DepthEnable.cs using Guid(21bb50da0e354dc1888b325ae292a992) Importer(2089858483,b0f066a214c2f5e87bad3c948f4d605d) (ScriptedImporter) -> (artifact id: '944b076901f8af0004276576d8cb46f9') in 0.00438 seconds
Number of updated asset objects reloaded before import = 0Number of asset objects unloaded after import = 0

========================================================================
Received Prepare
Begin MonoManager ReloadAssembly
[Licensing::Client] Successfully resolved entitlement details
[Licensing::Module] License group:
  Id: F4-QKKD-GK3D-QK4Z-FWRN-XXXX
  Product: Unity Personal
  Type: ULF
  Expiration: Unlimited
[Licensing::Module] License group:
  Id: 5773889045670-UnityPersXXXX
  Product: Unity Personal
  Type: Assigned
  Expiration: Unlimited
Thread 0x16d507000 may have been prematurely finalized
Symbol file LoadedFromMemory is not a mono symbol file
- Loaded All Assemblies, in  0.422 seconds
Refreshing native plugins compatible for Editor in 0.15 ms, found 1 plugins.
Native extension for WindowsStandalone target not found
Native extension for OSXStandalone target not found
Native extension for WebGL target not found
[Package Manager] Failed to launch server process. Reason: Unity was launched with the -noUpm command-line argument
[Package Manager] Unable to send message (not connected to server process).
[Package Manager] Cannot connect to Unity Package Manager local server
[Package Manager] Failed to launch server process. Reason: Unity was launched with the -noUpm command-line argument
[Package Manager] Unable to send message (not connected to server process).
[Package Manager] Cannot connect to Unity Package Manager local server
ScheduleIndexationOnStartup MainProcess:False IndexOnStartup:True
Mono: successfully reloaded assembly
- Finished resetting the current domain, in  0.408 seconds
Domain Reload Profiling: 832ms
	BeginReloadAssembly (169ms)
		ExecutionOrderSort (0ms)
		DisableScriptedObjects (4ms)
		BackupInstance (0ms)
		ReleaseScriptingObjects (0ms)
		CreateAndSetChildDomain (67ms)
	RebuildCommonClasses (25ms)
	RebuildNativeTypeToScriptingClass (9ms)
	initialDomainReloadingComplete (16ms)
	LoadAllAssembliesAndSetupDomain (203ms)
		LoadAssemblies (180ms)
		RebuildTransferFunctionScriptingTraits (0ms)
		AnalyzeDomain (82ms)
			TypeCache.Refresh (16ms)
				TypeCache.ScanAssembly (2ms)
			BuildScriptInfoCaches (62ms)
			ResolveRequiredComponents (2ms)
	FinalizeReload (409ms)
		ReleaseScriptCaches (0ms)
		RebuildScriptCaches (0ms)
		SetupLoadedEditorAssemblies (320ms)
			LogAssemblyErrors (0ms)
			InitializePlatformSupportModulesInManaged (2ms)
			SetLoadedEditorAssemblies (3ms)
			BeforeProcessingInitializeOnLoad (69ms)
			ProcessInitializeOnLoadAttributes (212ms)
			ProcessInitializeOnLoadMethodAttributes (33ms)
			AfterProcessingInitializeOnLoad (1ms)
			EditorAssembliesLoaded (0ms)
		ExecutionOrderSort2 (0ms)
		AwakeInstancesAfterBackupRestoration (4ms)
Refreshing native plugins compatible for Editor in 0.28 ms, found 1 plugins.
Preloading 0 native plugins for Editor in 0.00 ms.
Unloading 0 Unused Serialized files (Serialized files now loaded: 0)
Unloading 2275 unused Assets / (182.0 KB). Loaded Objects now: 2982.
Memory consumption went from 119.4 MB to 119.2 MB.
Total: 7.337333 ms (FindLiveObjects: 0.409750 ms CreateObjectMapping: 0.114584 ms MarkObjects: 6.303125 ms  DeleteObjects: 0.509000 ms)

Prepare: number of updated asset objects reloaded= 0
========================================================================
Received Prepare
Refreshing native plugins compatible for Editor in 0.17 ms, found 1 plugins.
Preloading 0 native plugins for Editor in 0.00 ms.
Unloading 0 Unused Serialized files (Serialized files now loaded: 0)
Unloading 2271 unused Assets / (294.9 KB). Loaded Objects now: 2982.
Memory consumption went from 110.5 MB to 110.2 MB.
Total: 4.376708 ms (FindLiveObjects: 0.124291 ms CreateObjectMapping: 0.047042 ms MarkObjects: 3.612166 ms  DeleteObjects: 0.592917 ms)

Prepare: number of updated asset objects reloaded= 0
========================================================================
Received Prepare
Begin MonoManager ReloadAssembly
Thread 0x16d507000 may have been prematurely finalized
Symbol file LoadedFromMemory is not a mono symbol file
- Loaded All Assemblies, in  0.328 seconds
Refreshing native plugins compatible for Editor in 0.14 ms, found 1 plugins.
Native extension for WindowsStandalone target not found
Native extension for OSXStandalone target not found
Native extension for WebGL target not found
[Package Manager] Failed to launch server process. Reason: Unity was launched with the -noUpm command-line argument
[Package Manager] Unable to send message (not connected to server process).
[Package Manager] Cannot connect to Unity Package Manager local server
[Package Manager] Failed to launch server process. Reason: Unity was launched with the -noUpm command-line argument
[Package Manager] Unable to send message (not connected to server process).
[Package Manager] Cannot connect to Unity Package Manager local server
ScheduleIndexationOnStartup MainProcess:False IndexOnStartup:True
Mono: successfully reloaded assembly
- Finished resetting the current domain, in  0.374 seconds
Domain Reload Profiling: 704ms
	BeginReloadAssembly (140ms)
		ExecutionOrderSort (0ms)
		DisableScriptedObjects (4ms)
		BackupInstance (0ms)
		ReleaseScriptingObjects (0ms)
		CreateAndSetChildDomain (69ms)
	RebuildCommonClasses (27ms)
	RebuildNativeTypeToScriptingClass (8ms)
	initialDomainReloadingComplete (12ms)
	LoadAllAssembliesAndSetupDomain (143ms)
		LoadAssemblies (118ms)
		RebuildTransferFunctionScriptingTraits (0ms)
		AnalyzeDomain (61ms)
			TypeCache.Refresh (7ms)
				TypeCache.ScanAssembly (1ms)
			BuildScriptInfoCaches (50ms)
			ResolveRequiredComponents (2ms)
	FinalizeReload (374ms)
		ReleaseScriptCaches (0ms)
		RebuildScriptCaches (0ms)
		SetupLoadedEditorAssemblies (303ms)
			LogAssemblyErrors (0ms)
			InitializePlatformSupportModulesInManaged (2ms)
			SetLoadedEditorAssemblies (2ms)
			BeforeProcessingInitializeOnLoad (66ms)
			ProcessInitializeOnLoadAttributes (208ms)
			ProcessInitializeOnLoadMethodAttributes (24ms)
			AfterProcessingInitializeOnLoad (1ms)
			EditorAssembliesLoaded (0ms)
		ExecutionOrderSort2 (0ms)
		AwakeInstancesAfterBackupRestoration (2ms)
Refreshing native plugins compatible for Editor in 3.28 ms, found 1 plugins.
Preloading 0 native plugins for Editor in 0.00 ms.
Unloading 0 Unused Serialized files (Serialized files now loaded: 0)
Unloading 2275 unused Assets / (255.6 KB). Loaded Objects now: 2983.
Memory consumption went from 119.3 MB to 119.1 MB.
Total: 5.070292 ms (FindLiveObjects: 0.158666 ms CreateObjectMapping: 0.055750 ms MarkObjects: 4.570542 ms  DeleteObjects: 0.284792 ms)

Prepare: number of updated asset objects reloaded= 0
========================================================================
Received Prepare
Refreshing native plugins compatible for Editor in 0.20 ms, found 1 plugins.
Preloading 0 native plugins for Editor in 0.00 ms.
Unloading 0 Unused Serialized files (Serialized files now loaded: 0)
Unloading 2271 unused Assets / (345.7 KB). Loaded Objects now: 2983.
Memory consumption went from 110.5 MB to 110.1 MB.
Total: 31.598833 ms (FindLiveObjects: 0.224125 ms CreateObjectMapping: 0.045417 ms MarkObjects: 30.455625 ms  DeleteObjects: 0.873125 ms)

Prepare: number of updated asset objects reloaded= 0
========================================================================
Received Prepare
Begin MonoManager ReloadAssembly
[Licensing::Client] Successfully resolved entitlement details
[Licensing::Module] License group:
  Id: F4-QKKD-GK3D-QK4Z-FWRN-XXXX
  Product: Unity Personal
  Type: ULF
  Expiration: Unlimited
[Licensing::Module] License group:
  Id: 5773889045670-UnityPersXXXX
  Product: Unity Personal
  Type: Assigned
  Expiration: Unlimited
Thread 0x16d507000 may have been prematurely finalized
Symbol file LoadedFromMemory is not a mono symbol file
- Loaded All Assemblies, in  0.400 seconds
Refreshing native plugins compatible for Editor in 0.11 ms, found 1 plugins.
Native extension for WindowsStandalone target not found
Native extension for OSXStandalone target not found
Native extension for WebGL target not found
[Package Manager] Failed to launch server process. Reason: Unity was launched with the -noUpm command-line argument
[Package Manager] Unable to send message (not connected to server process).
[Package Manager] Cannot connect to Unity Package Manager local server
[Package Manager] Failed to launch server process. Reason: Unity was launched with the -noUpm command-line argument
[Package Manager] Unable to send message (not connected to server process).
[Package Manager] Cannot connect to Unity Package Manager local server
ScheduleIndexationOnStartup MainProcess:False IndexOnStartup:True
Mono: successfully reloaded assembly
- Finished resetting the current domain, in  0.365 seconds
Domain Reload Profiling: 768ms
	BeginReloadAssembly (135ms)
		ExecutionOrderSort (0ms)
		DisableScriptedObjects (8ms)
		BackupInstance (0ms)
		ReleaseScriptingObjects (0ms)
		CreateAndSetChildDomain (40ms)
	RebuildCommonClasses (25ms)
	RebuildNativeTypeToScriptingClass (8ms)
	initialDomainReloadingComplete (25ms)
	LoadAllAssembliesAndSetupDomain (210ms)
		LoadAssemblies (184ms)
		RebuildTransferFunctionScriptingTraits (0ms)
		AnalyzeDomain (70ms)
			TypeCache.Refresh (10ms)
				TypeCache.ScanAssembly (1ms)
			BuildScriptInfoCaches (52ms)
			ResolveRequiredComponents (3ms)
	FinalizeReload (366ms)
		ReleaseScriptCaches (0ms)
		RebuildScriptCaches (0ms)
		SetupLoadedEditorAssemblies (294ms)
			LogAssemblyErrors (0ms)
			InitializePlatformSupportModulesInManaged (3ms)
			SetLoadedEditorAssemblies (2ms)
			BeforeProcessingInitializeOnLoad (64ms)
			ProcessInitializeOnLoadAttributes (201ms)
			ProcessInitializeOnLoadMethodAttributes (23ms)
			AfterProcessingInitializeOnLoad (1ms)
			EditorAssembliesLoaded (0ms)
		ExecutionOrderSort2 (0ms)
		AwakeInstancesAfterBackupRestoration (1ms)
Refreshing native plugins compatible for Editor in 0.16 ms, found 1 plugins.
Preloading 0 native plugins for Editor in 0.00 ms.
Unloading 0 Unused Serialized files (Serialized files now loaded: 0)
Unloading 2275 unused Assets / (173.1 KB). Loaded Objects now: 2984.
Memory consumption went from 119.3 MB to 119.2 MB.
Total: 5.113916 ms (FindLiveObjects: 0.143625 ms CreateObjectMapping: 0.045208 ms MarkObjects: 4.556167 ms  DeleteObjects: 0.368584 ms)

Prepare: number of updated asset objects reloaded= 0
========================================================================
Received Import Request.
  Time since last request: 85.786494 seconds.
  path: Assets/Materials/MiniBot/Face Mat.mat
  artifactKey: Guid(445ed81a5a0b142eebc7acb8f02a29b3) Importer(815301076,1909f56bfc062723c751e8b465ee728b)
Start importing Assets/Materials/MiniBot/Face Mat.mat using Guid(445ed81a5a0b142eebc7acb8f02a29b3) Importer(815301076,1909f56bfc062723c751e8b465ee728b) (PreviewImporter) -> (artifact id: 'c9d3ae0ee2feddc26cc91fe2f10d91a2') in 0.05089075 seconds
Number of updated asset objects reloaded before import = 0Number of asset objects unloaded after import = 2

========================================================================
Received Import Request.
  Time since last request: 246.525016 seconds.
  path: Assets/Materials/House/Material.mat
  artifactKey: Guid(17e8886a42a714a9e9995f0ee71c6f43) Importer(815301076,1909f56bfc062723c751e8b465ee728b)
Start importing Assets/Materials/House/Material.mat using Guid(17e8886a42a714a9e9995f0ee71c6f43) Importer(815301076,1909f56bfc062723c751e8b465ee728b) (PreviewImporter) -> (artifact id: '2ed413b09ba7f3455a93d76d78d0971f') in 0.067281041 seconds
Number of updated asset objects reloaded before import = 1Number of asset objects unloaded after import = 1

========================================================================
Received Import Request.
  Time since last request: 0.001033 seconds.
  path: Assets/Materials/House/Material.002.mat
  artifactKey: Guid(0564f7a715cbe4aefac912d07e0354e2) Importer(815301076,1909f56bfc062723c751e8b465ee728b)
Start importing Assets/Materials/House/Material.002.mat using Guid(0564f7a715cbe4aefac912d07e0354e2) Importer(815301076,1909f56bfc062723c751e8b465ee728b) (PreviewImporter) -> (artifact id: '563f96e7a349eac4dda009d167a48b31') in 0.009961 seconds
Number of updated asset objects reloaded before import = 0Number of asset objects unloaded after import = 1

========================================================================
Received Import Request.
  Time since last request: 0.000062 seconds.
  path: Assets/Materials/House/Material.010.mat
  artifactKey: Guid(d27c4edabf37744bcb5c8afb8d896381) Importer(815301076,1909f56bfc062723c751e8b465ee728b)
Start importing Assets/Materials/House/Material.010.mat using Guid(d27c4edabf37744bcb5c8afb8d896381) Importer(815301076,1909f56bfc062723c751e8b465ee728b) (PreviewImporter) -> (artifact id: 'ace5a5bc4890884458444d6939ab0849') in 0.0057675 seconds
Number of updated asset objects reloaded before import = 0Number of asset objects unloaded after import = 1

========================================================================
Received Prepare
Begin MonoManager ReloadAssembly
[Licensing::Client] Successfully resolved entitlement details
[Licensing::Module] License group:
  Id: F4-QKKD-GK3D-QK4Z-FWRN-XXXX
  Product: Unity Personal
  Type: ULF
  Expiration: Unlimited
[Licensing::Module] License group:
  Id: 5773889045670-UnityPersXXXX
  Product: Unity Personal
  Type: Assigned
  Expiration: Unlimited
Thread 0x16d507000 may have been prematurely finalized
Symbol file LoadedFromMemory is not a mono symbol file
- Loaded All Assemblies, in  0.457 seconds
Refreshing native plugins compatible for Editor in 0.15 ms, found 1 plugins.
Native extension for WindowsStandalone target not found
Native extension for OSXStandalone target not found
Native extension for WebGL target not found
[Package Manager] Failed to launch server process. Reason: Unity was launched with the -noUpm command-line argument
[Package Manager] Unable to send message (not connected to server process).
[Package Manager] Cannot connect to Unity Package Manager local server
[Package Manager] Failed to launch server process. Reason: Unity was launched with the -noUpm command-line argument
[Package Manager] Unable to send message (not connected to server process).
[Package Manager] Cannot connect to Unity Package Manager local server
ScheduleIndexationOnStartup MainProcess:False IndexOnStartup:True
Mono: successfully reloaded assembly
- Finished resetting the current domain, in  0.388 seconds
Domain Reload Profiling: 847ms
	BeginReloadAssembly (189ms)
		ExecutionOrderSort (0ms)
		DisableScriptedObjects (6ms)
		BackupInstance (0ms)
		ReleaseScriptingObjects (0ms)
		CreateAndSetChildDomain (69ms)
	RebuildCommonClasses (31ms)
	RebuildNativeTypeToScriptingClass (9ms)
	initialDomainReloadingComplete (21ms)
	LoadAllAssembliesAndSetupDomain (208ms)
		LoadAssemblies (189ms)
		RebuildTransferFunctionScriptingTraits (0ms)
		AnalyzeDomain (77ms)
			TypeCache.Refresh (11ms)
				TypeCache.ScanAssembly (0ms)
			BuildScriptInfoCaches (61ms)
			ResolveRequiredComponents (2ms)
	FinalizeReload (388ms)
		ReleaseScriptCaches (0ms)
		RebuildScriptCaches (0ms)
		SetupLoadedEditorAssemblies (311ms)
			LogAssemblyErrors (0ms)
			InitializePlatformSupportModulesInManaged (2ms)
			SetLoadedEditorAssemblies (3ms)
			BeforeProcessingInitializeOnLoad (74ms)
			ProcessInitializeOnLoadAttributes (207ms)
			ProcessInitializeOnLoadMethodAttributes (23ms)
			AfterProcessingInitializeOnLoad (1ms)
			EditorAssembliesLoaded (0ms)
		ExecutionOrderSort2 (0ms)
		AwakeInstancesAfterBackupRestoration (4ms)
Refreshing native plugins compatible for Editor in 0.19 ms, found 1 plugins.
Preloading 0 native plugins for Editor in 0.00 ms.
Unloading 0 Unused Serialized files (Serialized files now loaded: 0)
Unloading 2275 unused Assets / (289.8 KB). Loaded Objects now: 2985.
Memory consumption went from 119.4 MB to 119.1 MB.
Total: 4.752083 ms (FindLiveObjects: 0.119916 ms CreateObjectMapping: 0.043667 ms MarkObjects: 4.244875 ms  DeleteObjects: 0.343333 ms)

Prepare: number of updated asset objects reloaded= 1
========================================================================
Received Prepare
Begin MonoManager ReloadAssembly
[Licensing::Client] Successfully resolved entitlement details
[Licensing::Module] License group:
  Id: F4-QKKD-GK3D-QK4Z-FWRN-XXXX
  Product: Unity Personal
  Type: ULF
  Expiration: Unlimited
[Licensing::Module] License group:
  Id: 5773889045670-UnityPersXXXX
  Product: Unity Personal
  Type: Assigned
  Expiration: Unlimited
Thread 0x16d507000 may have been prematurely finalized
Symbol file LoadedFromMemory is not a mono symbol file
- Loaded All Assemblies, in  0.430 seconds
Refreshing native plugins compatible for Editor in 0.13 ms, found 1 plugins.
Native extension for WindowsStandalone target not found
Native extension for OSXStandalone target not found
Native extension for WebGL target not found
[Package Manager] Failed to launch server process. Reason: Unity was launched with the -noUpm command-line argument
[Package Manager] Unable to send message (not connected to server process).
[Package Manager] Cannot connect to Unity Package Manager local server
[Package Manager] Failed to launch server process. Reason: Unity was launched with the -noUpm command-line argument
[Package Manager] Unable to send message (not connected to server process).
[Package Manager] Cannot connect to Unity Package Manager local server
ScheduleIndexationOnStartup MainProcess:False IndexOnStartup:True
Mono: successfully reloaded assembly
- Finished resetting the current domain, in  0.408 seconds
Domain Reload Profiling: 840ms
	BeginReloadAssembly (168ms)
		ExecutionOrderSort (0ms)
		DisableScriptedObjects (10ms)
		BackupInstance (0ms)
		ReleaseScriptingObjects (0ms)
		CreateAndSetChildDomain (50ms)
	RebuildCommonClasses (25ms)
	RebuildNativeTypeToScriptingClass (9ms)
	initialDomainReloadingComplete (22ms)
	LoadAllAssembliesAndSetupDomain (207ms)
		LoadAssemblies (191ms)
		RebuildTransferFunctionScriptingTraits (0ms)
		AnalyzeDomain (72ms)
			TypeCache.Refresh (7ms)
				TypeCache.ScanAssembly (0ms)
			BuildScriptInfoCaches (60ms)
			ResolveRequiredComponents (2ms)
	FinalizeReload (409ms)
		ReleaseScriptCaches (0ms)
		RebuildScriptCaches (0ms)
		SetupLoadedEditorAssemblies (333ms)
			LogAssemblyErrors (0ms)
			InitializePlatformSupportModulesInManaged (2ms)
			SetLoadedEditorAssemblies (2ms)
			BeforeProcessingInitializeOnLoad (67ms)
			ProcessInitializeOnLoadAttributes (233ms)
			ProcessInitializeOnLoadMethodAttributes (27ms)
			AfterProcessingInitializeOnLoad (1ms)
			EditorAssembliesLoaded (0ms)
		ExecutionOrderSort2 (0ms)
		AwakeInstancesAfterBackupRestoration (2ms)
Refreshing native plugins compatible for Editor in 0.27 ms, found 1 plugins.
Preloading 0 native plugins for Editor in 0.00 ms.
Unloading 0 Unused Serialized files (Serialized files now loaded: 0)
Unloading 2275 unused Assets / (209.7 KB). Loaded Objects now: 2986.
Memory consumption went from 119.4 MB to 119.2 MB.
Total: 4.614875 ms (FindLiveObjects: 0.198000 ms CreateObjectMapping: 0.055750 ms MarkObjects: 4.117042 ms  DeleteObjects: 0.243458 ms)

Prepare: number of updated asset objects reloaded= 1
========================================================================
Received Prepare
Begin MonoManager ReloadAssembly
[Licensing::Client] Successfully resolved entitlement details
[Licensing::Module] License group:
  Id: F4-QKKD-GK3D-QK4Z-FWRN-XXXX
  Product: Unity Personal
  Type: ULF
  Expiration: Unlimited
[Licensing::Module] License group:
  Id: 5773889045670-UnityPersXXXX
  Product: Unity Personal
  Type: Assigned
  Expiration: Unlimited
Thread 0x16d507000 may have been prematurely finalized
Symbol file LoadedFromMemory is not a mono symbol file
- Loaded All Assemblies, in  0.423 seconds
Refreshing native plugins compatible for Editor in 0.15 ms, found 1 plugins.
Native extension for WindowsStandalone target not found
Native extension for OSXStandalone target not found
Native extension for WebGL target not found
[Package Manager] Failed to launch server process. Reason: Unity was launched with the -noUpm command-line argument
[Package Manager] Unable to send message (not connected to server process).
[Package Manager] Cannot connect to Unity Package Manager local server
[Package Manager] Failed to launch server process. Reason: Unity was launched with the -noUpm command-line argument
[Package Manager] Unable to send message (not connected to server process).
[Package Manager] Cannot connect to Unity Package Manager local server
ScheduleIndexationOnStartup MainProcess:False IndexOnStartup:True
Mono: successfully reloaded assembly
- Finished resetting the current domain, in  0.396 seconds
Domain Reload Profiling: 822ms
	BeginReloadAssembly (163ms)
		ExecutionOrderSort (0ms)
		DisableScriptedObjects (6ms)
		BackupInstance (0ms)
		ReleaseScriptingObjects (0ms)
		CreateAndSetChildDomain (54ms)
	RebuildCommonClasses (26ms)
	RebuildNativeTypeToScriptingClass (9ms)
	initialDomainReloadingComplete (23ms)
	LoadAllAssembliesAndSetupDomain (204ms)
		LoadAssemblies (188ms)
		RebuildTransferFunctionScriptingTraits (0ms)
		AnalyzeDomain (70ms)
			TypeCache.Refresh (5ms)
				TypeCache.ScanAssembly (0ms)
			BuildScriptInfoCaches (61ms)
			ResolveRequiredComponents (2ms)
	FinalizeReload (397ms)
		ReleaseScriptCaches (0ms)
		RebuildScriptCaches (0ms)
		SetupLoadedEditorAssemblies (320ms)
			LogAssemblyErrors (0ms)
			InitializePlatformSupportModulesInManaged (2ms)
			SetLoadedEditorAssemblies (2ms)
			BeforeProcessingInitializeOnLoad (74ms)
			ProcessInitializeOnLoadAttributes (218ms)
			ProcessInitializeOnLoadMethodAttributes (23ms)
			AfterProcessingInitializeOnLoad (1ms)
			EditorAssembliesLoaded (0ms)
		ExecutionOrderSort2 (0ms)
		AwakeInstancesAfterBackupRestoration (1ms)
Refreshing native plugins compatible for Editor in 0.20 ms, found 1 plugins.
Preloading 0 native plugins for Editor in 0.00 ms.
Unloading 0 Unused Serialized files (Serialized files now loaded: 0)
Unloading 2275 unused Assets / (264.0 KB). Loaded Objects now: 2987.
Memory consumption went from 119.4 MB to 119.1 MB.
Total: 4.721375 ms (FindLiveObjects: 0.141250 ms CreateObjectMapping: 0.043458 ms MarkObjects: 4.162917 ms  DeleteObjects: 0.373166 ms)

Prepare: number of updated asset objects reloaded= 1
========================================================================
Received Prepare
Begin MonoManager ReloadAssembly
[Licensing::Client] Successfully resolved entitlement details
[Licensing::Module] License group:
  Id: F4-QKKD-GK3D-QK4Z-FWRN-XXXX
  Product: Unity Personal
  Type: ULF
  Expiration: Unlimited
[Licensing::Module] License group:
  Id: 5773889045670-UnityPersXXXX
  Product: Unity Personal
  Type: Assigned
  Expiration: Unlimited
Thread 0x16d507000 may have been prematurely finalized
Symbol file LoadedFromMemory is not a mono symbol file
- Loaded All Assemblies, in  0.438 seconds
Refreshing native plugins compatible for Editor in 0.16 ms, found 1 plugins.
Native extension for WindowsStandalone target not found
Native extension for OSXStandalone target not found
Native extension for WebGL target not found
[Package Manager] Failed to launch server process. Reason: Unity was launched with the -noUpm command-line argument
[Package Manager] Unable to send message (not connected to server process).
[Package Manager] Cannot connect to Unity Package Manager local server
[Package Manager] Failed to launch server process. Reason: Unity was launched with the -noUpm command-line argument
[Package Manager] Unable to send message (not connected to server process).
[Package Manager] Cannot connect to Unity Package Manager local server
ScheduleIndexationOnStartup MainProcess:False IndexOnStartup:True
Mono: successfully reloaded assembly
- Finished resetting the current domain, in  0.363 seconds
Domain Reload Profiling: 802ms
	BeginReloadAssembly (173ms)
		ExecutionOrderSort (0ms)
		DisableScriptedObjects (11ms)
		BackupInstance (0ms)
		ReleaseScriptingObjects (0ms)
		CreateAndSetChildDomain (58ms)
	RebuildCommonClasses (24ms)
	RebuildNativeTypeToScriptingClass (9ms)
	initialDomainReloadingComplete (21ms)
	LoadAllAssembliesAndSetupDomain (213ms)
		LoadAssemblies (198ms)
		RebuildTransferFunctionScriptingTraits (0ms)
		AnalyzeDomain (74ms)
			TypeCache.Refresh (9ms)
				TypeCache.ScanAssembly (0ms)
			BuildScriptInfoCaches (61ms)
			ResolveRequiredComponents (2ms)
	FinalizeReload (363ms)
		ReleaseScriptCaches (0ms)
		RebuildScriptCaches (0ms)
		SetupLoadedEditorAssemblies (292ms)
			LogAssemblyErrors (0ms)
			InitializePlatformSupportModulesInManaged (2ms)
			SetLoadedEditorAssemblies (2ms)
			BeforeProcessingInitializeOnLoad (64ms)
			ProcessInitializeOnLoadAttributes (198ms)
			ProcessInitializeOnLoadMethodAttributes (25ms)
			AfterProcessingInitializeOnLoad (1ms)
			EditorAssembliesLoaded (0ms)
		ExecutionOrderSort2 (0ms)
		AwakeInstancesAfterBackupRestoration (2ms)
Refreshing native plugins compatible for Editor in 0.19 ms, found 1 plugins.
Preloading 0 native plugins for Editor in 0.00 ms.
Unloading 0 Unused Serialized files (Serialized files now loaded: 0)
Unloading 2275 unused Assets / (320.1 KB). Loaded Objects now: 2988.
Memory consumption went from 119.4 MB to 119.1 MB.
Total: 4.688958 ms (FindLiveObjects: 0.155666 ms CreateObjectMapping: 0.056625 ms MarkObjects: 4.125250 ms  DeleteObjects: 0.351250 ms)

Prepare: number of updated asset objects reloaded= 1
========================================================================
Received Prepare
Begin MonoManager ReloadAssembly
[Licensing::Client] Successfully resolved entitlement details
[Licensing::Module] License group:
  Id: F4-QKKD-GK3D-QK4Z-FWRN-XXXX
  Product: Unity Personal
  Type: ULF
  Expiration: Unlimited
[Licensing::Module] License group:
  Id: 5773889045670-UnityPersXXXX
  Product: Unity Personal
  Type: Assigned
  Expiration: Unlimited
Thread 0x16d507000 may have been prematurely finalized
Symbol file LoadedFromMemory is not a mono symbol file
- Loaded All Assemblies, in  0.417 seconds
Refreshing native plugins compatible for Editor in 0.14 ms, found 1 plugins.
Native extension for WindowsStandalone target not found
Native extension for OSXStandalone target not found
Native extension for WebGL target not found
[Package Manager] Failed to launch server process. Reason: Unity was launched with the -noUpm command-line argument
[Package Manager] Unable to send message (not connected to server process).
[Package Manager] Cannot connect to Unity Package Manager local server
[Package Manager] Failed to launch server process. Reason: Unity was launched with the -noUpm command-line argument
[Package Manager] Unable to send message (not connected to server process).
[Package Manager] Cannot connect to Unity Package Manager local server
ScheduleIndexationOnStartup MainProcess:False IndexOnStartup:True
Mono: successfully reloaded assembly
- Finished resetting the current domain, in  0.402 seconds
Domain Reload Profiling: 820ms
	BeginReloadAssembly (171ms)
		ExecutionOrderSort (0ms)
		DisableScriptedObjects (9ms)
		BackupInstance (0ms)
		ReleaseScriptingObjects (0ms)
		CreateAndSetChildDomain (64ms)
	RebuildCommonClasses (26ms)
	RebuildNativeTypeToScriptingClass (9ms)
	initialDomainReloadingComplete (14ms)
	LoadAllAssembliesAndSetupDomain (198ms)
		LoadAssemblies (163ms)
		RebuildTransferFunctionScriptingTraits (0ms)
		AnalyzeDomain (83ms)
			TypeCache.Refresh (8ms)
				TypeCache.ScanAssembly (0ms)
			BuildScriptInfoCaches (70ms)
			ResolveRequiredComponents (2ms)
	FinalizeReload (402ms)
		ReleaseScriptCaches (0ms)
		RebuildScriptCaches (0ms)
		SetupLoadedEditorAssemblies (329ms)
			LogAssemblyErrors (0ms)
			InitializePlatformSupportModulesInManaged (2ms)
			SetLoadedEditorAssemblies (2ms)
			BeforeProcessingInitializeOnLoad (71ms)
			ProcessInitializeOnLoadAttributes (215ms)
			ProcessInitializeOnLoadMethodAttributes (37ms)
			AfterProcessingInitializeOnLoad (1ms)
			EditorAssembliesLoaded (0ms)
		ExecutionOrderSort2 (0ms)
		AwakeInstancesAfterBackupRestoration (2ms)
Refreshing native plugins compatible for Editor in 0.42 ms, found 1 plugins.
Preloading 0 native plugins for Editor in 0.00 ms.
Unloading 0 Unused Serialized files (Serialized files now loaded: 0)
Unloading 2275 unused Assets / (65.0 KB). Loaded Objects now: 2989.
Memory consumption went from 119.4 MB to 119.3 MB.
Total: 7.293292 ms (FindLiveObjects: 0.478875 ms CreateObjectMapping: 0.369708 ms MarkObjects: 6.032250 ms  DeleteObjects: 0.411583 ms)

Prepare: number of updated asset objects reloaded= 1
========================================================================
Received Prepare
Begin MonoManager ReloadAssembly
Thread 0x16d507000 may have been prematurely finalized
Symbol file LoadedFromMemory is not a mono symbol file
- Loaded All Assemblies, in  0.258 seconds
Refreshing native plugins compatible for Editor in 0.14 ms, found 1 plugins.
Native extension for WindowsStandalone target not found
Native extension for OSXStandalone target not found
Native extension for WebGL target not found
[Package Manager] Failed to launch server process. Reason: Unity was launched with the -noUpm command-line argument
[Package Manager] Unable to send message (not connected to server process).
[Package Manager] Cannot connect to Unity Package Manager local server
[Package Manager] Failed to launch server process. Reason: Unity was launched with the -noUpm command-line argument
[Package Manager] Unable to send message (not connected to server process).
[Package Manager] Cannot connect to Unity Package Manager local server
ScheduleIndexationOnStartup MainProcess:False IndexOnStartup:True
Mono: successfully reloaded assembly
- Finished resetting the current domain, in  0.366 seconds
Domain Reload Profiling: 626ms
	BeginReloadAssembly (91ms)
		ExecutionOrderSort (0ms)
		DisableScriptedObjects (3ms)
		BackupInstance (0ms)
		ReleaseScriptingObjects (0ms)
		CreateAndSetChildDomain (27ms)
	RebuildCommonClasses (23ms)
	RebuildNativeTypeToScriptingClass (8ms)
	initialDomainReloadingComplete (11ms)
	LoadAllAssembliesAndSetupDomain (126ms)
		LoadAssemblies (97ms)
		RebuildTransferFunctionScriptingTraits (0ms)
		AnalyzeDomain (58ms)
			TypeCache.Refresh (5ms)
				TypeCache.ScanAssembly (0ms)
			BuildScriptInfoCaches (49ms)
			ResolveRequiredComponents (2ms)
	FinalizeReload (367ms)
		ReleaseScriptCaches (0ms)
		RebuildScriptCaches (0ms)
		SetupLoadedEditorAssemblies (293ms)
			LogAssemblyErrors (0ms)
			InitializePlatformSupportModulesInManaged (2ms)
			SetLoadedEditorAssemblies (2ms)
			BeforeProcessingInitializeOnLoad (67ms)
			ProcessInitializeOnLoadAttributes (201ms)
			ProcessInitializeOnLoadMethodAttributes (21ms)
			AfterProcessingInitializeOnLoad (1ms)
			EditorAssembliesLoaded (0ms)
		ExecutionOrderSort2 (0ms)
		AwakeInstancesAfterBackupRestoration (2ms)
Refreshing native plugins compatible for Editor in 0.24 ms, found 1 plugins.
Preloading 0 native plugins for Editor in 0.00 ms.
Unloading 0 Unused Serialized files (Serialized files now loaded: 0)
Unloading 2275 unused Assets / (198.5 KB). Loaded Objects now: 2990.
Memory consumption went from 119.4 MB to 119.2 MB.
Total: 5.093167 ms (FindLiveObjects: 0.160833 ms CreateObjectMapping: 0.049833 ms MarkObjects: 4.521292 ms  DeleteObjects: 0.360833 ms)

Prepare: number of updated asset objects reloaded= 0
========================================================================
Received Import Request.
  Time since last request: 43979.888267 seconds.
  path: Assets/Materials/UI/Blur.mat
  artifactKey: Guid(02daeeec2314646068ade128508ae497) Importer(815301076,1909f56bfc062723c751e8b465ee728b)
Start importing Assets/Materials/UI/Blur.mat using Guid(02daeeec2314646068ade128508ae497) Importer(815301076,1909f56bfc062723c751e8b465ee728b) (PreviewImporter) -> (artifact id: '83bf998c36527887a77a569594359e61') in 0.166483167 seconds
Number of updated asset objects reloaded before import = 0Number of asset objects unloaded after import = 1

========================================================================
Received Prepare
Refreshing native plugins compatible for Editor in 0.47 ms, found 1 plugins.
Preloading 0 native plugins for Editor in 0.00 ms.
Unloading 0 Unused Serialized files (Serialized files now loaded: 0)
Unloading 2271 unused Assets / (309.3 KB). Loaded Objects now: 2991.
Memory consumption went from 110.6 MB to 110.3 MB.
Total: 29.043583 ms (FindLiveObjects: 0.565750 ms CreateObjectMapping: 0.052916 ms MarkObjects: 28.114250 ms  DeleteObjects: 0.310417 ms)

Prepare: number of updated asset objects reloaded= 0
========================================================================
Received Prepare
Begin MonoManager ReloadAssembly
[Licensing::Client] Successfully resolved entitlement details
[Licensing::Module] License group:
  Id: F4-QKKD-GK3D-QK4Z-FWRN-XXXX
  Product: Unity Personal
  Type: ULF
  Expiration: Unlimited
[Licensing::Module] License group:
  Id: 5773889045670-UnityPersXXXX
  Product: Unity Personal
  Type: Assigned
  Expiration: Unlimited
Thread 0x16d507000 may have been prematurely finalized
Symbol file LoadedFromMemory is not a mono symbol file
- Loaded All Assemblies, in  0.459 seconds
Refreshing native plugins compatible for Editor in 0.13 ms, found 1 plugins.
Native extension for WindowsStandalone target not found
Native extension for OSXStandalone target not found
Native extension for WebGL target not found
[Package Manager] Failed to launch server process. Reason: Unity was launched with the -noUpm command-line argument
[Package Manager] Unable to send message (not connected to server process).
[Package Manager] Cannot connect to Unity Package Manager local server
[Package Manager] Failed to launch server process. Reason: Unity was launched with the -noUpm command-line argument
[Package Manager] Unable to send message (not connected to server process).
[Package Manager] Cannot connect to Unity Package Manager local server
ScheduleIndexationOnStartup MainProcess:False IndexOnStartup:True
Mono: successfully reloaded assembly
- Finished resetting the current domain, in  0.421 seconds
Domain Reload Profiling: 885ms
	BeginReloadAssembly (176ms)
		ExecutionOrderSort (0ms)
		DisableScriptedObjects (3ms)
		BackupInstance (0ms)
		ReleaseScriptingObjects (0ms)
		CreateAndSetChildDomain (57ms)
	RebuildCommonClasses (25ms)
	RebuildNativeTypeToScriptingClass (9ms)
	initialDomainReloadingComplete (19ms)
	LoadAllAssembliesAndSetupDomain (234ms)
		LoadAssemblies (223ms)
		RebuildTransferFunctionScriptingTraits (0ms)
		AnalyzeDomain (87ms)
			TypeCache.Refresh (13ms)
				TypeCache.ScanAssembly (1ms)
			BuildScriptInfoCaches (68ms)
			ResolveRequiredComponents (2ms)
	FinalizeReload (421ms)
		ReleaseScriptCaches (0ms)
		RebuildScriptCaches (0ms)
		SetupLoadedEditorAssemblies (340ms)
			LogAssemblyErrors (0ms)
			InitializePlatformSupportModulesInManaged (2ms)
			SetLoadedEditorAssemblies (2ms)
			BeforeProcessingInitializeOnLoad (88ms)
			ProcessInitializeOnLoadAttributes (223ms)
			ProcessInitializeOnLoadMethodAttributes (24ms)
			AfterProcessingInitializeOnLoad (1ms)
			EditorAssembliesLoaded (0ms)
		ExecutionOrderSort2 (0ms)
		AwakeInstancesAfterBackupRestoration (2ms)
Refreshing native plugins compatible for Editor in 0.20 ms, found 1 plugins.
Preloading 0 native plugins for Editor in 0.00 ms.
Unloading 0 Unused Serialized files (Serialized files now loaded: 0)
Unloading 2275 unused Assets / (235.7 KB). Loaded Objects now: 2991.
Memory consumption went from 119.3 MB to 119.1 MB.
Total: 4.541458 ms (FindLiveObjects: 0.133084 ms CreateObjectMapping: 0.048000 ms MarkObjects: 4.053208 ms  DeleteObjects: 0.306958 ms)

Prepare: number of updated asset objects reloaded= 0
========================================================================
Received Prepare
Begin MonoManager ReloadAssembly
Thread 0x16d507000 may have been prematurely finalized
Symbol file LoadedFromMemory is not a mono symbol file
- Loaded All Assemblies, in  0.397 seconds
Refreshing native plugins compatible for Editor in 0.15 ms, found 1 plugins.
Native extension for WindowsStandalone target not found
Native extension for OSXStandalone target not found
Native extension for WebGL target not found
[Package Manager] Failed to launch server process. Reason: Unity was launched with the -noUpm command-line argument
[Package Manager] Unable to send message (not connected to server process).
[Package Manager] Cannot connect to Unity Package Manager local server
[Package Manager] Failed to launch server process. Reason: Unity was launched with the -noUpm command-line argument
[Package Manager] Unable to send message (not connected to server process).
[Package Manager] Cannot connect to Unity Package Manager local server
ScheduleIndexationOnStartup MainProcess:False IndexOnStartup:True
Mono: successfully reloaded assembly
- Finished resetting the current domain, in  0.367 seconds
Domain Reload Profiling: 766ms
	BeginReloadAssembly (166ms)
		ExecutionOrderSort (0ms)
		DisableScriptedObjects (12ms)
		BackupInstance (0ms)
		ReleaseScriptingObjects (0ms)
		CreateAndSetChildDomain (51ms)
	RebuildCommonClasses (22ms)
	RebuildNativeTypeToScriptingClass (8ms)
	initialDomainReloadingComplete (17ms)
	LoadAllAssembliesAndSetupDomain (185ms)
		LoadAssemblies (174ms)
		RebuildTransferFunctionScriptingTraits (0ms)
		AnalyzeDomain (68ms)
			TypeCache.Refresh (7ms)
				TypeCache.ScanAssembly (0ms)
			BuildScriptInfoCaches (57ms)
			ResolveRequiredComponents (2ms)
	FinalizeReload (367ms)
		ReleaseScriptCaches (0ms)
		RebuildScriptCaches (0ms)
		SetupLoadedEditorAssemblies (288ms)
			LogAssemblyErrors (0ms)
			InitializePlatformSupportModulesInManaged (2ms)
			SetLoadedEditorAssemblies (2ms)
			BeforeProcessingInitializeOnLoad (64ms)
			ProcessInitializeOnLoadAttributes (198ms)
			ProcessInitializeOnLoadMethodAttributes (21ms)
			AfterProcessingInitializeOnLoad (1ms)
			EditorAssembliesLoaded (0ms)
		ExecutionOrderSort2 (0ms)
		AwakeInstancesAfterBackupRestoration (2ms)
Refreshing native plugins compatible for Editor in 0.38 ms, found 1 plugins.
Preloading 0 native plugins for Editor in 0.00 ms.
Unloading 0 Unused Serialized files (Serialized files now loaded: 0)
Unloading 2275 unused Assets / (64.9 KB). Loaded Objects now: 2992.
Memory consumption went from 119.3 MB to 119.3 MB.
Total: 6.242459 ms (FindLiveObjects: 0.206875 ms CreateObjectMapping: 0.041834 ms MarkObjects: 5.515875 ms  DeleteObjects: 0.477083 ms)

Prepare: number of updated asset objects reloaded= 0
========================================================================
Received Prepare
Refreshing native plugins compatible for Editor in 0.14 ms, found 1 plugins.
Preloading 0 native plugins for Editor in 0.00 ms.
Unloading 0 Unused Serialized files (Serialized files now loaded: 0)
Unloading 2271 unused Assets / (209.7 KB). Loaded Objects now: 2992.
Memory consumption went from 110.6 MB to 110.4 MB.
Total: 29.345708 ms (FindLiveObjects: 0.253709 ms CreateObjectMapping: 0.098125 ms MarkObjects: 28.730500 ms  DeleteObjects: 0.262833 ms)

Prepare: number of updated asset objects reloaded= 0
========================================================================
Received Prepare
Begin MonoManager ReloadAssembly
[Licensing::Client] Successfully resolved entitlement details
[Licensing::Module] License group:
  Id: F4-QKKD-GK3D-QK4Z-FWRN-XXXX
  Product: Unity Personal
  Type: ULF
  Expiration: Unlimited
[Licensing::Module] License group:
  Id: 5773889045670-UnityPersXXXX
  Product: Unity Personal
  Type: Assigned
  Expiration: Unlimited
Thread 0x16d507000 may have been prematurely finalized
Symbol file LoadedFromMemory is not a mono symbol file
- Loaded All Assemblies, in  0.405 seconds
Refreshing native plugins compatible for Editor in 0.14 ms, found 1 plugins.
Native extension for WindowsStandalone target not found
Native extension for OSXStandalone target not found
Native extension for WebGL target not found
[Package Manager] Failed to launch server process. Reason: Unity was launched with the -noUpm command-line argument
[Package Manager] Unable to send message (not connected to server process).
[Package Manager] Cannot connect to Unity Package Manager local server
[Package Manager] Failed to launch server process. Reason: Unity was launched with the -noUpm command-line argument
[Package Manager] Unable to send message (not connected to server process).
[Package Manager] Cannot connect to Unity Package Manager local server
ScheduleIndexationOnStartup MainProcess:False IndexOnStartup:True
Mono: successfully reloaded assembly
- Finished resetting the current domain, in  0.391 seconds
Domain Reload Profiling: 797ms
	BeginReloadAssembly (149ms)
		ExecutionOrderSort (0ms)
		DisableScriptedObjects (8ms)
		BackupInstance (0ms)
		ReleaseScriptingObjects (0ms)
		CreateAndSetChildDomain (52ms)
	RebuildCommonClasses (27ms)
	RebuildNativeTypeToScriptingClass (8ms)
	initialDomainReloadingComplete (17ms)
	LoadAllAssembliesAndSetupDomain (206ms)
		LoadAssemblies (175ms)
		RebuildTransferFunctionScriptingTraits (0ms)
		AnalyzeDomain (78ms)
			TypeCache.Refresh (9ms)
				TypeCache.ScanAssembly (1ms)
			BuildScriptInfoCaches (60ms)
			ResolveRequiredComponents (3ms)
	FinalizeReload (391ms)
		ReleaseScriptCaches (0ms)
		RebuildScriptCaches (0ms)
		SetupLoadedEditorAssemblies (312ms)
			LogAssemblyErrors (0ms)
			InitializePlatformSupportModulesInManaged (2ms)
			SetLoadedEditorAssemblies (2ms)
			BeforeProcessingInitializeOnLoad (81ms)
			ProcessInitializeOnLoadAttributes (201ms)
			ProcessInitializeOnLoadMethodAttributes (24ms)
			AfterProcessingInitializeOnLoad (1ms)
			EditorAssembliesLoaded (0ms)
		ExecutionOrderSort2 (0ms)
		AwakeInstancesAfterBackupRestoration (2ms)
Refreshing native plugins compatible for Editor in 0.20 ms, found 1 plugins.
Preloading 0 native plugins for Editor in 0.00 ms.
Unloading 0 Unused Serialized files (Serialized files now loaded: 0)
Unloading 2275 unused Assets / (158.6 KB). Loaded Objects now: 2993.
Memory consumption went from 119.3 MB to 119.2 MB.
Total: 5.373083 ms (FindLiveObjects: 0.283958 ms CreateObjectMapping: 0.060333 ms MarkObjects: 4.666584 ms  DeleteObjects: 0.361792 ms)

Prepare: number of updated asset objects reloaded= 0
========================================================================
Received Prepare
Refreshing native plugins compatible for Editor in 0.13 ms, found 1 plugins.
Preloading 0 native plugins for Editor in 0.00 ms.
Unloading 0 Unused Serialized files (Serialized files now loaded: 0)
Unloading 2271 unused Assets / (237.1 KB). Loaded Objects now: 2993.
Memory consumption went from 110.6 MB to 110.4 MB.
Total: 32.008459 ms (FindLiveObjects: 0.264792 ms CreateObjectMapping: 0.055166 ms MarkObjects: 31.199625 ms  DeleteObjects: 0.488500 ms)

Prepare: number of updated asset objects reloaded= 0
========================================================================
Received Prepare
Begin MonoManager ReloadAssembly
[Licensing::Client] Successfully resolved entitlement details
[Licensing::Module] License group:
  Id: F4-QKKD-GK3D-QK4Z-FWRN-XXXX
  Product: Unity Personal
  Type: ULF
  Expiration: Unlimited
[Licensing::Module] License group:
  Id: 5773889045670-UnityPersXXXX
  Product: Unity Personal
  Type: Assigned
  Expiration: Unlimited
Thread 0x16d507000 may have been prematurely finalized
Symbol file LoadedFromMemory is not a mono symbol file
- Loaded All Assemblies, in  0.431 seconds
Refreshing native plugins compatible for Editor in 0.13 ms, found 1 plugins.
Native extension for WindowsStandalone target not found
Native extension for OSXStandalone target not found
Native extension for WebGL target not found
[Package Manager] Failed to launch server process. Reason: Unity was launched with the -noUpm command-line argument
[Package Manager] Unable to send message (not connected to server process).
[Package Manager] Cannot connect to Unity Package Manager local server
[Package Manager] Failed to launch server process. Reason: Unity was launched with the -noUpm command-line argument
[Package Manager] Unable to send message (not connected to server process).
[Package Manager] Cannot connect to Unity Package Manager local server
ScheduleIndexationOnStartup MainProcess:False IndexOnStartup:True
Mono: successfully reloaded assembly
- Finished resetting the current domain, in  0.398 seconds
Domain Reload Profiling: 830ms
	BeginReloadAssembly (172ms)
		ExecutionOrderSort (0ms)
		DisableScriptedObjects (5ms)
		BackupInstance (0ms)
		ReleaseScriptingObjects (0ms)
		CreateAndSetChildDomain (49ms)
	RebuildCommonClasses (24ms)
	RebuildNativeTypeToScriptingClass (9ms)
	initialDomainReloadingComplete (14ms)
	LoadAllAssembliesAndSetupDomain (212ms)
		LoadAssemblies (178ms)
		RebuildTransferFunctionScriptingTraits (0ms)
		AnalyzeDomain (85ms)
			TypeCache.Refresh (9ms)
				TypeCache.ScanAssembly (1ms)
			BuildScriptInfoCaches (71ms)
			ResolveRequiredComponents (2ms)
	FinalizeReload (398ms)
		ReleaseScriptCaches (0ms)
		RebuildScriptCaches (0ms)
		SetupLoadedEditorAssemblies (325ms)
			LogAssemblyErrors (0ms)
			InitializePlatformSupportModulesInManaged (2ms)
			SetLoadedEditorAssemblies (3ms)
			BeforeProcessingInitializeOnLoad (71ms)
			ProcessInitializeOnLoadAttributes (223ms)
			ProcessInitializeOnLoadMethodAttributes (24ms)
			AfterProcessingInitializeOnLoad (1ms)
			EditorAssembliesLoaded (0ms)
		ExecutionOrderSort2 (0ms)
		AwakeInstancesAfterBackupRestoration (2ms)
Refreshing native plugins compatible for Editor in 0.24 ms, found 1 plugins.
Preloading 0 native plugins for Editor in 0.00 ms.
Unloading 0 Unused Serialized files (Serialized files now loaded: 0)
Unloading 2275 unused Assets / (65.0 KB). Loaded Objects now: 2994.
Memory consumption went from 119.3 MB to 119.3 MB.
Total: 6.260375 ms (FindLiveObjects: 0.160458 ms CreateObjectMapping: 0.050125 ms MarkObjects: 5.295375 ms  DeleteObjects: 0.753791 ms)

Prepare: number of updated asset objects reloaded= 0
========================================================================
Received Prepare
Begin MonoManager ReloadAssembly
Thread 0x16d507000 may have been prematurely finalized
Symbol file LoadedFromMemory is not a mono symbol file
- Loaded All Assemblies, in  0.275 seconds
Refreshing native plugins compatible for Editor in 0.19 ms, found 1 plugins.
Native extension for WindowsStandalone target not found
Native extension for OSXStandalone target not found
Native extension for WebGL target not found
[Package Manager] Failed to launch server process. Reason: Unity was launched with the -noUpm command-line argument
[Package Manager] Unable to send message (not connected to server process).
[Package Manager] Cannot connect to Unity Package Manager local server
[Package Manager] Failed to launch server process. Reason: Unity was launched with the -noUpm command-line argument
[Package Manager] Unable to send message (not connected to server process).
[Package Manager] Cannot connect to Unity Package Manager local server
ScheduleIndexationOnStartup MainProcess:False IndexOnStartup:True
Mono: successfully reloaded assembly
- Finished resetting the current domain, in  0.382 seconds
Domain Reload Profiling: 659ms
	BeginReloadAssembly (92ms)
		ExecutionOrderSort (0ms)
		DisableScriptedObjects (3ms)
		BackupInstance (0ms)
		ReleaseScriptingObjects (0ms)
		CreateAndSetChildDomain (22ms)
	RebuildCommonClasses (23ms)
	RebuildNativeTypeToScriptingClass (8ms)
	initialDomainReloadingComplete (11ms)
	LoadAllAssembliesAndSetupDomain (143ms)
		LoadAssemblies (117ms)
		RebuildTransferFunctionScriptingTraits (0ms)
		AnalyzeDomain (61ms)
			TypeCache.Refresh (5ms)
				TypeCache.ScanAssembly (0ms)
			BuildScriptInfoCaches (51ms)
			ResolveRequiredComponents (3ms)
	FinalizeReload (382ms)
		ReleaseScriptCaches (0ms)
		RebuildScriptCaches (0ms)
		SetupLoadedEditorAssemblies (307ms)
			LogAssemblyErrors (0ms)
			InitializePlatformSupportModulesInManaged (2ms)
			SetLoadedEditorAssemblies (2ms)
			BeforeProcessingInitializeOnLoad (65ms)
			ProcessInitializeOnLoadAttributes (214ms)
			ProcessInitializeOnLoadMethodAttributes (23ms)
			AfterProcessingInitializeOnLoad (1ms)
			EditorAssembliesLoaded (0ms)
		ExecutionOrderSort2 (0ms)
		AwakeInstancesAfterBackupRestoration (2ms)
Refreshing native plugins compatible for Editor in 0.17 ms, found 1 plugins.
Preloading 0 native plugins for Editor in 0.00 ms.
Unloading 0 Unused Serialized files (Serialized files now loaded: 0)
Unloading 2275 unused Assets / (170.7 KB). Loaded Objects now: 2995.
Memory consumption went from 119.3 MB to 119.2 MB.
Total: 4.653583 ms (FindLiveObjects: 0.129625 ms CreateObjectMapping: 0.043583 ms MarkObjects: 4.131917 ms  DeleteObjects: 0.348083 ms)

Prepare: number of updated asset objects reloaded= 0
========================================================================
Received Prepare
Begin MonoManager ReloadAssembly
[Licensing::Client] Successfully resolved entitlement details
[Licensing::Module] License group:
  Id: F4-QKKD-GK3D-QK4Z-FWRN-XXXX
  Product: Unity Personal
  Type: ULF
  Expiration: Unlimited
[Licensing::Module] License group:
  Id: 5773889045670-UnityPersXXXX
  Product: Unity Personal
  Type: Assigned
  Expiration: Unlimited
Thread 0x16d507000 may have been prematurely finalized
Symbol file LoadedFromMemory is not a mono symbol file
- Loaded All Assemblies, in  0.483 seconds
Refreshing native plugins compatible for Editor in 0.12 ms, found 1 plugins.
Native extension for WindowsStandalone target not found
Native extension for OSXStandalone target not found
Native extension for WebGL target not found
[Package Manager] Failed to launch server process. Reason: Unity was launched with the -noUpm command-line argument
[Package Manager] Unable to send message (not connected to server process).
[Package Manager] Cannot connect to Unity Package Manager local server
[Package Manager] Failed to launch server process. Reason: Unity was launched with the -noUpm command-line argument
[Package Manager] Unable to send message (not connected to server process).
[Package Manager] Cannot connect to Unity Package Manager local server
ScheduleIndexationOnStartup MainProcess:False IndexOnStartup:True
Mono: successfully reloaded assembly
- Finished resetting the current domain, in  0.393 seconds
Domain Reload Profiling: 877ms
	BeginReloadAssembly (178ms)
		ExecutionOrderSort (0ms)
		DisableScriptedObjects (11ms)
		BackupInstance (0ms)
		ReleaseScriptingObjects (0ms)
		CreateAndSetChildDomain (61ms)
	RebuildCommonClasses (25ms)
	RebuildNativeTypeToScriptingClass (9ms)
	initialDomainReloadingComplete (24ms)
	LoadAllAssembliesAndSetupDomain (248ms)
		LoadAssemblies (209ms)
		RebuildTransferFunctionScriptingTraits (0ms)
		AnalyzeDomain (100ms)
			TypeCache.Refresh (11ms)
				TypeCache.ScanAssembly (1ms)
			BuildScriptInfoCaches (81ms)
			ResolveRequiredComponents (4ms)
	FinalizeReload (393ms)
		ReleaseScriptCaches (0ms)
		RebuildScriptCaches (0ms)
		SetupLoadedEditorAssemblies (312ms)
			LogAssemblyErrors (0ms)
			InitializePlatformSupportModulesInManaged (2ms)
			SetLoadedEditorAssemblies (2ms)
			BeforeProcessingInitializeOnLoad (84ms)
			ProcessInitializeOnLoadAttributes (200ms)
			ProcessInitializeOnLoadMethodAttributes (22ms)
			AfterProcessingInitializeOnLoad (1ms)
			EditorAssembliesLoaded (0ms)
		ExecutionOrderSort2 (0ms)
		AwakeInstancesAfterBackupRestoration (2ms)
Refreshing native plugins compatible for Editor in 0.15 ms, found 1 plugins.
Preloading 0 native plugins for Editor in 0.00 ms.
Unloading 0 Unused Serialized files (Serialized files now loaded: 0)
Unloading 2275 unused Assets / (64.9 KB). Loaded Objects now: 2996.
Memory consumption went from 119.3 MB to 119.3 MB.
Total: 5.265375 ms (FindLiveObjects: 0.124416 ms CreateObjectMapping: 0.042292 ms MarkObjects: 4.795083 ms  DeleteObjects: 0.303334 ms)

Prepare: number of updated asset objects reloaded= 0
========================================================================
Received Prepare
Begin MonoManager ReloadAssembly
Thread 0x16d507000 may have been prematurely finalized
Symbol file LoadedFromMemory is not a mono symbol file
- Loaded All Assemblies, in  0.280 seconds
Refreshing native plugins compatible for Editor in 0.18 ms, found 1 plugins.
Native extension for WindowsStandalone target not found
Native extension for OSXStandalone target not found
Native extension for WebGL target not found
[Package Manager] Failed to launch server process. Reason: Unity was launched with the -noUpm command-line argument
[Package Manager] Unable to send message (not connected to server process).
[Package Manager] Cannot connect to Unity Package Manager local server
[Package Manager] Failed to launch server process. Reason: Unity was launched with the -noUpm command-line argument
[Package Manager] Unable to send message (not connected to server process).
[Package Manager] Cannot connect to Unity Package Manager local server
ScheduleIndexationOnStartup MainProcess:False IndexOnStartup:True
Mono: successfully reloaded assembly
- Finished resetting the current domain, in  0.383 seconds
Domain Reload Profiling: 664ms
	BeginReloadAssembly (96ms)
		ExecutionOrderSort (0ms)
		DisableScriptedObjects (3ms)
		BackupInstance (0ms)
		ReleaseScriptingObjects (0ms)
		CreateAndSetChildDomain (24ms)
	RebuildCommonClasses (24ms)
	RebuildNativeTypeToScriptingClass (9ms)
	initialDomainReloadingComplete (12ms)
	LoadAllAssembliesAndSetupDomain (141ms)
		LoadAssemblies (121ms)
		RebuildTransferFunctionScriptingTraits (0ms)
		AnalyzeDomain (59ms)
			TypeCache.Refresh (7ms)
				TypeCache.ScanAssembly (0ms)
			BuildScriptInfoCaches (47ms)
			ResolveRequiredComponents (2ms)
	FinalizeReload (384ms)
		ReleaseScriptCaches (0ms)
		RebuildScriptCaches (0ms)
		SetupLoadedEditorAssemblies (306ms)
			LogAssemblyErrors (0ms)
			InitializePlatformSupportModulesInManaged (2ms)
			SetLoadedEditorAssemblies (2ms)
			BeforeProcessingInitializeOnLoad (74ms)
			ProcessInitializeOnLoadAttributes (202ms)
			ProcessInitializeOnLoadMethodAttributes (26ms)
			AfterProcessingInitializeOnLoad (1ms)
			EditorAssembliesLoaded (0ms)
		ExecutionOrderSort2 (0ms)
		AwakeInstancesAfterBackupRestoration (2ms)
Refreshing native plugins compatible for Editor in 0.21 ms, found 1 plugins.
Preloading 0 native plugins for Editor in 0.00 ms.
Unloading 0 Unused Serialized files (Serialized files now loaded: 0)
Unloading 2275 unused Assets / (64.9 KB). Loaded Objects now: 2997.
Memory consumption went from 119.3 MB to 119.3 MB.
Total: 7.681042 ms (FindLiveObjects: 0.152750 ms CreateObjectMapping: 0.049666 ms MarkObjects: 7.224083 ms  DeleteObjects: 0.253833 ms)

Prepare: number of updated asset objects reloaded= 0
========================================================================
Received Prepare
Refreshing native plugins compatible for Editor in 0.22 ms, found 1 plugins.
Preloading 0 native plugins for Editor in 0.00 ms.
Unloading 0 Unused Serialized files (Serialized files now loaded: 0)
Unloading 0 unused Assets / (0 B). Loaded Objects now: 2997.
Memory consumption went from 108.7 MB to 108.7 MB.
Total: 34.758083 ms (FindLiveObjects: 0.146000 ms CreateObjectMapping: 0.021875 ms MarkObjects: 34.584583 ms  DeleteObjects: 0.005291 ms)

Prepare: number of updated asset objects reloaded= 18
========================================================================
Received Prepare
Refreshing native plugins compatible for Editor in 0.19 ms, found 1 plugins.
Preloading 0 native plugins for Editor in 0.00 ms.
Unloading 0 Unused Serialized files (Serialized files now loaded: 0)
Unloading 0 unused Assets / (0 B). Loaded Objects now: 2997.
Memory consumption went from 108.9 MB to 108.9 MB.
Total: 3.891958 ms (FindLiveObjects: 0.068292 ms CreateObjectMapping: 0.021416 ms MarkObjects: 3.795959 ms  DeleteObjects: 0.006041 ms)

Prepare: number of updated asset objects reloaded= 0
========================================================================
Received Import Request.
  Time since last request: 638.310340 seconds.
  path: Assets/Materials/UI/Crosshair.mat
  artifactKey: Guid(7f67c8354818e4dccb3b15b3d8576400) Importer(815301076,1909f56bfc062723c751e8b465ee728b)
Start importing Assets/Materials/UI/Crosshair.mat using Guid(7f67c8354818e4dccb3b15b3d8576400) Importer(815301076,1909f56bfc062723c751e8b465ee728b) (PreviewImporter) -> (artifact id: '13917fbd80e49ca8976c839843563f6c') in 0.09105225 seconds
Number of updated asset objects reloaded before import = 0Number of asset objects unloaded after import = 1

========================================================================
Received Prepare
Begin MonoManager ReloadAssembly
Thread 0x16d507000 may have been prematurely finalized
Symbol file LoadedFromMemory is not a mono symbol file
- Loaded All Assemblies, in  0.435 seconds
Refreshing native plugins compatible for Editor in 0.14 ms, found 1 plugins.
Native extension for WindowsStandalone target not found
Native extension for OSXStandalone target not found
Native extension for WebGL target not found
[Package Manager] Failed to launch server process. Reason: Unity was launched with the -noUpm command-line argument
[Package Manager] Unable to send message (not connected to server process).
[Package Manager] Cannot connect to Unity Package Manager local server
[Package Manager] Failed to launch server process. Reason: Unity was launched with the -noUpm command-line argument
[Package Manager] Unable to send message (not connected to server process).
[Package Manager] Cannot connect to Unity Package Manager local server
ScheduleIndexationOnStartup MainProcess:False IndexOnStartup:True
Mono: successfully reloaded assembly
- Finished resetting the current domain, in  0.440 seconds
Domain Reload Profiling: 877ms
	BeginReloadAssembly (160ms)
		ExecutionOrderSort (0ms)
		DisableScriptedObjects (3ms)
		BackupInstance (0ms)
		ReleaseScriptingObjects (0ms)
		CreateAndSetChildDomain (65ms)
	RebuildCommonClasses (25ms)
	RebuildNativeTypeToScriptingClass (10ms)
	initialDomainReloadingComplete (16ms)
	LoadAllAssembliesAndSetupDomain (226ms)
		LoadAssemblies (176ms)
		RebuildTransferFunctionScriptingTraits (0ms)
		AnalyzeDomain (106ms)
			TypeCache.Refresh (50ms)
				TypeCache.ScanAssembly (36ms)
			BuildScriptInfoCaches (53ms)
			ResolveRequiredComponents (2ms)
	FinalizeReload (441ms)
		ReleaseScriptCaches (0ms)
		RebuildScriptCaches (0ms)
		SetupLoadedEditorAssemblies (342ms)
			LogAssemblyErrors (0ms)
			InitializePlatformSupportModulesInManaged (2ms)
			SetLoadedEditorAssemblies (4ms)
			BeforeProcessingInitializeOnLoad (75ms)
			ProcessInitializeOnLoadAttributes (218ms)
			ProcessInitializeOnLoadMethodAttributes (42ms)
			AfterProcessingInitializeOnLoad (1ms)
			EditorAssembliesLoaded (0ms)
		ExecutionOrderSort2 (0ms)
		AwakeInstancesAfterBackupRestoration (3ms)
Refreshing native plugins compatible for Editor in 0.24 ms, found 1 plugins.
Preloading 0 native plugins for Editor in 0.00 ms.
Unloading 0 Unused Serialized files (Serialized files now loaded: 0)
Unloading 2275 unused Assets / (144.4 KB). Loaded Objects now: 2998.
Memory consumption went from 119.6 MB to 119.5 MB.
Total: 6.252125 ms (FindLiveObjects: 0.179625 ms CreateObjectMapping: 0.052500 ms MarkObjects: 5.647625 ms  DeleteObjects: 0.371083 ms)

Prepare: number of updated asset objects reloaded= 0
========================================================================
Received Prepare
Begin MonoManager ReloadAssembly
[Licensing::Client] Successfully resolved entitlement details
[Licensing::Module] License group:
  Id: F4-QKKD-GK3D-QK4Z-FWRN-XXXX
  Product: Unity Personal
  Type: ULF
  Expiration: Unlimited
[Licensing::Module] License group:
  Id: 5773889045670-UnityPersXXXX
  Product: Unity Personal
  Type: Assigned
  Expiration: Unlimited
Thread 0x16d507000 may have been prematurely finalized
Symbol file LoadedFromMemory is not a mono symbol file
- Loaded All Assemblies, in  0.328 seconds
Refreshing native plugins compatible for Editor in 0.30 ms, found 1 plugins.
Native extension for WindowsStandalone target not found
Native extension for OSXStandalone target not found
Native extension for WebGL target not found
[Package Manager] Failed to launch server process. Reason: Unity was launched with the -noUpm command-line argument
[Package Manager] Unable to send message (not connected to server process).
[Package Manager] Cannot connect to Unity Package Manager local server
[Package Manager] Failed to launch server process. Reason: Unity was launched with the -noUpm command-line argument
[Package Manager] Unable to send message (not connected to server process).
[Package Manager] Cannot connect to Unity Package Manager local server
ScheduleIndexationOnStartup MainProcess:False IndexOnStartup:True
Mono: successfully reloaded assembly
- Finished resetting the current domain, in  0.415 seconds
Domain Reload Profiling: 746ms
	BeginReloadAssembly (129ms)
		ExecutionOrderSort (0ms)
		DisableScriptedObjects (6ms)
		BackupInstance (0ms)
		ReleaseScriptingObjects (0ms)
		CreateAndSetChildDomain (47ms)
	RebuildCommonClasses (22ms)
	RebuildNativeTypeToScriptingClass (9ms)
	initialDomainReloadingComplete (13ms)
	LoadAllAssembliesAndSetupDomain (157ms)
		LoadAssemblies (127ms)
		RebuildTransferFunctionScriptingTraits (0ms)
		AnalyzeDomain (66ms)
			TypeCache.Refresh (6ms)
				TypeCache.ScanAssembly (0ms)
			BuildScriptInfoCaches (53ms)
			ResolveRequiredComponents (2ms)
	FinalizeReload (416ms)
		ReleaseScriptCaches (0ms)
		RebuildScriptCaches (0ms)
		SetupLoadedEditorAssemblies (320ms)
			LogAssemblyErrors (0ms)
			InitializePlatformSupportModulesInManaged (5ms)
			SetLoadedEditorAssemblies (3ms)
			BeforeProcessingInitializeOnLoad (75ms)
			ProcessInitializeOnLoadAttributes (211ms)
			ProcessInitializeOnLoadMethodAttributes (26ms)
			AfterProcessingInitializeOnLoad (1ms)
			EditorAssembliesLoaded (0ms)
		ExecutionOrderSort2 (0ms)
		AwakeInstancesAfterBackupRestoration (3ms)
Refreshing native plugins compatible for Editor in 0.22 ms, found 1 plugins.
Preloading 0 native plugins for Editor in 0.00 ms.
Unloading 0 Unused Serialized files (Serialized files now loaded: 0)
Unloading 2275 unused Assets / (354.0 KB). Loaded Objects now: 2999.
Memory consumption went from 118.9 MB to 118.6 MB.
Total: 3.789542 ms (FindLiveObjects: 0.128542 ms CreateObjectMapping: 0.048875 ms MarkObjects: 3.320875 ms  DeleteObjects: 0.291000 ms)

Prepare: number of updated asset objects reloaded= 0
========================================================================
Received Import Request.
  Time since last request: 52.465596 seconds.
  path: Assets/Materials/UI/Blur.mat
  artifactKey: Guid(02daeeec2314646068ade128508ae497) Importer(815301076,1909f56bfc062723c751e8b465ee728b)
Start importing Assets/Materials/UI/Blur.mat using Guid(02daeeec2314646068ade128508ae497) Importer(815301076,1909f56bfc062723c751e8b465ee728b) (PreviewImporter) -> (artifact id: 'd8ec148ab1c6e336fff1fcb39615a565') in 0.154531666 seconds
Number of updated asset objects reloaded before import = 0Number of asset objects unloaded after import = 1

========================================================================
Received Prepare
Begin MonoManager ReloadAssembly
[Licensing::Client] Successfully resolved entitlement details
[Licensing::Module] License group:
  Id: F4-QKKD-GK3D-QK4Z-FWRN-XXXX
  Product: Unity Personal
  Type: ULF
  Expiration: Unlimited
[Licensing::Module] License group:
  Id: 5773889045670-UnityPersXXXX
  Product: Unity Personal
  Type: Assigned
  Expiration: Unlimited
Thread 0x16d507000 may have been prematurely finalized
Symbol file LoadedFromMemory is not a mono symbol file
- Loaded All Assemblies, in  0.497 seconds
Refreshing native plugins compatible for Editor in 0.12 ms, found 1 plugins.
Native extension for WindowsStandalone target not found
Native extension for OSXStandalone target not found
Native extension for WebGL target not found
[Package Manager] Failed to launch server process. Reason: Unity was launched with the -noUpm command-line argument
[Package Manager] Unable to send message (not connected to server process).
[Package Manager] Cannot connect to Unity Package Manager local server
[Package Manager] Failed to launch server process. Reason: Unity was launched with the -noUpm command-line argument
[Package Manager] Unable to send message (not connected to server process).
[Package Manager] Cannot connect to Unity Package Manager local server
ScheduleIndexationOnStartup MainProcess:False IndexOnStartup:True
Mono: successfully reloaded assembly
- Finished resetting the current domain, in  0.427 seconds
Domain Reload Profiling: 926ms
	BeginReloadAssembly (207ms)
		ExecutionOrderSort (0ms)
		DisableScriptedObjects (5ms)
		BackupInstance (0ms)
		ReleaseScriptingObjects (0ms)
		CreateAndSetChildDomain (72ms)
	RebuildCommonClasses (25ms)
	RebuildNativeTypeToScriptingClass (10ms)
	initialDomainReloadingComplete (32ms)
	LoadAllAssembliesAndSetupDomain (224ms)
		LoadAssemblies (175ms)
		RebuildTransferFunctionScriptingTraits (0ms)
		AnalyzeDomain (110ms)
			TypeCache.Refresh (14ms)
				TypeCache.ScanAssembly (0ms)
			BuildScriptInfoCaches (92ms)
			ResolveRequiredComponents (2ms)
	FinalizeReload (427ms)
		ReleaseScriptCaches (0ms)
		RebuildScriptCaches (0ms)
		SetupLoadedEditorAssemblies (351ms)
			LogAssemblyErrors (0ms)
			InitializePlatformSupportModulesInManaged (2ms)
			SetLoadedEditorAssemblies (2ms)
			BeforeProcessingInitializeOnLoad (74ms)
			ProcessInitializeOnLoadAttributes (245ms)
			ProcessInitializeOnLoadMethodAttributes (27ms)
			AfterProcessingInitializeOnLoad (1ms)
			EditorAssembliesLoaded (0ms)
		ExecutionOrderSort2 (0ms)
		AwakeInstancesAfterBackupRestoration (3ms)
Refreshing native plugins compatible for Editor in 0.19 ms, found 1 plugins.
Preloading 0 native plugins for Editor in 0.00 ms.
Unloading 0 Unused Serialized files (Serialized files now loaded: 0)
Unloading 2275 unused Assets / (174.3 KB). Loaded Objects now: 3000.
Memory consumption went from 119.0 MB to 118.8 MB.
Total: 5.403375 ms (FindLiveObjects: 0.165958 ms CreateObjectMapping: 0.060750 ms MarkObjects: 4.811750 ms  DeleteObjects: 0.364666 ms)

Prepare: number of updated asset objects reloaded= 0
========================================================================
Received Prepare
Refreshing native plugins compatible for Editor in 0.14 ms, found 1 plugins.
Preloading 0 native plugins for Editor in 0.00 ms.
Unloading 0 Unused Serialized files (Serialized files now loaded: 0)
Unloading 2271 unused Assets / (120.6 KB). Loaded Objects now: 3000.
Memory consumption went from 110.0 MB to 109.9 MB.
Total: 18.431000 ms (FindLiveObjects: 0.244958 ms CreateObjectMapping: 0.047042 ms MarkObjects: 17.825791 ms  DeleteObjects: 0.312250 ms)

Prepare: number of updated asset objects reloaded= 0
========================================================================
Received Prepare
Begin MonoManager ReloadAssembly
[Licensing::Client] Successfully resolved entitlement details
[Licensing::Module] License group:
  Id: F4-QKKD-GK3D-QK4Z-FWRN-XXXX
  Product: Unity Personal
  Type: ULF
  Expiration: Unlimited
[Licensing::Module] License group:
  Id: 5773889045670-UnityPersXXXX
  Product: Unity Personal
  Type: Assigned
  Expiration: Unlimited
Thread 0x16d507000 may have been prematurely finalized
Symbol file LoadedFromMemory is not a mono symbol file
- Loaded All Assemblies, in  0.440 seconds
Refreshing native plugins compatible for Editor in 0.15 ms, found 1 plugins.
Native extension for WindowsStandalone target not found
Native extension for OSXStandalone target not found
Native extension for WebGL target not found
[Package Manager] Failed to launch server process. Reason: Unity was launched with the -noUpm command-line argument
[Package Manager] Unable to send message (not connected to server process).
[Package Manager] Cannot connect to Unity Package Manager local server
[Package Manager] Failed to launch server process. Reason: Unity was launched with the -noUpm command-line argument
[Package Manager] Unable to send message (not connected to server process).
[Package Manager] Cannot connect to Unity Package Manager local server
ScheduleIndexationOnStartup MainProcess:False IndexOnStartup:True
Mono: successfully reloaded assembly
- Finished resetting the current domain, in  0.410 seconds
Domain Reload Profiling: 852ms
	BeginReloadAssembly (181ms)
		ExecutionOrderSort (0ms)
		DisableScriptedObjects (4ms)
		BackupInstance (0ms)
		ReleaseScriptingObjects (0ms)
		CreateAndSetChildDomain (57ms)
	RebuildCommonClasses (25ms)
	RebuildNativeTypeToScriptingClass (8ms)
	initialDomainReloadingComplete (16ms)
	LoadAllAssembliesAndSetupDomain (211ms)
		LoadAssemblies (193ms)
		RebuildTransferFunctionScriptingTraits (0ms)
		AnalyzeDomain (83ms)
			TypeCache.Refresh (10ms)
				TypeCache.ScanAssembly (1ms)
			BuildScriptInfoCaches (68ms)
			ResolveRequiredComponents (2ms)
	FinalizeReload (410ms)
		ReleaseScriptCaches (0ms)
		RebuildScriptCaches (0ms)
		SetupLoadedEditorAssemblies (328ms)
			LogAssemblyErrors (0ms)
			InitializePlatformSupportModulesInManaged (2ms)
			SetLoadedEditorAssemblies (2ms)
			BeforeProcessingInitializeOnLoad (73ms)
			ProcessInitializeOnLoadAttributes (222ms)
			ProcessInitializeOnLoadMethodAttributes (26ms)
			AfterProcessingInitializeOnLoad (1ms)
			EditorAssembliesLoaded (0ms)
		ExecutionOrderSort2 (0ms)
		AwakeInstancesAfterBackupRestoration (2ms)
Refreshing native plugins compatible for Editor in 0.17 ms, found 1 plugins.
Preloading 0 native plugins for Editor in 0.00 ms.
Unloading 0 Unused Serialized files (Serialized files now loaded: 0)
Unloading 2275 unused Assets / (206.5 KB). Loaded Objects now: 3001.
Memory consumption went from 118.9 MB to 118.7 MB.
Total: 4.464708 ms (FindLiveObjects: 0.120208 ms CreateObjectMapping: 0.098417 ms MarkObjects: 3.880125 ms  DeleteObjects: 0.365667 ms)

Prepare: number of updated asset objects reloaded= 0
========================================================================
Received Prepare
Begin MonoManager ReloadAssembly
Thread 0x16d507000 may have been prematurely finalized
Symbol file LoadedFromMemory is not a mono symbol file
- Loaded All Assemblies, in  0.270 seconds
Refreshing native plugins compatible for Editor in 0.12 ms, found 1 plugins.
Native extension for WindowsStandalone target not found
Native extension for OSXStandalone target not found
Native extension for WebGL target not found
[Package Manager] Failed to launch server process. Reason: Unity was launched with the -noUpm command-line argument
[Package Manager] Unable to send message (not connected to server process).
[Package Manager] Cannot connect to Unity Package Manager local server
[Package Manager] Failed to launch server process. Reason: Unity was launched with the -noUpm command-line argument
[Package Manager] Unable to send message (not connected to server process).
[Package Manager] Cannot connect to Unity Package Manager local server
ScheduleIndexationOnStartup MainProcess:False IndexOnStartup:True
Mono: successfully reloaded assembly
- Finished resetting the current domain, in  0.375 seconds
Domain Reload Profiling: 647ms
	BeginReloadAssembly (93ms)
		ExecutionOrderSort (0ms)
		DisableScriptedObjects (3ms)
		BackupInstance (0ms)
		ReleaseScriptingObjects (0ms)
		CreateAndSetChildDomain (27ms)
	RebuildCommonClasses (25ms)
	RebuildNativeTypeToScriptingClass (10ms)
	initialDomainReloadingComplete (11ms)
	LoadAllAssembliesAndSetupDomain (133ms)
		LoadAssemblies (101ms)
		RebuildTransferFunctionScriptingTraits (0ms)
		AnalyzeDomain (64ms)
			TypeCache.Refresh (6ms)
				TypeCache.ScanAssembly (0ms)
			BuildScriptInfoCaches (55ms)
			ResolveRequiredComponents (2ms)
	FinalizeReload (375ms)
		ReleaseScriptCaches (0ms)
		RebuildScriptCaches (0ms)
		SetupLoadedEditorAssemblies (296ms)
			LogAssemblyErrors (0ms)
			InitializePlatformSupportModulesInManaged (2ms)
			SetLoadedEditorAssemblies (2ms)
			BeforeProcessingInitializeOnLoad (66ms)
			ProcessInitializeOnLoadAttributes (200ms)
			ProcessInitializeOnLoadMethodAttributes (24ms)
			AfterProcessingInitializeOnLoad (1ms)
			EditorAssembliesLoaded (0ms)
		ExecutionOrderSort2 (0ms)
		AwakeInstancesAfterBackupRestoration (2ms)
Refreshing native plugins compatible for Editor in 0.18 ms, found 1 plugins.
Preloading 0 native plugins for Editor in 0.00 ms.
Unloading 0 Unused Serialized files (Serialized files now loaded: 0)
Unloading 2275 unused Assets / (177.4 KB). Loaded Objects now: 3002.
Memory consumption went from 118.9 MB to 118.7 MB.
Total: 4.720500 ms (FindLiveObjects: 0.134083 ms CreateObjectMapping: 0.046250 ms MarkObjects: 4.218583 ms  DeleteObjects: 0.320875 ms)

Prepare: number of updated asset objects reloaded= 0
========================================================================
Received Prepare
Refreshing native plugins compatible for Editor in 0.17 ms, found 1 plugins.
Preloading 0 native plugins for Editor in 0.00 ms.
Unloading 0 Unused Serialized files (Serialized files now loaded: 0)
Unloading 2271 unused Assets / (196.9 KB). Loaded Objects now: 3002.
Memory consumption went from 110.0 MB to 109.8 MB.
Total: 25.533417 ms (FindLiveObjects: 0.209166 ms CreateObjectMapping: 0.046084 ms MarkObjects: 24.869209 ms  DeleteObjects: 0.408125 ms)

Prepare: number of updated asset objects reloaded= 0
========================================================================
Received Prepare
Begin MonoManager ReloadAssembly
[Licensing::Client] Successfully resolved entitlement details
[Licensing::Module] License group:
  Id: F4-QKKD-GK3D-QK4Z-FWRN-XXXX
  Product: Unity Personal
  Type: ULF
  Expiration: Unlimited
[Licensing::Module] License group:
  Id: 5773889045670-UnityPersXXXX
  Product: Unity Personal
  Type: Assigned
  Expiration: Unlimited
Thread 0x16d507000 may have been prematurely finalized
Symbol file LoadedFromMemory is not a mono symbol file
- Loaded All Assemblies, in  0.406 seconds
Refreshing native plugins compatible for Editor in 0.15 ms, found 1 plugins.
Native extension for WindowsStandalone target not found
Native extension for OSXStandalone target not found
Native extension for WebGL target not found
[Package Manager] Failed to launch server process. Reason: Unity was launched with the -noUpm command-line argument
[Package Manager] Unable to send message (not connected to server process).
[Package Manager] Cannot connect to Unity Package Manager local server
[Package Manager] Failed to launch server process. Reason: Unity was launched with the -noUpm command-line argument
[Package Manager] Unable to send message (not connected to server process).
[Package Manager] Cannot connect to Unity Package Manager local server
ScheduleIndexationOnStartup MainProcess:False IndexOnStartup:True
Mono: successfully reloaded assembly
- Finished resetting the current domain, in  0.357 seconds
Domain Reload Profiling: 764ms
	BeginReloadAssembly (155ms)
		ExecutionOrderSort (0ms)
		DisableScriptedObjects (4ms)
		BackupInstance (0ms)
		ReleaseScriptingObjects (0ms)
		CreateAndSetChildDomain (50ms)
	RebuildCommonClasses (23ms)
	RebuildNativeTypeToScriptingClass (8ms)
	initialDomainReloadingComplete (13ms)
	LoadAllAssembliesAndSetupDomain (208ms)
		LoadAssemblies (186ms)
		RebuildTransferFunctionScriptingTraits (0ms)
		AnalyzeDomain (67ms)
			TypeCache.Refresh (9ms)
				TypeCache.ScanAssembly (1ms)
			BuildScriptInfoCaches (53ms)
			ResolveRequiredComponents (2ms)
	FinalizeReload (357ms)
		ReleaseScriptCaches (0ms)
		RebuildScriptCaches (0ms)
		SetupLoadedEditorAssemblies (285ms)
			LogAssemblyErrors (0ms)
			InitializePlatformSupportModulesInManaged (2ms)
			SetLoadedEditorAssemblies (2ms)
			BeforeProcessingInitializeOnLoad (65ms)
			ProcessInitializeOnLoadAttributes (193ms)
			ProcessInitializeOnLoadMethodAttributes (22ms)
			AfterProcessingInitializeOnLoad (1ms)
			EditorAssembliesLoaded (0ms)
		ExecutionOrderSort2 (0ms)
		AwakeInstancesAfterBackupRestoration (2ms)
Refreshing native plugins compatible for Editor in 0.17 ms, found 1 plugins.
Preloading 0 native plugins for Editor in 0.00 ms.
Unloading 0 Unused Serialized files (Serialized files now loaded: 0)
Unloading 2275 unused Assets / (182.9 KB). Loaded Objects now: 3003.
Memory consumption went from 118.9 MB to 118.7 MB.
Total: 4.244084 ms (FindLiveObjects: 0.110500 ms CreateObjectMapping: 0.043000 ms MarkObjects: 3.831500 ms  DeleteObjects: 0.258709 ms)

Prepare: number of updated asset objects reloaded= 0
========================================================================
Received Prepare
Begin MonoManager ReloadAssembly
[Licensing::Client] Successfully resolved entitlement details
[Licensing::Module] License group:
  Id: F4-QKKD-GK3D-QK4Z-FWRN-XXXX
  Product: Unity Personal
  Type: ULF
  Expiration: Unlimited
[Licensing::Module] License group:
  Id: 5773889045670-UnityPersXXXX
  Product: Unity Personal
  Type: Assigned
  Expiration: Unlimited
Thread 0x16d507000 may have been prematurely finalized
Symbol file LoadedFromMemory is not a mono symbol file
- Loaded All Assemblies, in  0.496 seconds
Refreshing native plugins compatible for Editor in 0.11 ms, found 1 plugins.
Native extension for WindowsStandalone target not found
Native extension for OSXStandalone target not found
Native extension for WebGL target not found
[Package Manager] Failed to launch server process. Reason: Unity was launched with the -noUpm command-line argument
[Package Manager] Unable to send message (not connected to server process).
[Package Manager] Cannot connect to Unity Package Manager local server
[Package Manager] Failed to launch server process. Reason: Unity was launched with the -noUpm command-line argument
[Package Manager] Unable to send message (not connected to server process).
[Package Manager] Cannot connect to Unity Package Manager local server
ScheduleIndexationOnStartup MainProcess:False IndexOnStartup:True
Mono: successfully reloaded assembly
- Finished resetting the current domain, in  0.367 seconds
Domain Reload Profiling: 865ms
	BeginReloadAssembly (196ms)
		ExecutionOrderSort (0ms)
		DisableScriptedObjects (13ms)
		BackupInstance (0ms)
		ReleaseScriptingObjects (0ms)
		CreateAndSetChildDomain (52ms)
	RebuildCommonClasses (34ms)
	RebuildNativeTypeToScriptingClass (11ms)
	initialDomainReloadingComplete (20ms)
	LoadAllAssembliesAndSetupDomain (237ms)
		LoadAssemblies (246ms)
		RebuildTransferFunctionScriptingTraits (0ms)
		AnalyzeDomain (71ms)
			TypeCache.Refresh (10ms)
				TypeCache.ScanAssembly (0ms)
			BuildScriptInfoCaches (55ms)
			ResolveRequiredComponents (2ms)
	FinalizeReload (367ms)
		ReleaseScriptCaches (0ms)
		RebuildScriptCaches (0ms)
		SetupLoadedEditorAssemblies (295ms)
			LogAssemblyErrors (0ms)
			InitializePlatformSupportModulesInManaged (2ms)
			SetLoadedEditorAssemblies (3ms)
			BeforeProcessingInitializeOnLoad (64ms)
			ProcessInitializeOnLoadAttributes (204ms)
			ProcessInitializeOnLoadMethodAttributes (22ms)
			AfterProcessingInitializeOnLoad (1ms)
			EditorAssembliesLoaded (0ms)
		ExecutionOrderSort2 (0ms)
		AwakeInstancesAfterBackupRestoration (1ms)
Refreshing native plugins compatible for Editor in 0.19 ms, found 1 plugins.
Preloading 0 native plugins for Editor in 0.00 ms.
Unloading 0 Unused Serialized files (Serialized files now loaded: 0)
Unloading 2275 unused Assets / (218.7 KB). Loaded Objects now: 3004.
Memory consumption went from 118.9 MB to 118.7 MB.
Total: 5.401459 ms (FindLiveObjects: 0.132583 ms CreateObjectMapping: 0.040875 ms MarkObjects: 4.629000 ms  DeleteObjects: 0.598709 ms)

Prepare: number of updated asset objects reloaded= 0
========================================================================
Received Prepare
Refreshing native plugins compatible for Editor in 0.21 ms, found 1 plugins.
Preloading 0 native plugins for Editor in 0.00 ms.
Unloading 0 Unused Serialized files (Serialized files now loaded: 0)
Unloading 2271 unused Assets / (1.3 MB). Loaded Objects now: 3004.
Memory consumption went from 110.0 MB to 108.7 MB.
Total: 29.818250 ms (FindLiveObjects: 0.253041 ms CreateObjectMapping: 0.047959 ms MarkObjects: 26.146833 ms  DeleteObjects: 3.369291 ms)

Prepare: number of updated asset objects reloaded= 0
========================================================================
Received Prepare
Begin MonoManager ReloadAssembly
[Licensing::Client] Successfully resolved entitlement details
[Licensing::Module] License group:
  Id: F4-QKKD-GK3D-QK4Z-FWRN-XXXX
  Product: Unity Personal
  Type: ULF
  Expiration: Unlimited
[Licensing::Module] License group:
  Id: 5773889045670-UnityPersXXXX
  Product: Unity Personal
  Type: Assigned
  Expiration: Unlimited
Thread 0x16d507000 may have been prematurely finalized
Symbol file LoadedFromMemory is not a mono symbol file
- Loaded All Assemblies, in  0.390 seconds
Refreshing native plugins compatible for Editor in 0.14 ms, found 1 plugins.
Native extension for WindowsStandalone target not found
Native extension for OSXStandalone target not found
Native extension for WebGL target not found
[Package Manager] Failed to launch server process. Reason: Unity was launched with the -noUpm command-line argument
[Package Manager] Unable to send message (not connected to server process).
[Package Manager] Cannot connect to Unity Package Manager local server
[Package Manager] Failed to launch server process. Reason: Unity was launched with the -noUpm command-line argument
[Package Manager] Unable to send message (not connected to server process).
[Package Manager] Cannot connect to Unity Package Manager local server
ScheduleIndexationOnStartup MainProcess:False IndexOnStartup:True
Mono: successfully reloaded assembly
- Finished resetting the current domain, in  0.371 seconds
Domain Reload Profiling: 764ms
	BeginReloadAssembly (142ms)
		ExecutionOrderSort (0ms)
		DisableScriptedObjects (7ms)
		BackupInstance (0ms)
		ReleaseScriptingObjects (0ms)
		CreateAndSetChildDomain (48ms)
	RebuildCommonClasses (23ms)
	RebuildNativeTypeToScriptingClass (8ms)
	initialDomainReloadingComplete (14ms)
	LoadAllAssembliesAndSetupDomain (205ms)
		LoadAssemblies (177ms)
		RebuildTransferFunctionScriptingTraits (0ms)
		AnalyzeDomain (74ms)
			TypeCache.Refresh (11ms)
				TypeCache.ScanAssembly (1ms)
			BuildScriptInfoCaches (59ms)
			ResolveRequiredComponents (2ms)
	FinalizeReload (372ms)
		ReleaseScriptCaches (0ms)
		RebuildScriptCaches (0ms)
		SetupLoadedEditorAssemblies (298ms)
			LogAssemblyErrors (0ms)
			InitializePlatformSupportModulesInManaged (2ms)
			SetLoadedEditorAssemblies (2ms)
			BeforeProcessingInitializeOnLoad (67ms)
			ProcessInitializeOnLoadAttributes (203ms)
			ProcessInitializeOnLoadMethodAttributes (23ms)
			AfterProcessingInitializeOnLoad (1ms)
			EditorAssembliesLoaded (0ms)
		ExecutionOrderSort2 (0ms)
		AwakeInstancesAfterBackupRestoration (2ms)
Refreshing native plugins compatible for Editor in 0.19 ms, found 1 plugins.
Preloading 0 native plugins for Editor in 0.00 ms.
Unloading 0 Unused Serialized files (Serialized files now loaded: 0)
Unloading 2275 unused Assets / (204.1 KB). Loaded Objects now: 3005.
Memory consumption went from 118.9 MB to 118.7 MB.
Total: 5.084333 ms (FindLiveObjects: 0.174541 ms CreateObjectMapping: 0.051875 ms MarkObjects: 4.467292 ms  DeleteObjects: 0.390458 ms)

Prepare: number of updated asset objects reloaded= 0
========================================================================
Received Prepare
Begin MonoManager ReloadAssembly
Thread 0x16d507000 may have been prematurely finalized
Symbol file LoadedFromMemory is not a mono symbol file
- Loaded All Assemblies, in  0.453 seconds
Refreshing native plugins compatible for Editor in 0.11 ms, found 1 plugins.
Native extension for WindowsStandalone target not found
Native extension for OSXStandalone target not found
Native extension for WebGL target not found
[Package Manager] Failed to launch server process. Reason: Unity was launched with the -noUpm command-line argument
[Package Manager] Unable to send message (not connected to server process).
[Package Manager] Cannot connect to Unity Package Manager local server
[Package Manager] Failed to launch server process. Reason: Unity was launched with the -noUpm command-line argument
[Package Manager] Unable to send message (not connected to server process).
[Package Manager] Cannot connect to Unity Package Manager local server
ScheduleIndexationOnStartup MainProcess:False IndexOnStartup:True
Mono: successfully reloaded assembly
- Finished resetting the current domain, in  0.370 seconds
Domain Reload Profiling: 824ms
	BeginReloadAssembly (172ms)
		ExecutionOrderSort (0ms)
		DisableScriptedObjects (14ms)
		BackupInstance (0ms)
		ReleaseScriptingObjects (0ms)
		CreateAndSetChildDomain (60ms)
	RebuildCommonClasses (24ms)
	RebuildNativeTypeToScriptingClass (8ms)
	initialDomainReloadingComplete (18ms)
	LoadAllAssembliesAndSetupDomain (232ms)
		LoadAssemblies (197ms)
		RebuildTransferFunctionScriptingTraits (0ms)
		AnalyzeDomain (89ms)
			TypeCache.Refresh (7ms)
				TypeCache.ScanAssembly (0ms)
			BuildScriptInfoCaches (79ms)
			ResolveRequiredComponents (2ms)
	FinalizeReload (370ms)
		ReleaseScriptCaches (0ms)
		RebuildScriptCaches (0ms)
		SetupLoadedEditorAssemblies (297ms)
			LogAssemblyErrors (0ms)
			InitializePlatformSupportModulesInManaged (2ms)
			SetLoadedEditorAssemblies (2ms)
			BeforeProcessingInitializeOnLoad (68ms)
			ProcessInitializeOnLoadAttributes (201ms)
			ProcessInitializeOnLoadMethodAttributes (24ms)
			AfterProcessingInitializeOnLoad (1ms)
			EditorAssembliesLoaded (0ms)
		ExecutionOrderSort2 (0ms)
		AwakeInstancesAfterBackupRestoration (2ms)
Refreshing native plugins compatible for Editor in 0.16 ms, found 1 plugins.
Preloading 0 native plugins for Editor in 0.00 ms.
Unloading 0 Unused Serialized files (Serialized files now loaded: 0)
Unloading 2275 unused Assets / (352.6 KB). Loaded Objects now: 3006.
Memory consumption went from 118.9 MB to 118.6 MB.
Total: 4.932958 ms (FindLiveObjects: 0.300084 ms CreateObjectMapping: 0.059333 ms MarkObjects: 4.283167 ms  DeleteObjects: 0.288875 ms)

Prepare: number of updated asset objects reloaded= 0
========================================================================
Received Prepare
Refreshing native plugins compatible for Editor in 0.16 ms, found 1 plugins.
Preloading 0 native plugins for Editor in 0.00 ms.
Unloading 0 Unused Serialized files (Serialized files now loaded: 0)
Unloading 2271 unused Assets / (133.3 KB). Loaded Objects now: 3006.
Memory consumption went from 110.0 MB to 109.9 MB.
Total: 29.704209 ms (FindLiveObjects: 0.490292 ms CreateObjectMapping: 0.056041 ms MarkObjects: 28.780750 ms  DeleteObjects: 0.376292 ms)

Prepare: number of updated asset objects reloaded= 0
========================================================================
Received Prepare
Begin MonoManager ReloadAssembly
[Licensing::Client] Successfully resolved entitlement details
[Licensing::Module] License group:
  Id: F4-QKKD-GK3D-QK4Z-FWRN-XXXX
  Product: Unity Personal
  Type: ULF
  Expiration: Unlimited
[Licensing::Module] License group:
  Id: 5773889045670-UnityPersXXXX
  Product: Unity Personal
  Type: Assigned
  Expiration: Unlimited
Thread 0x16d507000 may have been prematurely finalized
Symbol file LoadedFromMemory is not a mono symbol file
- Loaded All Assemblies, in  0.431 seconds
Refreshing native plugins compatible for Editor in 0.18 ms, found 1 plugins.
Native extension for WindowsStandalone target not found
Native extension for OSXStandalone target not found
Native extension for WebGL target not found
[Package Manager] Failed to launch server process. Reason: Unity was launched with the -noUpm command-line argument
[Package Manager] Unable to send message (not connected to server process).
[Package Manager] Cannot connect to Unity Package Manager local server
[Package Manager] Failed to launch server process. Reason: Unity was launched with the -noUpm command-line argument
[Package Manager] Unable to send message (not connected to server process).
[Package Manager] Cannot connect to Unity Package Manager local server
ScheduleIndexationOnStartup MainProcess:False IndexOnStartup:True
Mono: successfully reloaded assembly
- Finished resetting the current domain, in  0.418 seconds
Domain Reload Profiling: 851ms
	BeginReloadAssembly (163ms)
		ExecutionOrderSort (0ms)
		DisableScriptedObjects (8ms)
		BackupInstance (0ms)
		ReleaseScriptingObjects (0ms)
		CreateAndSetChildDomain (54ms)
	RebuildCommonClasses (24ms)
	RebuildNativeTypeToScriptingClass (10ms)
	initialDomainReloadingComplete (19ms)
	LoadAllAssembliesAndSetupDomain (216ms)
		LoadAssemblies (195ms)
		RebuildTransferFunctionScriptingTraits (0ms)
		AnalyzeDomain (77ms)
			TypeCache.Refresh (11ms)
				TypeCache.ScanAssembly (1ms)
			BuildScriptInfoCaches (62ms)
			ResolveRequiredComponents (2ms)
	FinalizeReload (419ms)
		ReleaseScriptCaches (0ms)
		RebuildScriptCaches (0ms)
		SetupLoadedEditorAssemblies (334ms)
			LogAssemblyErrors (0ms)
			InitializePlatformSupportModulesInManaged (2ms)
			SetLoadedEditorAssemblies (2ms)
			BeforeProcessingInitializeOnLoad (67ms)
			ProcessInitializeOnLoadAttributes (228ms)
			ProcessInitializeOnLoadMethodAttributes (33ms)
			AfterProcessingInitializeOnLoad (1ms)
			EditorAssembliesLoaded (0ms)
		ExecutionOrderSort2 (0ms)
		AwakeInstancesAfterBackupRestoration (4ms)
Refreshing native plugins compatible for Editor in 0.17 ms, found 1 plugins.
Preloading 0 native plugins for Editor in 0.00 ms.
Unloading 0 Unused Serialized files (Serialized files now loaded: 0)
Unloading 2275 unused Assets / (0.6 MB). Loaded Objects now: 3007.
Memory consumption went from 118.9 MB to 118.3 MB.
Total: 9.835250 ms (FindLiveObjects: 0.589375 ms CreateObjectMapping: 0.155583 ms MarkObjects: 8.206875 ms  DeleteObjects: 0.882375 ms)

Prepare: number of updated asset objects reloaded= 0
========================================================================
Received Prepare
Begin MonoManager ReloadAssembly
Thread 0x16d507000 may have been prematurely finalized
Symbol file LoadedFromMemory is not a mono symbol file
- Loaded All Assemblies, in  0.256 seconds
Refreshing native plugins compatible for Editor in 0.11 ms, found 1 plugins.
Native extension for WindowsStandalone target not found
Native extension for OSXStandalone target not found
Native extension for WebGL target not found
[Package Manager] Failed to launch server process. Reason: Unity was launched with the -noUpm command-line argument
[Package Manager] Unable to send message (not connected to server process).
[Package Manager] Cannot connect to Unity Package Manager local server
[Package Manager] Failed to launch server process. Reason: Unity was launched with the -noUpm command-line argument
[Package Manager] Unable to send message (not connected to server process).
[Package Manager] Cannot connect to Unity Package Manager local server
ScheduleIndexationOnStartup MainProcess:False IndexOnStartup:True
Mono: successfully reloaded assembly
- Finished resetting the current domain, in  0.358 seconds
Domain Reload Profiling: 615ms
	BeginReloadAssembly (89ms)
		ExecutionOrderSort (0ms)
		DisableScriptedObjects (3ms)
		BackupInstance (0ms)
		ReleaseScriptingObjects (0ms)
		CreateAndSetChildDomain (27ms)
	RebuildCommonClasses (23ms)
	RebuildNativeTypeToScriptingClass (9ms)
	initialDomainReloadingComplete (11ms)
	LoadAllAssembliesAndSetupDomain (124ms)
		LoadAssemblies (98ms)
		RebuildTransferFunctionScriptingTraits (0ms)
		AnalyzeDomain (56ms)
			TypeCache.Refresh (4ms)
				TypeCache.ScanAssembly (0ms)
			BuildScriptInfoCaches (49ms)
			ResolveRequiredComponents (2ms)
	FinalizeReload (358ms)
		ReleaseScriptCaches (0ms)
		RebuildScriptCaches (0ms)
		SetupLoadedEditorAssemblies (288ms)
			LogAssemblyErrors (0ms)
			InitializePlatformSupportModulesInManaged (2ms)
			SetLoadedEditorAssemblies (2ms)
			BeforeProcessingInitializeOnLoad (64ms)
			ProcessInitializeOnLoadAttributes (197ms)
			ProcessInitializeOnLoadMethodAttributes (21ms)
			AfterProcessingInitializeOnLoad (1ms)
			EditorAssembliesLoaded (0ms)
		ExecutionOrderSort2 (0ms)
		AwakeInstancesAfterBackupRestoration (2ms)
Refreshing native plugins compatible for Editor in 0.20 ms, found 1 plugins.
Preloading 0 native plugins for Editor in 0.00 ms.
Unloading 0 Unused Serialized files (Serialized files now loaded: 0)
Unloading 2275 unused Assets / (265.4 KB). Loaded Objects now: 3008.
Memory consumption went from 118.9 MB to 118.7 MB.
Total: 5.285458 ms (FindLiveObjects: 0.141208 ms CreateObjectMapping: 0.046584 ms MarkObjects: 4.756000 ms  DeleteObjects: 0.341125 ms)

Prepare: number of updated asset objects reloaded= 0
========================================================================
Received Prepare
Refreshing native plugins compatible for Editor in 0.21 ms, found 1 plugins.
Preloading 0 native plugins for Editor in 0.00 ms.
Unloading 0 Unused Serialized files (Serialized files now loaded: 0)
Unloading 2271 unused Assets / (231.9 KB). Loaded Objects now: 3008.
Memory consumption went from 110.0 MB to 109.8 MB.
Total: 22.861667 ms (FindLiveObjects: 0.341041 ms CreateObjectMapping: 0.051000 ms MarkObjects: 21.830750 ms  DeleteObjects: 0.638500 ms)

Prepare: number of updated asset objects reloaded= 0
========================================================================
Received Prepare
Begin MonoManager ReloadAssembly
[Licensing::Client] Successfully resolved entitlement details
[Licensing::Module] License group:
  Id: F4-QKKD-GK3D-QK4Z-FWRN-XXXX
  Product: Unity Personal
  Type: ULF
  Expiration: Unlimited
[Licensing::Module] License group:
  Id: 5773889045670-UnityPersXXXX
  Product: Unity Personal
  Type: Assigned
  Expiration: Unlimited
Thread 0x16d507000 may have been prematurely finalized
Symbol file LoadedFromMemory is not a mono symbol file
- Loaded All Assemblies, in  0.521 seconds
Refreshing native plugins compatible for Editor in 0.15 ms, found 1 plugins.
Native extension for WindowsStandalone target not found
Native extension for OSXStandalone target not found
Native extension for WebGL target not found
[Package Manager] Failed to launch server process. Reason: Unity was launched with the -noUpm command-line argument
[Package Manager] Unable to send message (not connected to server process).
[Package Manager] Cannot connect to Unity Package Manager local server
[Package Manager] Failed to launch server process. Reason: Unity was launched with the -noUpm command-line argument
[Package Manager] Unable to send message (not connected to server process).
[Package Manager] Cannot connect to Unity Package Manager local server
ScheduleIndexationOnStartup MainProcess:False IndexOnStartup:True
Mono: successfully reloaded assembly
- Finished resetting the current domain, in  0.407 seconds
Domain Reload Profiling: 929ms
	BeginReloadAssembly (180ms)
		ExecutionOrderSort (0ms)
		DisableScriptedObjects (13ms)
		BackupInstance (0ms)
		ReleaseScriptingObjects (0ms)
		CreateAndSetChildDomain (62ms)
	RebuildCommonClasses (25ms)
	RebuildNativeTypeToScriptingClass (9ms)
	initialDomainReloadingComplete (20ms)
	LoadAllAssembliesAndSetupDomain (288ms)
		LoadAssemblies (258ms)
		RebuildTransferFunctionScriptingTraits (0ms)
		AnalyzeDomain (89ms)
			TypeCache.Refresh (11ms)
				TypeCache.ScanAssembly (2ms)
			BuildScriptInfoCaches (74ms)
			ResolveRequiredComponents (2ms)
	FinalizeReload (407ms)
		ReleaseScriptCaches (0ms)
		RebuildScriptCaches (0ms)
		SetupLoadedEditorAssemblies (327ms)
			LogAssemblyErrors (0ms)
			InitializePlatformSupportModulesInManaged (3ms)
			SetLoadedEditorAssemblies (3ms)
			BeforeProcessingInitializeOnLoad (70ms)
			ProcessInitializeOnLoadAttributes (226ms)
			ProcessInitializeOnLoadMethodAttributes (24ms)
			AfterProcessingInitializeOnLoad (0ms)
			EditorAssembliesLoaded (0ms)
		ExecutionOrderSort2 (0ms)
		AwakeInstancesAfterBackupRestoration (2ms)
Refreshing native plugins compatible for Editor in 0.20 ms, found 1 plugins.
Preloading 0 native plugins for Editor in 0.00 ms.
Unloading 0 Unused Serialized files (Serialized files now loaded: 0)
Unloading 2275 unused Assets / (88.9 KB). Loaded Objects now: 3009.
Memory consumption went from 118.9 MB to 118.8 MB.
Total: 4.586667 ms (FindLiveObjects: 0.146875 ms CreateObjectMapping: 0.044250 ms MarkObjects: 4.088250 ms  DeleteObjects: 0.306667 ms)

Prepare: number of updated asset objects reloaded= 0
========================================================================
Received Prepare
Begin MonoManager ReloadAssembly
Thread 0x16d47b000 may have been prematurely finalized
Symbol file LoadedFromMemory is not a mono symbol file
- Loaded All Assemblies, in  0.275 seconds
Refreshing native plugins compatible for Editor in 0.12 ms, found 1 plugins.
Native extension for WindowsStandalone target not found
Native extension for OSXStandalone target not found
Native extension for WebGL target not found
[Package Manager] Failed to launch server process. Reason: Unity was launched with the -noUpm command-line argument
[Package Manager] Unable to send message (not connected to server process).
[Package Manager] Cannot connect to Unity Package Manager local server
[Package Manager] Failed to launch server process. Reason: Unity was launched with the -noUpm command-line argument
[Package Manager] Unable to send message (not connected to server process).
[Package Manager] Cannot connect to Unity Package Manager local server
ScheduleIndexationOnStartup MainProcess:False IndexOnStartup:True
Mono: successfully reloaded assembly
- Finished resetting the current domain, in  0.349 seconds
Domain Reload Profiling: 625ms
	BeginReloadAssembly (98ms)
		ExecutionOrderSort (0ms)
		DisableScriptedObjects (3ms)
		BackupInstance (0ms)
		ReleaseScriptingObjects (0ms)
		CreateAndSetChildDomain (29ms)
	RebuildCommonClasses (24ms)
	RebuildNativeTypeToScriptingClass (7ms)
	initialDomainReloadingComplete (12ms)
	LoadAllAssembliesAndSetupDomain (135ms)
		LoadAssemblies (114ms)
		RebuildTransferFunctionScriptingTraits (0ms)
		AnalyzeDomain (53ms)
			TypeCache.Refresh (4ms)
				TypeCache.ScanAssembly (0ms)
			BuildScriptInfoCaches (47ms)
			ResolveRequiredComponents (2ms)
	FinalizeReload (349ms)
		ReleaseScriptCaches (0ms)
		RebuildScriptCaches (0ms)
		SetupLoadedEditorAssemblies (278ms)
			LogAssemblyErrors (0ms)
			InitializePlatformSupportModulesInManaged (2ms)
			SetLoadedEditorAssemblies (2ms)
			BeforeProcessingInitializeOnLoad (64ms)
			ProcessInitializeOnLoadAttributes (187ms)
			ProcessInitializeOnLoadMethodAttributes (22ms)
			AfterProcessingInitializeOnLoad (1ms)
			EditorAssembliesLoaded (0ms)
		ExecutionOrderSort2 (0ms)
		AwakeInstancesAfterBackupRestoration (2ms)
Refreshing native plugins compatible for Editor in 0.21 ms, found 1 plugins.
Preloading 0 native plugins for Editor in 0.00 ms.
Unloading 0 Unused Serialized files (Serialized files now loaded: 0)
Unloading 2275 unused Assets / (65.0 KB). Loaded Objects now: 3010.
Memory consumption went from 118.9 MB to 118.9 MB.
Total: 5.554375 ms (FindLiveObjects: 0.146625 ms CreateObjectMapping: 0.050500 ms MarkObjects: 5.072791 ms  DeleteObjects: 0.283416 ms)

Prepare: number of updated asset objects reloaded= 0
========================================================================
Received Prepare
Refreshing native plugins compatible for Editor in 0.17 ms, found 1 plugins.
Preloading 0 native plugins for Editor in 0.00 ms.
Unloading 0 Unused Serialized files (Serialized files now loaded: 0)
Unloading 2271 unused Assets / (329.1 KB). Loaded Objects now: 3010.
Memory consumption went from 110.0 MB to 109.7 MB.
Total: 4.696875 ms (FindLiveObjects: 0.146792 ms CreateObjectMapping: 0.042208 ms MarkObjects: 4.115708 ms  DeleteObjects: 0.392000 ms)

Prepare: number of updated asset objects reloaded= 0
========================================================================
Received Prepare
Begin MonoManager ReloadAssembly
Thread 0x16d47b000 may have been prematurely finalized
Symbol file LoadedFromMemory is not a mono symbol file
- Loaded All Assemblies, in  0.361 seconds
Refreshing native plugins compatible for Editor in 0.13 ms, found 1 plugins.
Native extension for WindowsStandalone target not found
Native extension for OSXStandalone target not found
Native extension for WebGL target not found
[Package Manager] Failed to launch server process. Reason: Unity was launched with the -noUpm command-line argument
[Package Manager] Unable to send message (not connected to server process).
[Package Manager] Cannot connect to Unity Package Manager local server
[Package Manager] Failed to launch server process. Reason: Unity was launched with the -noUpm command-line argument
[Package Manager] Unable to send message (not connected to server process).
[Package Manager] Cannot connect to Unity Package Manager local server
ScheduleIndexationOnStartup MainProcess:False IndexOnStartup:True
Mono: successfully reloaded assembly
- Finished resetting the current domain, in  0.381 seconds
Domain Reload Profiling: 744ms
	BeginReloadAssembly (112ms)
		ExecutionOrderSort (0ms)
		DisableScriptedObjects (3ms)
		BackupInstance (0ms)
		ReleaseScriptingObjects (0ms)
		CreateAndSetChildDomain (30ms)
	RebuildCommonClasses (25ms)
	RebuildNativeTypeToScriptingClass (8ms)
	initialDomainReloadingComplete (11ms)
	LoadAllAssembliesAndSetupDomain (207ms)
		LoadAssemblies (168ms)
		RebuildTransferFunctionScriptingTraits (0ms)
		AnalyzeDomain (85ms)
			TypeCache.Refresh (10ms)
				TypeCache.ScanAssembly (1ms)
			BuildScriptInfoCaches (69ms)
			ResolveRequiredComponents (2ms)
	FinalizeReload (381ms)
		ReleaseScriptCaches (0ms)
		RebuildScriptCaches (0ms)
		SetupLoadedEditorAssemblies (306ms)
			LogAssemblyErrors (0ms)
			InitializePlatformSupportModulesInManaged (2ms)
			SetLoadedEditorAssemblies (2ms)
			BeforeProcessingInitializeOnLoad (63ms)
			ProcessInitializeOnLoadAttributes (214ms)
			ProcessInitializeOnLoadMethodAttributes (24ms)
			AfterProcessingInitializeOnLoad (1ms)
			EditorAssembliesLoaded (0ms)
		ExecutionOrderSort2 (0ms)
		AwakeInstancesAfterBackupRestoration (2ms)
Refreshing native plugins compatible for Editor in 0.17 ms, found 1 plugins.
Preloading 0 native plugins for Editor in 0.00 ms.
Unloading 0 Unused Serialized files (Serialized files now loaded: 0)
Unloading 2275 unused Assets / (96.8 KB). Loaded Objects now: 3011.
Memory consumption went from 118.9 MB to 118.8 MB.
Total: 4.137625 ms (FindLiveObjects: 0.125708 ms CreateObjectMapping: 0.042500 ms MarkObjects: 3.688625 ms  DeleteObjects: 0.280583 ms)

Prepare: number of updated asset objects reloaded= 0
========================================================================
Received Prepare
Begin MonoManager ReloadAssembly
Thread 0x16d47b000 may have been prematurely finalized
Symbol file LoadedFromMemory is not a mono symbol file
- Loaded All Assemblies, in  0.247 seconds
Refreshing native plugins compatible for Editor in 0.14 ms, found 1 plugins.
Native extension for WindowsStandalone target not found
Native extension for OSXStandalone target not found
Native extension for WebGL target not found
[Package Manager] Failed to launch server process. Reason: Unity was launched with the -noUpm command-line argument
[Package Manager] Unable to send message (not connected to server process).
[Package Manager] Cannot connect to Unity Package Manager local server
[Package Manager] Failed to launch server process. Reason: Unity was launched with the -noUpm command-line argument
[Package Manager] Unable to send message (not connected to server process).
[Package Manager] Cannot connect to Unity Package Manager local server
ScheduleIndexationOnStartup MainProcess:False IndexOnStartup:True
Mono: successfully reloaded assembly
- Finished resetting the current domain, in  0.354 seconds
Domain Reload Profiling: 602ms
	BeginReloadAssembly (87ms)
		ExecutionOrderSort (0ms)
		DisableScriptedObjects (3ms)
		BackupInstance (0ms)
		ReleaseScriptingObjects (0ms)
		CreateAndSetChildDomain (24ms)
	RebuildCommonClasses (22ms)
	RebuildNativeTypeToScriptingClass (7ms)
	initialDomainReloadingComplete (12ms)
	LoadAllAssembliesAndSetupDomain (119ms)
		LoadAssemblies (96ms)
		RebuildTransferFunctionScriptingTraits (0ms)
		AnalyzeDomain (54ms)
			TypeCache.Refresh (4ms)
				TypeCache.ScanAssembly (0ms)
			BuildScriptInfoCaches (46ms)
			ResolveRequiredComponents (2ms)
	FinalizeReload (354ms)
		ReleaseScriptCaches (0ms)
		RebuildScriptCaches (0ms)
		SetupLoadedEditorAssemblies (282ms)
			LogAssemblyErrors (0ms)
			InitializePlatformSupportModulesInManaged (2ms)
			SetLoadedEditorAssemblies (2ms)
			BeforeProcessingInitializeOnLoad (63ms)
			ProcessInitializeOnLoadAttributes (190ms)
			ProcessInitializeOnLoadMethodAttributes (23ms)
			AfterProcessingInitializeOnLoad (1ms)
			EditorAssembliesLoaded (0ms)
		ExecutionOrderSort2 (0ms)
		AwakeInstancesAfterBackupRestoration (2ms)
Refreshing native plugins compatible for Editor in 0.21 ms, found 1 plugins.
Preloading 0 native plugins for Editor in 0.00 ms.
Unloading 0 Unused Serialized files (Serialized files now loaded: 0)
Unloading 2275 unused Assets / (129.4 KB). Loaded Objects now: 3012.
Memory consumption went from 118.9 MB to 118.8 MB.
Total: 4.536709 ms (FindLiveObjects: 0.162791 ms CreateObjectMapping: 0.042917 ms MarkObjects: 3.966042 ms  DeleteObjects: 0.364875 ms)

Prepare: number of updated asset objects reloaded= 0
========================================================================
Received Prepare
Begin MonoManager ReloadAssembly
[Licensing::Client] Successfully resolved entitlement details
[Licensing::Module] License group:
  Id: F4-QKKD-GK3D-QK4Z-FWRN-XXXX
  Product: Unity Personal
  Type: ULF
  Expiration: Unlimited
[Licensing::Module] License group:
  Id: 5773889045670-UnityPersXXXX
  Product: Unity Personal
  Type: Assigned
  Expiration: Unlimited
Thread 0x16d47b000 may have been prematurely finalized
Symbol file LoadedFromMemory is not a mono symbol file
- Loaded All Assemblies, in  0.286 seconds
Refreshing native plugins compatible for Editor in 0.13 ms, found 1 plugins.
Native extension for WindowsStandalone target not found
Native extension for OSXStandalone target not found
Native extension for WebGL target not found
[Package Manager] Failed to launch server process. Reason: Unity was launched with the -noUpm command-line argument
[Package Manager] Unable to send message (not connected to server process).
[Package Manager] Cannot connect to Unity Package Manager local server
[Package Manager] Failed to launch server process. Reason: Unity was launched with the -noUpm command-line argument
[Package Manager] Unable to send message (not connected to server process).
[Package Manager] Cannot connect to Unity Package Manager local server
ScheduleIndexationOnStartup MainProcess:False IndexOnStartup:True
Mono: successfully reloaded assembly
- Finished resetting the current domain, in  0.383 seconds
Domain Reload Profiling: 671ms
	BeginReloadAssembly (98ms)
		ExecutionOrderSort (0ms)
		DisableScriptedObjects (3ms)
		BackupInstance (0ms)
		ReleaseScriptingObjects (0ms)
		CreateAndSetChildDomain (28ms)
	RebuildCommonClasses (23ms)
	RebuildNativeTypeToScriptingClass (8ms)
	initialDomainReloadingComplete (10ms)
	LoadAllAssembliesAndSetupDomain (149ms)
		LoadAssemblies (121ms)
		RebuildTransferFunctionScriptingTraits (0ms)
		AnalyzeDomain (63ms)
			TypeCache.Refresh (7ms)
				TypeCache.ScanAssembly (0ms)
			BuildScriptInfoCaches (53ms)
			ResolveRequiredComponents (2ms)
	FinalizeReload (384ms)
		ReleaseScriptCaches (0ms)
		RebuildScriptCaches (0ms)
		SetupLoadedEditorAssemblies (311ms)
			LogAssemblyErrors (0ms)
			InitializePlatformSupportModulesInManaged (3ms)
			SetLoadedEditorAssemblies (2ms)
			BeforeProcessingInitializeOnLoad (62ms)
			ProcessInitializeOnLoadAttributes (218ms)
			ProcessInitializeOnLoadMethodAttributes (25ms)
			AfterProcessingInitializeOnLoad (1ms)
			EditorAssembliesLoaded (0ms)
		ExecutionOrderSort2 (0ms)
		AwakeInstancesAfterBackupRestoration (2ms)
Refreshing native plugins compatible for Editor in 0.23 ms, found 1 plugins.
Preloading 0 native plugins for Editor in 0.00 ms.
Unloading 0 Unused Serialized files (Serialized files now loaded: 0)
Unloading 2275 unused Assets / (198.5 KB). Loaded Objects now: 3013.
Memory consumption went from 118.9 MB to 118.8 MB.
Total: 5.160166 ms (FindLiveObjects: 0.171583 ms CreateObjectMapping: 0.049834 ms MarkObjects: 4.626500 ms  DeleteObjects: 0.311916 ms)

Prepare: number of updated asset objects reloaded= 0
========================================================================
Received Prepare
Begin MonoManager ReloadAssembly
Thread 0x16d47b000 may have been prematurely finalized
Symbol file LoadedFromMemory is not a mono symbol file
- Loaded All Assemblies, in  0.450 seconds
Refreshing native plugins compatible for Editor in 0.11 ms, found 1 plugins.
Native extension for WindowsStandalone target not found
Native extension for OSXStandalone target not found
Native extension for WebGL target not found
[Package Manager] Failed to launch server process. Reason: Unity was launched with the -noUpm command-line argument
[Package Manager] Unable to send message (not connected to server process).
[Package Manager] Cannot connect to Unity Package Manager local server
[Package Manager] Failed to launch server process. Reason: Unity was launched with the -noUpm command-line argument
[Package Manager] Unable to send message (not connected to server process).
[Package Manager] Cannot connect to Unity Package Manager local server
ScheduleIndexationOnStartup MainProcess:False IndexOnStartup:True
Mono: successfully reloaded assembly
- Finished resetting the current domain, in  0.454 seconds
Domain Reload Profiling: 906ms
	BeginReloadAssembly (207ms)
		ExecutionOrderSort (0ms)
		DisableScriptedObjects (5ms)
		BackupInstance (0ms)
		ReleaseScriptingObjects (0ms)
		CreateAndSetChildDomain (83ms)
	RebuildCommonClasses (26ms)
	RebuildNativeTypeToScriptingClass (9ms)
	initialDomainReloadingComplete (13ms)
	LoadAllAssembliesAndSetupDomain (195ms)
		LoadAssemblies (186ms)
		RebuildTransferFunctionScriptingTraits (0ms)
		AnalyzeDomain (75ms)
			TypeCache.Refresh (6ms)
				TypeCache.ScanAssembly (0ms)
			BuildScriptInfoCaches (65ms)
			ResolveRequiredComponents (2ms)
	FinalizeReload (455ms)
		ReleaseScriptCaches (0ms)
		RebuildScriptCaches (0ms)
		SetupLoadedEditorAssemblies (373ms)
			LogAssemblyErrors (0ms)
			InitializePlatformSupportModulesInManaged (3ms)
			SetLoadedEditorAssemblies (11ms)
			BeforeProcessingInitializeOnLoad (71ms)
			ProcessInitializeOnLoadAttributes (256ms)
			ProcessInitializeOnLoadMethodAttributes (31ms)
			AfterProcessingInitializeOnLoad (1ms)
			EditorAssembliesLoaded (0ms)
		ExecutionOrderSort2 (0ms)
		AwakeInstancesAfterBackupRestoration (2ms)
Refreshing native plugins compatible for Editor in 0.21 ms, found 1 plugins.
Preloading 0 native plugins for Editor in 0.00 ms.
Unloading 0 Unused Serialized files (Serialized files now loaded: 0)
Unloading 2275 unused Assets / (183.4 KB). Loaded Objects now: 3014.
Memory consumption went from 118.9 MB to 118.8 MB.
Total: 8.523708 ms (FindLiveObjects: 0.473125 ms CreateObjectMapping: 0.216125 ms MarkObjects: 5.074167 ms  DeleteObjects: 2.759708 ms)

Prepare: number of updated asset objects reloaded= 0
========================================================================
Received Prepare
Begin MonoManager ReloadAssembly
[Licensing::Client] Successfully resolved entitlement details
[Licensing::Module] License group:
  Id: F4-QKKD-GK3D-QK4Z-FWRN-XXXX
  Product: Unity Personal
  Type: ULF
  Expiration: Unlimited
[Licensing::Module] License group:
  Id: 5773889045670-UnityPersXXXX
  Product: Unity Personal
  Type: Assigned
  Expiration: Unlimited
Thread 0x16d47b000 may have been prematurely finalized
Symbol file LoadedFromMemory is not a mono symbol file
- Loaded All Assemblies, in  0.433 seconds
Refreshing native plugins compatible for Editor in 0.12 ms, found 1 plugins.
Native extension for WindowsStandalone target not found
Native extension for OSXStandalone target not found
Native extension for WebGL target not found
[Package Manager] Failed to launch server process. Reason: Unity was launched with the -noUpm command-line argument
[Package Manager] Unable to send message (not connected to server process).
[Package Manager] Cannot connect to Unity Package Manager local server
[Package Manager] Failed to launch server process. Reason: Unity was launched with the -noUpm command-line argument
[Package Manager] Unable to send message (not connected to server process).
[Package Manager] Cannot connect to Unity Package Manager local server
ScheduleIndexationOnStartup MainProcess:False IndexOnStartup:True
Mono: successfully reloaded assembly
- Finished resetting the current domain, in  0.400 seconds
Domain Reload Profiling: 836ms
	BeginReloadAssembly (181ms)
		ExecutionOrderSort (0ms)
		DisableScriptedObjects (5ms)
		BackupInstance (0ms)
		ReleaseScriptingObjects (0ms)
		CreateAndSetChildDomain (64ms)
	RebuildCommonClasses (26ms)
	RebuildNativeTypeToScriptingClass (8ms)
	initialDomainReloadingComplete (18ms)
	LoadAllAssembliesAndSetupDomain (202ms)
		LoadAssemblies (177ms)
		RebuildTransferFunctionScriptingTraits (0ms)
		AnalyzeDomain (81ms)
			TypeCache.Refresh (6ms)
				TypeCache.ScanAssembly (0ms)
			BuildScriptInfoCaches (71ms)
			ResolveRequiredComponents (2ms)
	FinalizeReload (401ms)
		ReleaseScriptCaches (0ms)
		RebuildScriptCaches (0ms)
		SetupLoadedEditorAssemblies (320ms)
			LogAssemblyErrors (0ms)
			InitializePlatformSupportModulesInManaged (3ms)
			SetLoadedEditorAssemblies (3ms)
			BeforeProcessingInitializeOnLoad (79ms)
			ProcessInitializeOnLoadAttributes (213ms)
			ProcessInitializeOnLoadMethodAttributes (22ms)
			AfterProcessingInitializeOnLoad (1ms)
			EditorAssembliesLoaded (0ms)
		ExecutionOrderSort2 (0ms)
		AwakeInstancesAfterBackupRestoration (2ms)
Refreshing native plugins compatible for Editor in 0.25 ms, found 1 plugins.
Preloading 0 native plugins for Editor in 0.00 ms.
Unloading 0 Unused Serialized files (Serialized files now loaded: 0)
Unloading 2275 unused Assets / (374.2 KB). Loaded Objects now: 3015.
Memory consumption went from 119.0 MB to 118.6 MB.
Total: 5.421250 ms (FindLiveObjects: 0.132666 ms CreateObjectMapping: 0.044792 ms MarkObjects: 4.936583 ms  DeleteObjects: 0.306917 ms)

Prepare: number of updated asset objects reloaded= 0
========================================================================
Received Prepare
Begin MonoManager ReloadAssembly
[Licensing::Client] Successfully resolved entitlement details
[Licensing::Module] License group:
  Id: F4-QKKD-GK3D-QK4Z-FWRN-XXXX
  Product: Unity Personal
  Type: ULF
  Expiration: Unlimited
[Licensing::Module] License group:
  Id: 5773889045670-UnityPersXXXX
  Product: Unity Personal
  Type: Assigned
  Expiration: Unlimited
Thread 0x16d47b000 may have been prematurely finalized
Symbol file LoadedFromMemory is not a mono symbol file
- Loaded All Assemblies, in  0.267 seconds
Refreshing native plugins compatible for Editor in 0.12 ms, found 1 plugins.
Native extension for WindowsStandalone target not found
Native extension for OSXStandalone target not found
Native extension for WebGL target not found
[Package Manager] Failed to launch server process. Reason: Unity was launched with the -noUpm command-line argument
[Package Manager] Unable to send message (not connected to server process).
[Package Manager] Cannot connect to Unity Package Manager local server
[Package Manager] Failed to launch server process. Reason: Unity was launched with the -noUpm command-line argument
[Package Manager] Unable to send message (not connected to server process).
[Package Manager] Cannot connect to Unity Package Manager local server
ScheduleIndexationOnStartup MainProcess:False IndexOnStartup:True
Mono: successfully reloaded assembly
- Finished resetting the current domain, in  0.301 seconds
Domain Reload Profiling: 569ms
	BeginReloadAssembly (99ms)
		ExecutionOrderSort (0ms)
		DisableScriptedObjects (4ms)
		BackupInstance (0ms)
		ReleaseScriptingObjects (0ms)
		CreateAndSetChildDomain (26ms)
	RebuildCommonClasses (19ms)
	RebuildNativeTypeToScriptingClass (7ms)
	initialDomainReloadingComplete (11ms)
	LoadAllAssembliesAndSetupDomain (132ms)
		LoadAssemblies (119ms)
		RebuildTransferFunctionScriptingTraits (0ms)
		AnalyzeDomain (48ms)
			TypeCache.Refresh (4ms)
				TypeCache.ScanAssembly (0ms)
			BuildScriptInfoCaches (41ms)
			ResolveRequiredComponents (2ms)
	FinalizeReload (301ms)
		ReleaseScriptCaches (0ms)
		RebuildScriptCaches (0ms)
		SetupLoadedEditorAssemblies (244ms)
			LogAssemblyErrors (0ms)
			InitializePlatformSupportModulesInManaged (2ms)
			SetLoadedEditorAssemblies (2ms)
			BeforeProcessingInitializeOnLoad (63ms)
			ProcessInitializeOnLoadAttributes (160ms)
			ProcessInitializeOnLoadMethodAttributes (16ms)
			AfterProcessingInitializeOnLoad (1ms)
			EditorAssembliesLoaded (0ms)
		ExecutionOrderSort2 (0ms)
		AwakeInstancesAfterBackupRestoration (1ms)
Refreshing native plugins compatible for Editor in 0.12 ms, found 1 plugins.
Preloading 0 native plugins for Editor in 0.00 ms.
Unloading 0 Unused Serialized files (Serialized files now loaded: 0)
Unloading 2275 unused Assets / (189.3 KB). Loaded Objects now: 3016.
Memory consumption went from 119.0 MB to 118.8 MB.
Total: 3.666000 ms (FindLiveObjects: 0.117708 ms CreateObjectMapping: 0.043958 ms MarkObjects: 3.261709 ms  DeleteObjects: 0.242417 ms)

Prepare: number of updated asset objects reloaded= 0
========================================================================
Received Import Request.
  Time since last request: 33595.962445 seconds.
  path: Assets/Materials/UI/Blur.mat
  artifactKey: Guid(02daeeec2314646068ade128508ae497) Importer(815301076,1909f56bfc062723c751e8b465ee728b)
Start importing Assets/Materials/UI/Blur.mat using Guid(02daeeec2314646068ade128508ae497) Importer(815301076,1909f56bfc062723c751e8b465ee728b) (PreviewImporter) -> (artifact id: 'f75b84a7a2061d1fc63825c1f0e69380') in 0.114545125 seconds
Number of updated asset objects reloaded before import = 1Number of asset objects unloaded after import = 1

========================================================================
Received Prepare
Begin MonoManager ReloadAssembly
[Licensing::Client] Successfully resolved entitlement details
[Licensing::Module] License group:
  Id: F4-QKKD-GK3D-QK4Z-FWRN-XXXX
  Product: Unity Personal
  Type: ULF
  Expiration: Unlimited
[Licensing::Module] License group:
  Id: 5773889045670-UnityPersXXXX
  Product: Unity Personal
  Type: Assigned
  Expiration: Unlimited
Thread 0x16d47b000 may have been prematurely finalized
Symbol file LoadedFromMemory is not a mono symbol file
- Loaded All Assemblies, in  0.217 seconds
Refreshing native plugins compatible for Editor in 0.12 ms, found 1 plugins.
Native extension for WindowsStandalone target not found
Native extension for OSXStandalone target not found
Native extension for WebGL target not found
[Package Manager] Failed to launch server process. Reason: Unity was launched with the -noUpm command-line argument
[Package Manager] Unable to send message (not connected to server process).
[Package Manager] Cannot connect to Unity Package Manager local server
[Package Manager] Failed to launch server process. Reason: Unity was launched with the -noUpm command-line argument
[Package Manager] Unable to send message (not connected to server process).
[Package Manager] Cannot connect to Unity Package Manager local server
ScheduleIndexationOnStartup MainProcess:False IndexOnStartup:True
Mono: successfully reloaded assembly
- Finished resetting the current domain, in  0.290 seconds
Domain Reload Profiling: 508ms
	BeginReloadAssembly (73ms)
		ExecutionOrderSort (0ms)
		DisableScriptedObjects (2ms)
		BackupInstance (0ms)
		ReleaseScriptingObjects (0ms)
		CreateAndSetChildDomain (18ms)
	RebuildCommonClasses (19ms)
	RebuildNativeTypeToScriptingClass (7ms)
	initialDomainReloadingComplete (9ms)
	LoadAllAssembliesAndSetupDomain (109ms)
		LoadAssemblies (87ms)
		RebuildTransferFunctionScriptingTraits (0ms)
		AnalyzeDomain (46ms)
			TypeCache.Refresh (3ms)
				TypeCache.ScanAssembly (0ms)
			BuildScriptInfoCaches (40ms)
			ResolveRequiredComponents (1ms)
	FinalizeReload (290ms)
		ReleaseScriptCaches (0ms)
		RebuildScriptCaches (0ms)
		SetupLoadedEditorAssemblies (231ms)
			LogAssemblyErrors (0ms)
			InitializePlatformSupportModulesInManaged (2ms)
			SetLoadedEditorAssemblies (2ms)
			BeforeProcessingInitializeOnLoad (55ms)
			ProcessInitializeOnLoadAttributes (156ms)
			ProcessInitializeOnLoadMethodAttributes (17ms)
			AfterProcessingInitializeOnLoad (1ms)
			EditorAssembliesLoaded (0ms)
		ExecutionOrderSort2 (0ms)
		AwakeInstancesAfterBackupRestoration (1ms)
Refreshing native plugins compatible for Editor in 0.12 ms, found 1 plugins.
Preloading 0 native plugins for Editor in 0.00 ms.
Unloading 0 Unused Serialized files (Serialized files now loaded: 0)
Unloading 2275 unused Assets / (65.0 KB). Loaded Objects now: 3017.
Memory consumption went from 118.9 MB to 118.9 MB.
Total: 3.944875 ms (FindLiveObjects: 0.339042 ms CreateObjectMapping: 0.135959 ms MarkObjects: 3.254125 ms  DeleteObjects: 0.215250 ms)

Prepare: number of updated asset objects reloaded= 1
========================================================================
Received Prepare
Begin MonoManager ReloadAssembly
Thread 0x16d47b000 may have been prematurely finalized
Symbol file LoadedFromMemory is not a mono symbol file
- Loaded All Assemblies, in  0.208 seconds
Refreshing native plugins compatible for Editor in 0.14 ms, found 1 plugins.
Native extension for WindowsStandalone target not found
Native extension for OSXStandalone target not found
Native extension for WebGL target not found
[Package Manager] Failed to launch server process. Reason: Unity was launched with the -noUpm command-line argument
[Package Manager] Unable to send message (not connected to server process).
[Package Manager] Cannot connect to Unity Package Manager local server
[Package Manager] Failed to launch server process. Reason: Unity was launched with the -noUpm command-line argument
[Package Manager] Unable to send message (not connected to server process).
[Package Manager] Cannot connect to Unity Package Manager local server
ScheduleIndexationOnStartup MainProcess:False IndexOnStartup:True
Mono: successfully reloaded assembly
- Finished resetting the current domain, in  0.288 seconds
Domain Reload Profiling: 497ms
	BeginReloadAssembly (73ms)
		ExecutionOrderSort (0ms)
		DisableScriptedObjects (2ms)
		BackupInstance (0ms)
		ReleaseScriptingObjects (0ms)
		CreateAndSetChildDomain (18ms)
	RebuildCommonClasses (19ms)
	RebuildNativeTypeToScriptingClass (7ms)
	initialDomainReloadingComplete (10ms)
	LoadAllAssembliesAndSetupDomain (100ms)
		LoadAssemblies (80ms)
		RebuildTransferFunctionScriptingTraits (0ms)
		AnalyzeDomain (45ms)
			TypeCache.Refresh (3ms)
				TypeCache.ScanAssembly (0ms)
			BuildScriptInfoCaches (39ms)
			ResolveRequiredComponents (1ms)
	FinalizeReload (288ms)
		ReleaseScriptCaches (0ms)
		RebuildScriptCaches (0ms)
		SetupLoadedEditorAssemblies (232ms)
			LogAssemblyErrors (0ms)
			InitializePlatformSupportModulesInManaged (1ms)
			SetLoadedEditorAssemblies (2ms)
			BeforeProcessingInitializeOnLoad (52ms)
			ProcessInitializeOnLoadAttributes (158ms)
			ProcessInitializeOnLoadMethodAttributes (18ms)
			AfterProcessingInitializeOnLoad (1ms)
			EditorAssembliesLoaded (0ms)
		ExecutionOrderSort2 (0ms)
		AwakeInstancesAfterBackupRestoration (1ms)
Refreshing native plugins compatible for Editor in 0.15 ms, found 1 plugins.
Preloading 0 native plugins for Editor in 0.00 ms.
Unloading 0 Unused Serialized files (Serialized files now loaded: 0)
Unloading 2275 unused Assets / (326.2 KB). Loaded Objects now: 3018.
Memory consumption went from 118.9 MB to 118.6 MB.
Total: 3.514666 ms (FindLiveObjects: 0.105667 ms CreateObjectMapping: 0.042333 ms MarkObjects: 3.155750 ms  DeleteObjects: 0.210666 ms)

Prepare: number of updated asset objects reloaded= 1
========================================================================
Received Prepare
Begin MonoManager ReloadAssembly
[Licensing::Client] Successfully resolved entitlement details
[Licensing::Module] License group:
  Id: F4-QKKD-GK3D-QK4Z-FWRN-XXXX
  Product: Unity Personal
  Type: ULF
  Expiration: Unlimited
[Licensing::Module] License group:
  Id: 5773889045670-UnityPersXXXX
  Product: Unity Personal
  Type: Assigned
  Expiration: Unlimited
Thread 0x16d47b000 may have been prematurely finalized
Symbol file LoadedFromMemory is not a mono symbol file
- Loaded All Assemblies, in  0.210 seconds
Refreshing native plugins compatible for Editor in 0.09 ms, found 1 plugins.
Native extension for WindowsStandalone target not found
Native extension for OSXStandalone target not found
Native extension for WebGL target not found
[Package Manager] Failed to launch server process. Reason: Unity was launched with the -noUpm command-line argument
[Package Manager] Unable to send message (not connected to server process).
[Package Manager] Cannot connect to Unity Package Manager local server
[Package Manager] Failed to launch server process. Reason: Unity was launched with the -noUpm command-line argument
[Package Manager] Unable to send message (not connected to server process).
[Package Manager] Cannot connect to Unity Package Manager local server
ScheduleIndexationOnStartup MainProcess:False IndexOnStartup:True
Mono: successfully reloaded assembly
- Finished resetting the current domain, in  0.289 seconds
Domain Reload Profiling: 500ms
	BeginReloadAssembly (74ms)
		ExecutionOrderSort (0ms)
		DisableScriptedObjects (2ms)
		BackupInstance (0ms)
		ReleaseScriptingObjects (0ms)
		CreateAndSetChildDomain (19ms)
	RebuildCommonClasses (19ms)
	RebuildNativeTypeToScriptingClass (7ms)
	initialDomainReloadingComplete (10ms)
	LoadAllAssembliesAndSetupDomain (100ms)
		LoadAssemblies (78ms)
		RebuildTransferFunctionScriptingTraits (0ms)
		AnalyzeDomain (46ms)
			TypeCache.Refresh (3ms)
				TypeCache.ScanAssembly (0ms)
			BuildScriptInfoCaches (40ms)
			ResolveRequiredComponents (2ms)
	FinalizeReload (289ms)
		ReleaseScriptCaches (0ms)
		RebuildScriptCaches (0ms)
		SetupLoadedEditorAssemblies (233ms)
			LogAssemblyErrors (0ms)
			InitializePlatformSupportModulesInManaged (2ms)
			SetLoadedEditorAssemblies (2ms)
			BeforeProcessingInitializeOnLoad (54ms)
			ProcessInitializeOnLoadAttributes (158ms)
			ProcessInitializeOnLoadMethodAttributes (17ms)
			AfterProcessingInitializeOnLoad (1ms)
			EditorAssembliesLoaded (0ms)
		ExecutionOrderSort2 (0ms)
		AwakeInstancesAfterBackupRestoration (1ms)
Refreshing native plugins compatible for Editor in 0.16 ms, found 1 plugins.
Preloading 0 native plugins for Editor in 0.00 ms.
Unloading 0 Unused Serialized files (Serialized files now loaded: 0)
Unloading 2275 unused Assets / (215.3 KB). Loaded Objects now: 3019.
Memory consumption went from 118.9 MB to 118.7 MB.
Total: 3.817375 ms (FindLiveObjects: 0.121583 ms CreateObjectMapping: 0.044334 ms MarkObjects: 3.428833 ms  DeleteObjects: 0.222375 ms)

Prepare: number of updated asset objects reloaded= 1
========================================================================
Received Import Request.
  Time since last request: 312.464671 seconds.
  path: Assets/Materials/UI/Blur.shader
  artifactKey: Guid(8843b813fedff4693b38e78843110d51) Importer(815301076,1909f56bfc062723c751e8b465ee728b)
Start importing Assets/Materials/UI/Blur.shader using Guid(8843b813fedff4693b38e78843110d51) Importer(815301076,1909f56bfc062723c751e8b465ee728b) (PreviewImporter) -> (artifact id: '0eaee300a37043f6b2c9984d0dd2186d') in 0.007828917 seconds
Number of updated asset objects reloaded before import = 1Number of asset objects unloaded after import = 0

========================================================================
Received Prepare
Begin MonoManager ReloadAssembly
[Licensing::Client] Successfully resolved entitlement details
[Licensing::Module] License group:
  Id: F4-QKKD-GK3D-QK4Z-FWRN-XXXX
  Product: Unity Personal
  Type: ULF
  Expiration: Unlimited
[Licensing::Module] License group:
  Id: 5773889045670-UnityPersXXXX
  Product: Unity Personal
  Type: Assigned
  Expiration: Unlimited
Thread 0x16d47b000 may have been prematurely finalized
Symbol file LoadedFromMemory is not a mono symbol file
- Loaded All Assemblies, in  0.205 seconds
Refreshing native plugins compatible for Editor in 0.12 ms, found 1 plugins.
Native extension for WindowsStandalone target not found
Native extension for OSXStandalone target not found
Native extension for WebGL target not found
[Package Manager] Failed to launch server process. Reason: Unity was launched with the -noUpm command-line argument
[Package Manager] Unable to send message (not connected to server process).
[Package Manager] Cannot connect to Unity Package Manager local server
[Package Manager] Failed to launch server process. Reason: Unity was launched with the -noUpm command-line argument
[Package Manager] Unable to send message (not connected to server process).
[Package Manager] Cannot connect to Unity Package Manager local server
ScheduleIndexationOnStartup MainProcess:False IndexOnStartup:True
Mono: successfully reloaded assembly
- Finished resetting the current domain, in  0.287 seconds
Domain Reload Profiling: 492ms
	BeginReloadAssembly (70ms)
		ExecutionOrderSort (0ms)
		DisableScriptedObjects (2ms)
		BackupInstance (0ms)
		ReleaseScriptingObjects (0ms)
		CreateAndSetChildDomain (17ms)
	RebuildCommonClasses (20ms)
	RebuildNativeTypeToScriptingClass (7ms)
	initialDomainReloadingComplete (9ms)
	LoadAllAssembliesAndSetupDomain (99ms)
		LoadAssemblies (76ms)
		RebuildTransferFunctionScriptingTraits (0ms)
		AnalyzeDomain (47ms)
			TypeCache.Refresh (3ms)
				TypeCache.ScanAssembly (0ms)
			BuildScriptInfoCaches (41ms)
			ResolveRequiredComponents (1ms)
	FinalizeReload (287ms)
		ReleaseScriptCaches (0ms)
		RebuildScriptCaches (0ms)
		SetupLoadedEditorAssemblies (230ms)
			LogAssemblyErrors (0ms)
			InitializePlatformSupportModulesInManaged (2ms)
			SetLoadedEditorAssemblies (2ms)
			BeforeProcessingInitializeOnLoad (54ms)
			ProcessInitializeOnLoadAttributes (156ms)
			ProcessInitializeOnLoadMethodAttributes (16ms)
			AfterProcessingInitializeOnLoad (1ms)
			EditorAssembliesLoaded (0ms)
		ExecutionOrderSort2 (0ms)
		AwakeInstancesAfterBackupRestoration (1ms)
Refreshing native plugins compatible for Editor in 0.15 ms, found 1 plugins.
Preloading 0 native plugins for Editor in 0.00 ms.
Unloading 0 Unused Serialized files (Serialized files now loaded: 0)
Unloading 2275 unused Assets / (297.1 KB). Loaded Objects now: 3020.
Memory consumption went from 118.9 MB to 118.6 MB.
Total: 3.470833 ms (FindLiveObjects: 0.104333 ms CreateObjectMapping: 0.051458 ms MarkObjects: 3.095458 ms  DeleteObjects: 0.219333 ms)

Prepare: number of updated asset objects reloaded= 1
========================================================================
Received Prepare
Begin MonoManager ReloadAssembly
[Licensing::Client] Successfully resolved entitlement details
[Licensing::Module] License group:
  Id: F4-QKKD-GK3D-QK4Z-FWRN-XXXX
  Product: Unity Personal
  Type: ULF
  Expiration: Unlimited
[Licensing::Module] License group:
  Id: 5773889045670-UnityPersXXXX
  Product: Unity Personal
  Type: Assigned
  Expiration: Unlimited
Thread 0x16d47b000 may have been prematurely finalized
Symbol file LoadedFromMemory is not a mono symbol file
- Loaded All Assemblies, in  0.222 seconds
Refreshing native plugins compatible for Editor in 0.10 ms, found 1 plugins.
Native extension for WindowsStandalone target not found
Native extension for OSXStandalone target not found
Native extension for WebGL target not found
[Package Manager] Failed to launch server process. Reason: Unity was launched with the -noUpm command-line argument
[Package Manager] Unable to send message (not connected to server process).
[Package Manager] Cannot connect to Unity Package Manager local server
[Package Manager] Failed to launch server process. Reason: Unity was launched with the -noUpm command-line argument
[Package Manager] Unable to send message (not connected to server process).
[Package Manager] Cannot connect to Unity Package Manager local server
ScheduleIndexationOnStartup MainProcess:False IndexOnStartup:True
Mono: successfully reloaded assembly
- Finished resetting the current domain, in  0.288 seconds
Domain Reload Profiling: 510ms
	BeginReloadAssembly (74ms)
		ExecutionOrderSort (0ms)
		DisableScriptedObjects (2ms)
		BackupInstance (0ms)
		ReleaseScriptingObjects (0ms)
		CreateAndSetChildDomain (17ms)
	RebuildCommonClasses (19ms)
	RebuildNativeTypeToScriptingClass (7ms)
	initialDomainReloadingComplete (10ms)
	LoadAllAssembliesAndSetupDomain (112ms)
		LoadAssemblies (91ms)
		RebuildTransferFunctionScriptingTraits (0ms)
		AnalyzeDomain (47ms)
			TypeCache.Refresh (3ms)
				TypeCache.ScanAssembly (0ms)
			BuildScriptInfoCaches (41ms)
			ResolveRequiredComponents (2ms)
	FinalizeReload (288ms)
		ReleaseScriptCaches (0ms)
		RebuildScriptCaches (0ms)
		SetupLoadedEditorAssemblies (230ms)
			LogAssemblyErrors (0ms)
			InitializePlatformSupportModulesInManaged (1ms)
			SetLoadedEditorAssemblies (2ms)
			BeforeProcessingInitializeOnLoad (53ms)
			ProcessInitializeOnLoadAttributes (157ms)
			ProcessInitializeOnLoadMethodAttributes (17ms)
			AfterProcessingInitializeOnLoad (0ms)
			EditorAssembliesLoaded (0ms)
		ExecutionOrderSort2 (0ms)
		AwakeInstancesAfterBackupRestoration (1ms)
Refreshing native plugins compatible for Editor in 0.14 ms, found 1 plugins.
Preloading 0 native plugins for Editor in 0.00 ms.
Unloading 0 Unused Serialized files (Serialized files now loaded: 0)
Unloading 2275 unused Assets / (152.0 KB). Loaded Objects now: 3021.
Memory consumption went from 118.9 MB to 118.7 MB.
Total: 3.777666 ms (FindLiveObjects: 0.105083 ms CreateObjectMapping: 0.042792 ms MarkObjects: 3.392667 ms  DeleteObjects: 0.236916 ms)

Prepare: number of updated asset objects reloaded= 1
========================================================================
Received Prepare
Begin MonoManager ReloadAssembly
[Licensing::Client] Successfully resolved entitlement details
[Licensing::Module] License group:
  Id: F4-QKKD-GK3D-QK4Z-FWRN-XXXX
  Product: Unity Personal
  Type: ULF
  Expiration: Unlimited
[Licensing::Module] License group:
  Id: 5773889045670-UnityPersXXXX
  Product: Unity Personal
  Type: Assigned
  Expiration: Unlimited
Thread 0x16d47b000 may have been prematurely finalized
Symbol file LoadedFromMemory is not a mono symbol file
- Loaded All Assemblies, in  0.213 seconds
Refreshing native plugins compatible for Editor in 0.10 ms, found 1 plugins.
Native extension for WindowsStandalone target not found
Native extension for OSXStandalone target not found
Native extension for WebGL target not found
[Package Manager] Failed to launch server process. Reason: Unity was launched with the -noUpm command-line argument
[Package Manager] Unable to send message (not connected to server process).
[Package Manager] Cannot connect to Unity Package Manager local server
[Package Manager] Failed to launch server process. Reason: Unity was launched with the -noUpm command-line argument
[Package Manager] Unable to send message (not connected to server process).
[Package Manager] Cannot connect to Unity Package Manager local server
ScheduleIndexationOnStartup MainProcess:False IndexOnStartup:True
Mono: successfully reloaded assembly
- Finished resetting the current domain, in  0.285 seconds
Domain Reload Profiling: 499ms
	BeginReloadAssembly (70ms)
		ExecutionOrderSort (0ms)
		DisableScriptedObjects (2ms)
		BackupInstance (0ms)
		ReleaseScriptingObjects (0ms)
		CreateAndSetChildDomain (16ms)
	RebuildCommonClasses (19ms)
	RebuildNativeTypeToScriptingClass (7ms)
	initialDomainReloadingComplete (9ms)
	LoadAllAssembliesAndSetupDomain (108ms)
		LoadAssemblies (86ms)
		RebuildTransferFunctionScriptingTraits (0ms)
		AnalyzeDomain (46ms)
			TypeCache.Refresh (3ms)
				TypeCache.ScanAssembly (0ms)
			BuildScriptInfoCaches (40ms)
			ResolveRequiredComponents (1ms)
	FinalizeReload (285ms)
		ReleaseScriptCaches (0ms)
		RebuildScriptCaches (0ms)
		SetupLoadedEditorAssemblies (231ms)
			LogAssemblyErrors (0ms)
			InitializePlatformSupportModulesInManaged (1ms)
			SetLoadedEditorAssemblies (2ms)
			BeforeProcessingInitializeOnLoad (54ms)
			ProcessInitializeOnLoadAttributes (156ms)
			ProcessInitializeOnLoadMethodAttributes (17ms)
			AfterProcessingInitializeOnLoad (1ms)
			EditorAssembliesLoaded (0ms)
		ExecutionOrderSort2 (0ms)
		AwakeInstancesAfterBackupRestoration (1ms)
Refreshing native plugins compatible for Editor in 0.12 ms, found 1 plugins.
Preloading 0 native plugins for Editor in 0.00 ms.
Unloading 0 Unused Serialized files (Serialized files now loaded: 0)
Unloading 2275 unused Assets / (214.5 KB). Loaded Objects now: 3022.
Memory consumption went from 118.9 MB to 118.7 MB.
Total: 3.618000 ms (FindLiveObjects: 0.117666 ms CreateObjectMapping: 0.044792 ms MarkObjects: 3.227208 ms  DeleteObjects: 0.228083 ms)

Prepare: number of updated asset objects reloaded= 0
========================================================================
Received Import Request.
  Time since last request: 1374.599914 seconds.
  path: Assets/Materials/UI/Blur.mat
  artifactKey: Guid(02daeeec2314646068ade128508ae497) Importer(815301076,1909f56bfc062723c751e8b465ee728b)
Start importing Assets/Materials/UI/Blur.mat using Guid(02daeeec2314646068ade128508ae497) Importer(815301076,1909f56bfc062723c751e8b465ee728b) (PreviewImporter) -> (artifact id: '92cc4f2dc101a66307e97c5495749c4c') in 0.077425959 seconds
Number of updated asset objects reloaded before import = 0Number of asset objects unloaded after import = 1

========================================================================
Received Prepare
Refreshing native plugins compatible for Editor in 0.12 ms, found 1 plugins.
Preloading 0 native plugins for Editor in 0.00 ms.
Unloading 0 Unused Serialized files (Serialized files now loaded: 0)
Unloading 2271 unused Assets / (454.1 KB). Loaded Objects now: 3023.
Memory consumption went from 110.1 MB to 109.7 MB.
Total: 3.620458 ms (FindLiveObjects: 0.092416 ms CreateObjectMapping: 0.048750 ms MarkObjects: 3.266375 ms  DeleteObjects: 0.212750 ms)

Prepare: number of updated asset objects reloaded= 0
========================================================================
Received Prepare
Begin MonoManager ReloadAssembly
[Licensing::Client] Successfully resolved entitlement details
[Licensing::Module] License group:
  Id: F4-QKKD-GK3D-QK4Z-FWRN-XXXX
  Product: Unity Personal
  Type: ULF
  Expiration: Unlimited
[Licensing::Module] License group:
  Id: 5773889045670-UnityPersXXXX
  Product: Unity Personal
  Type: Assigned
  Expiration: Unlimited
Thread 0x16d47b000 may have been prematurely finalized
Symbol file LoadedFromMemory is not a mono symbol file
- Loaded All Assemblies, in  0.220 seconds
Refreshing native plugins compatible for Editor in 0.12 ms, found 1 plugins.
Native extension for WindowsStandalone target not found
Native extension for OSXStandalone target not found
Native extension for WebGL target not found
[Package Manager] Failed to launch server process. Reason: Unity was launched with the -noUpm command-line argument
[Package Manager] Unable to send message (not connected to server process).
[Package Manager] Cannot connect to Unity Package Manager local server
[Package Manager] Failed to launch server process. Reason: Unity was launched with the -noUpm command-line argument
[Package Manager] Unable to send message (not connected to server process).
[Package Manager] Cannot connect to Unity Package Manager local server
ScheduleIndexationOnStartup MainProcess:False IndexOnStartup:True
Mono: successfully reloaded assembly
- Finished resetting the current domain, in  0.284 seconds
Domain Reload Profiling: 505ms
	BeginReloadAssembly (71ms)
		ExecutionOrderSort (0ms)
		DisableScriptedObjects (2ms)
		BackupInstance (0ms)
		ReleaseScriptingObjects (0ms)
		CreateAndSetChildDomain (17ms)
	RebuildCommonClasses (19ms)
	RebuildNativeTypeToScriptingClass (7ms)
	initialDomainReloadingComplete (9ms)
	LoadAllAssembliesAndSetupDomain (114ms)
		LoadAssemblies (92ms)
		RebuildTransferFunctionScriptingTraits (0ms)
		AnalyzeDomain (46ms)
			TypeCache.Refresh (5ms)
				TypeCache.ScanAssembly (1ms)
			BuildScriptInfoCaches (39ms)
			ResolveRequiredComponents (1ms)
	FinalizeReload (284ms)
		ReleaseScriptCaches (0ms)
		RebuildScriptCaches (0ms)
		SetupLoadedEditorAssemblies (230ms)
			LogAssemblyErrors (0ms)
			InitializePlatformSupportModulesInManaged (1ms)
			SetLoadedEditorAssemblies (2ms)
			BeforeProcessingInitializeOnLoad (53ms)
			ProcessInitializeOnLoadAttributes (156ms)
			ProcessInitializeOnLoadMethodAttributes (18ms)
			AfterProcessingInitializeOnLoad (1ms)
			EditorAssembliesLoaded (0ms)
		ExecutionOrderSort2 (0ms)
		AwakeInstancesAfterBackupRestoration (1ms)
Refreshing native plugins compatible for Editor in 0.15 ms, found 1 plugins.
Preloading 0 native plugins for Editor in 0.00 ms.
Unloading 0 Unused Serialized files (Serialized files now loaded: 0)
Unloading 2275 unused Assets / (424.6 KB). Loaded Objects now: 3023.
Memory consumption went from 118.8 MB to 118.4 MB.
Total: 3.562000 ms (FindLiveObjects: 0.110750 ms CreateObjectMapping: 0.041750 ms MarkObjects: 3.188833 ms  DeleteObjects: 0.220250 ms)

Prepare: number of updated asset objects reloaded= 0
========================================================================
Received Prepare
Begin MonoManager ReloadAssembly
[Licensing::Client] Successfully resolved entitlement details
[Licensing::Module] License group:
  Id: F4-QKKD-GK3D-QK4Z-FWRN-XXXX
  Product: Unity Personal
  Type: ULF
  Expiration: Unlimited
[Licensing::Module] License group:
  Id: 5773889045670-UnityPersXXXX
  Product: Unity Personal
  Type: Assigned
  Expiration: Unlimited
Thread 0x16d47b000 may have been prematurely finalized
Symbol file LoadedFromMemory is not a mono symbol file
- Loaded All Assemblies, in  0.207 seconds
Refreshing native plugins compatible for Editor in 0.11 ms, found 1 plugins.
Native extension for WindowsStandalone target not found
Native extension for OSXStandalone target not found
Native extension for WebGL target not found
[Package Manager] Failed to launch server process. Reason: Unity was launched with the -noUpm command-line argument
[Package Manager] Unable to send message (not connected to server process).
[Package Manager] Cannot connect to Unity Package Manager local server
[Package Manager] Failed to launch server process. Reason: Unity was launched with the -noUpm command-line argument
[Package Manager] Unable to send message (not connected to server process).
[Package Manager] Cannot connect to Unity Package Manager local server
ScheduleIndexationOnStartup MainProcess:False IndexOnStartup:True
Mono: successfully reloaded assembly
- Finished resetting the current domain, in  0.289 seconds
Domain Reload Profiling: 497ms
	BeginReloadAssembly (71ms)
		ExecutionOrderSort (0ms)
		DisableScriptedObjects (2ms)
		BackupInstance (0ms)
		ReleaseScriptingObjects (0ms)
		CreateAndSetChildDomain (18ms)
	RebuildCommonClasses (19ms)
	RebuildNativeTypeToScriptingClass (7ms)
	initialDomainReloadingComplete (10ms)
	LoadAllAssembliesAndSetupDomain (101ms)
		LoadAssemblies (77ms)
		RebuildTransferFunctionScriptingTraits (0ms)
		AnalyzeDomain (47ms)
			TypeCache.Refresh (4ms)
				TypeCache.ScanAssembly (0ms)
			BuildScriptInfoCaches (41ms)
			ResolveRequiredComponents (1ms)
	FinalizeReload (289ms)
		ReleaseScriptCaches (0ms)
		RebuildScriptCaches (0ms)
		SetupLoadedEditorAssemblies (233ms)
			LogAssemblyErrors (0ms)
			InitializePlatformSupportModulesInManaged (2ms)
			SetLoadedEditorAssemblies (2ms)
			BeforeProcessingInitializeOnLoad (53ms)
			ProcessInitializeOnLoadAttributes (159ms)
			ProcessInitializeOnLoadMethodAttributes (17ms)
			AfterProcessingInitializeOnLoad (1ms)
			EditorAssembliesLoaded (0ms)
		ExecutionOrderSort2 (0ms)
		AwakeInstancesAfterBackupRestoration (1ms)
Refreshing native plugins compatible for Editor in 0.15 ms, found 1 plugins.
Preloading 0 native plugins for Editor in 0.00 ms.
Unloading 0 Unused Serialized files (Serialized files now loaded: 0)
Unloading 2275 unused Assets / (389.9 KB). Loaded Objects now: 3024.
Memory consumption went from 118.9 MB to 118.5 MB.
Total: 3.511333 ms (FindLiveObjects: 0.099917 ms CreateObjectMapping: 0.042791 ms MarkObjects: 3.148125 ms  DeleteObjects: 0.220333 ms)

Prepare: number of updated asset objects reloaded= 0
========================================================================
Received Prepare
Refreshing native plugins compatible for Editor in 0.19 ms, found 1 plugins.
Preloading 0 native plugins for Editor in 0.00 ms.
Unloading 0 Unused Serialized files (Serialized files now loaded: 0)
Unloading 2271 unused Assets / (308.5 KB). Loaded Objects now: 3024.
Memory consumption went from 110.1 MB to 109.8 MB.
Total: 3.858750 ms (FindLiveObjects: 0.179459 ms CreateObjectMapping: 0.048125 ms MarkObjects: 3.357958 ms  DeleteObjects: 0.272792 ms)

Prepare: number of updated asset objects reloaded= 0
========================================================================
Received Prepare
Begin MonoManager ReloadAssembly
[Licensing::Client] Successfully resolved entitlement details
[Licensing::Module] License group:
  Id: F4-QKKD-GK3D-QK4Z-FWRN-XXXX
  Product: Unity Personal
  Type: ULF
  Expiration: Unlimited
[Licensing::Module] License group:
  Id: 5773889045670-UnityPersXXXX
  Product: Unity Personal
  Type: Assigned
  Expiration: Unlimited
Thread 0x16d47b000 may have been prematurely finalized
Symbol file LoadedFromMemory is not a mono symbol file
- Loaded All Assemblies, in  0.224 seconds
Refreshing native plugins compatible for Editor in 0.14 ms, found 1 plugins.
Native extension for WindowsStandalone target not found
Native extension for OSXStandalone target not found
Native extension for WebGL target not found
[Package Manager] Failed to launch server process. Reason: Unity was launched with the -noUpm command-line argument
[Package Manager] Unable to send message (not connected to server process).
[Package Manager] Cannot connect to Unity Package Manager local server
[Package Manager] Failed to launch server process. Reason: Unity was launched with the -noUpm command-line argument
[Package Manager] Unable to send message (not connected to server process).
[Package Manager] Cannot connect to Unity Package Manager local server
ScheduleIndexationOnStartup MainProcess:False IndexOnStartup:True
Mono: successfully reloaded assembly
- Finished resetting the current domain, in  0.294 seconds
Domain Reload Profiling: 519ms
	BeginReloadAssembly (77ms)
		ExecutionOrderSort (0ms)
		DisableScriptedObjects (2ms)
		BackupInstance (0ms)
		ReleaseScriptingObjects (0ms)
		CreateAndSetChildDomain (20ms)
	RebuildCommonClasses (19ms)
	RebuildNativeTypeToScriptingClass (7ms)
	initialDomainReloadingComplete (10ms)
	LoadAllAssembliesAndSetupDomain (112ms)
		LoadAssemblies (91ms)
		RebuildTransferFunctionScriptingTraits (0ms)
		AnalyzeDomain (47ms)
			TypeCache.Refresh (5ms)
				TypeCache.ScanAssembly (1ms)
			BuildScriptInfoCaches (39ms)
			ResolveRequiredComponents (1ms)
	FinalizeReload (294ms)
		ReleaseScriptCaches (0ms)
		RebuildScriptCaches (0ms)
		SetupLoadedEditorAssemblies (236ms)
			LogAssemblyErrors (0ms)
			InitializePlatformSupportModulesInManaged (2ms)
			SetLoadedEditorAssemblies (2ms)
			BeforeProcessingInitializeOnLoad (54ms)
			ProcessInitializeOnLoadAttributes (161ms)
			ProcessInitializeOnLoadMethodAttributes (17ms)
			AfterProcessingInitializeOnLoad (0ms)
			EditorAssembliesLoaded (0ms)
		ExecutionOrderSort2 (0ms)
		AwakeInstancesAfterBackupRestoration (1ms)
Refreshing native plugins compatible for Editor in 0.26 ms, found 1 plugins.
Preloading 0 native plugins for Editor in 0.00 ms.
Unloading 0 Unused Serialized files (Serialized files now loaded: 0)
Unloading 2275 unused Assets / (402.4 KB). Loaded Objects now: 3025.
Memory consumption went from 118.9 MB to 118.5 MB.
Total: 3.683625 ms (FindLiveObjects: 0.113334 ms CreateObjectMapping: 0.042416 ms MarkObjects: 3.306917 ms  DeleteObjects: 0.220833 ms)

Prepare: number of updated asset objects reloaded= 0
========================================================================
Received Prepare
Begin MonoManager ReloadAssembly
Thread 0x16d47b000 may have been prematurely finalized
Symbol file LoadedFromMemory is not a mono symbol file
- Loaded All Assemblies, in  0.214 seconds
Refreshing native plugins compatible for Editor in 0.11 ms, found 1 plugins.
Native extension for WindowsStandalone target not found
Native extension for OSXStandalone target not found
Native extension for WebGL target not found
[Package Manager] Failed to launch server process. Reason: Unity was launched with the -noUpm command-line argument
[Package Manager] Unable to send message (not connected to server process).
[Package Manager] Cannot connect to Unity Package Manager local server
[Package Manager] Failed to launch server process. Reason: Unity was launched with the -noUpm command-line argument
[Package Manager] Unable to send message (not connected to server process).
[Package Manager] Cannot connect to Unity Package Manager local server
ScheduleIndexationOnStartup MainProcess:False IndexOnStartup:True
Mono: successfully reloaded assembly
- Finished resetting the current domain, in  0.296 seconds
Domain Reload Profiling: 511ms
	BeginReloadAssembly (73ms)
		ExecutionOrderSort (0ms)
		DisableScriptedObjects (2ms)
		BackupInstance (0ms)
		ReleaseScriptingObjects (0ms)
		CreateAndSetChildDomain (18ms)
	RebuildCommonClasses (19ms)
	RebuildNativeTypeToScriptingClass (7ms)
	initialDomainReloadingComplete (10ms)
	LoadAllAssembliesAndSetupDomain (105ms)
		LoadAssemblies (81ms)
		RebuildTransferFunctionScriptingTraits (0ms)
		AnalyzeDomain (48ms)
			TypeCache.Refresh (4ms)
				TypeCache.ScanAssembly (0ms)
			BuildScriptInfoCaches (41ms)
			ResolveRequiredComponents (1ms)
	FinalizeReload (296ms)
		ReleaseScriptCaches (0ms)
		RebuildScriptCaches (0ms)
		SetupLoadedEditorAssemblies (236ms)
			LogAssemblyErrors (0ms)
			InitializePlatformSupportModulesInManaged (2ms)
			SetLoadedEditorAssemblies (2ms)
			BeforeProcessingInitializeOnLoad (54ms)
			ProcessInitializeOnLoadAttributes (160ms)
			ProcessInitializeOnLoadMethodAttributes (17ms)
			AfterProcessingInitializeOnLoad (1ms)
			EditorAssembliesLoaded (0ms)
		ExecutionOrderSort2 (0ms)
		AwakeInstancesAfterBackupRestoration (1ms)
Refreshing native plugins compatible for Editor in 0.15 ms, found 1 plugins.
Preloading 0 native plugins for Editor in 0.00 ms.
Unloading 0 Unused Serialized files (Serialized files now loaded: 0)
Unloading 2275 unused Assets / (278.4 KB). Loaded Objects now: 3026.
Memory consumption went from 118.9 MB to 118.6 MB.
Total: 3.574583 ms (FindLiveObjects: 0.114667 ms CreateObjectMapping: 0.044000 ms MarkObjects: 3.170333 ms  DeleteObjects: 0.245417 ms)

Prepare: number of updated asset objects reloaded= 0
========================================================================
Received Prepare
Begin MonoManager ReloadAssembly
[Licensing::Client] Successfully resolved entitlement details
[Licensing::Module] License group:
  Id: F4-QKKD-GK3D-QK4Z-FWRN-XXXX
  Product: Unity Personal
  Type: ULF
  Expiration: Unlimited
[Licensing::Module] License group:
  Id: 5773889045670-UnityPersXXXX
  Product: Unity Personal
  Type: Assigned
  Expiration: Unlimited
Thread 0x16d47b000 may have been prematurely finalized
Symbol file LoadedFromMemory is not a mono symbol file
- Loaded All Assemblies, in  0.300 seconds
Refreshing native plugins compatible for Editor in 0.13 ms, found 1 plugins.
Native extension for WindowsStandalone target not found
Native extension for OSXStandalone target not found
Native extension for WebGL target not found
[Package Manager] Failed to launch server process. Reason: Unity was launched with the -noUpm command-line argument
[Package Manager] Unable to send message (not connected to server process).
[Package Manager] Cannot connect to Unity Package Manager local server
[Package Manager] Failed to launch server process. Reason: Unity was launched with the -noUpm command-line argument
[Package Manager] Unable to send message (not connected to server process).
[Package Manager] Cannot connect to Unity Package Manager local server
ScheduleIndexationOnStartup MainProcess:False IndexOnStartup:True
Mono: successfully reloaded assembly
- Finished resetting the current domain, in  0.300 seconds
Domain Reload Profiling: 601ms
	BeginReloadAssembly (118ms)
		ExecutionOrderSort (0ms)
		DisableScriptedObjects (6ms)
		BackupInstance (0ms)
		ReleaseScriptingObjects (0ms)
		CreateAndSetChildDomain (34ms)
	RebuildCommonClasses (19ms)
	RebuildNativeTypeToScriptingClass (7ms)
	initialDomainReloadingComplete (13ms)
	LoadAllAssembliesAndSetupDomain (144ms)
		LoadAssemblies (136ms)
		RebuildTransferFunctionScriptingTraits (0ms)
		AnalyzeDomain (50ms)
			TypeCache.Refresh (6ms)
				TypeCache.ScanAssembly (1ms)
			BuildScriptInfoCaches (40ms)
			ResolveRequiredComponents (1ms)
	FinalizeReload (300ms)
		ReleaseScriptCaches (0ms)
		RebuildScriptCaches (0ms)
		SetupLoadedEditorAssemblies (239ms)
			LogAssemblyErrors (0ms)
			InitializePlatformSupportModulesInManaged (1ms)
			SetLoadedEditorAssemblies (2ms)
			BeforeProcessingInitializeOnLoad (55ms)
			ProcessInitializeOnLoadAttributes (162ms)
			ProcessInitializeOnLoadMethodAttributes (18ms)
			AfterProcessingInitializeOnLoad (1ms)
			EditorAssembliesLoaded (0ms)
		ExecutionOrderSort2 (0ms)
		AwakeInstancesAfterBackupRestoration (2ms)
Refreshing native plugins compatible for Editor in 0.13 ms, found 1 plugins.
Preloading 0 native plugins for Editor in 0.00 ms.
Unloading 0 Unused Serialized files (Serialized files now loaded: 0)
Unloading 2275 unused Assets / (421.6 KB). Loaded Objects now: 3027.
Memory consumption went from 118.9 MB to 118.4 MB.
Total: 3.584792 ms (FindLiveObjects: 0.101792 ms CreateObjectMapping: 0.045125 ms MarkObjects: 3.214084 ms  DeleteObjects: 0.223375 ms)

Prepare: number of updated asset objects reloaded= 0
========================================================================
Received Prepare
Begin MonoManager ReloadAssembly
Thread 0x16d47b000 may have been prematurely finalized
Symbol file LoadedFromMemory is not a mono symbol file
- Loaded All Assemblies, in  0.209 seconds
Refreshing native plugins compatible for Editor in 0.11 ms, found 1 plugins.
Native extension for WindowsStandalone target not found
Native extension for OSXStandalone target not found
Native extension for WebGL target not found
[Package Manager] Failed to launch server process. Reason: Unity was launched with the -noUpm command-line argument
[Package Manager] Unable to send message (not connected to server process).
[Package Manager] Cannot connect to Unity Package Manager local server
[Package Manager] Failed to launch server process. Reason: Unity was launched with the -noUpm command-line argument
[Package Manager] Unable to send message (not connected to server process).
[Package Manager] Cannot connect to Unity Package Manager local server
ScheduleIndexationOnStartup MainProcess:False IndexOnStartup:True
Mono: successfully reloaded assembly
- Finished resetting the current domain, in  0.310 seconds
Domain Reload Profiling: 521ms
	BeginReloadAssembly (71ms)
		ExecutionOrderSort (0ms)
		DisableScriptedObjects (2ms)
		BackupInstance (0ms)
		ReleaseScriptingObjects (0ms)
		CreateAndSetChildDomain (17ms)
	RebuildCommonClasses (21ms)
	RebuildNativeTypeToScriptingClass (8ms)
	initialDomainReloadingComplete (10ms)
	LoadAllAssembliesAndSetupDomain (101ms)
		LoadAssemblies (78ms)
		RebuildTransferFunctionScriptingTraits (0ms)
		AnalyzeDomain (46ms)
			TypeCache.Refresh (4ms)
				TypeCache.ScanAssembly (0ms)
			BuildScriptInfoCaches (40ms)
			ResolveRequiredComponents (1ms)
	FinalizeReload (310ms)
		ReleaseScriptCaches (0ms)
		RebuildScriptCaches (0ms)
		SetupLoadedEditorAssemblies (251ms)
			LogAssemblyErrors (0ms)
			InitializePlatformSupportModulesInManaged (1ms)
			SetLoadedEditorAssemblies (2ms)
			BeforeProcessingInitializeOnLoad (65ms)
			ProcessInitializeOnLoadAttributes (164ms)
			ProcessInitializeOnLoadMethodAttributes (19ms)
			AfterProcessingInitializeOnLoad (0ms)
			EditorAssembliesLoaded (0ms)
		ExecutionOrderSort2 (0ms)
		AwakeInstancesAfterBackupRestoration (1ms)
Refreshing native plugins compatible for Editor in 0.17 ms, found 1 plugins.
Preloading 0 native plugins for Editor in 0.00 ms.
Unloading 0 Unused Serialized files (Serialized files now loaded: 0)
Unloading 2275 unused Assets / (396.3 KB). Loaded Objects now: 3028.
Memory consumption went from 118.9 MB to 118.5 MB.
Total: 3.585250 ms (FindLiveObjects: 0.108875 ms CreateObjectMapping: 0.043042 ms MarkObjects: 3.216875 ms  DeleteObjects: 0.216125 ms)

Prepare: number of updated asset objects reloaded= 0
========================================================================
Received Prepare
Begin MonoManager ReloadAssembly
[Licensing::Client] Successfully resolved entitlement details
[Licensing::Module] License group:
  Id: F4-QKKD-GK3D-QK4Z-FWRN-XXXX
  Product: Unity Personal
  Type: ULF
  Expiration: Unlimited
[Licensing::Module] License group:
  Id: 5773889045670-UnityPersXXXX
  Product: Unity Personal
  Type: Assigned
  Expiration: Unlimited
Thread 0x16d47b000 may have been prematurely finalized
Symbol file LoadedFromMemory is not a mono symbol file
- Loaded All Assemblies, in  0.222 seconds
Refreshing native plugins compatible for Editor in 0.11 ms, found 1 plugins.
Native extension for WindowsStandalone target not found
Native extension for OSXStandalone target not found
Native extension for WebGL target not found
[Package Manager] Failed to launch server process. Reason: Unity was launched with the -noUpm command-line argument
[Package Manager] Unable to send message (not connected to server process).
[Package Manager] Cannot connect to Unity Package Manager local server
[Package Manager] Failed to launch server process. Reason: Unity was launched with the -noUpm command-line argument
[Package Manager] Unable to send message (not connected to server process).
[Package Manager] Cannot connect to Unity Package Manager local server
ScheduleIndexationOnStartup MainProcess:False IndexOnStartup:True
Mono: successfully reloaded assembly
- Finished resetting the current domain, in  0.288 seconds
Domain Reload Profiling: 511ms
	BeginReloadAssembly (72ms)
		ExecutionOrderSort (0ms)
		DisableScriptedObjects (2ms)
		BackupInstance (0ms)
		ReleaseScriptingObjects (0ms)
		CreateAndSetChildDomain (16ms)
	RebuildCommonClasses (20ms)
	RebuildNativeTypeToScriptingClass (7ms)
	initialDomainReloadingComplete (10ms)
	LoadAllAssembliesAndSetupDomain (114ms)
		LoadAssemblies (91ms)
		RebuildTransferFunctionScriptingTraits (0ms)
		AnalyzeDomain (48ms)
			TypeCache.Refresh (4ms)
				TypeCache.ScanAssembly (0ms)
			BuildScriptInfoCaches (41ms)
			ResolveRequiredComponents (1ms)
	FinalizeReload (288ms)
		ReleaseScriptCaches (0ms)
		RebuildScriptCaches (0ms)
		SetupLoadedEditorAssemblies (232ms)
			LogAssemblyErrors (0ms)
			InitializePlatformSupportModulesInManaged (2ms)
			SetLoadedEditorAssemblies (2ms)
			BeforeProcessingInitializeOnLoad (54ms)
			ProcessInitializeOnLoadAttributes (158ms)
			ProcessInitializeOnLoadMethodAttributes (17ms)
			AfterProcessingInitializeOnLoad (1ms)
			EditorAssembliesLoaded (0ms)
		ExecutionOrderSort2 (0ms)
		AwakeInstancesAfterBackupRestoration (1ms)
Refreshing native plugins compatible for Editor in 0.12 ms, found 1 plugins.
Preloading 0 native plugins for Editor in 0.00 ms.
Unloading 0 Unused Serialized files (Serialized files now loaded: 0)
Unloading 2275 unused Assets / (430.1 KB). Loaded Objects now: 3029.
Memory consumption went from 118.9 MB to 118.5 MB.
Total: 3.537042 ms (FindLiveObjects: 0.103792 ms CreateObjectMapping: 0.043791 ms MarkObjects: 3.170625 ms  DeleteObjects: 0.218667 ms)

Prepare: number of updated asset objects reloaded= 0
========================================================================
Received Prepare
Refreshing native plugins compatible for Editor in 0.11 ms, found 1 plugins.
Preloading 0 native plugins for Editor in 0.00 ms.
Unloading 0 Unused Serialized files (Serialized files now loaded: 0)
Unloading 2271 unused Assets / (441.1 KB). Loaded Objects now: 3029.
Memory consumption went from 110.1 MB to 109.7 MB.
Total: 3.389125 ms (FindLiveObjects: 0.090792 ms CreateObjectMapping: 0.045334 ms MarkObjects: 2.987583 ms  DeleteObjects: 0.265166 ms)

Prepare: number of updated asset objects reloaded= 0
========================================================================
Received Prepare
Begin MonoManager ReloadAssembly
[Licensing::Client] Successfully resolved entitlement details
[Licensing::Module] License group:
  Id: F4-QKKD-GK3D-QK4Z-FWRN-XXXX
  Product: Unity Personal
  Type: ULF
  Expiration: Unlimited
[Licensing::Module] License group:
  Id: 5773889045670-UnityPersXXXX
  Product: Unity Personal
  Type: Assigned
  Expiration: Unlimited
Thread 0x16d47b000 may have been prematurely finalized
Symbol file LoadedFromMemory is not a mono symbol file
- Loaded All Assemblies, in  0.224 seconds
Refreshing native plugins compatible for Editor in 0.12 ms, found 1 plugins.
Native extension for WindowsStandalone target not found
Native extension for OSXStandalone target not found
Native extension for WebGL target not found
[Package Manager] Failed to launch server process. Reason: Unity was launched with the -noUpm command-line argument
[Package Manager] Unable to send message (not connected to server process).
[Package Manager] Cannot connect to Unity Package Manager local server
[Package Manager] Failed to launch server process. Reason: Unity was launched with the -noUpm command-line argument
[Package Manager] Unable to send message (not connected to server process).
[Package Manager] Cannot connect to Unity Package Manager local server
ScheduleIndexationOnStartup MainProcess:False IndexOnStartup:True
Mono: successfully reloaded assembly
- Finished resetting the current domain, in  0.299 seconds
Domain Reload Profiling: 525ms
	BeginReloadAssembly (74ms)
		ExecutionOrderSort (0ms)
		DisableScriptedObjects (2ms)
		BackupInstance (0ms)
		ReleaseScriptingObjects (0ms)
		CreateAndSetChildDomain (17ms)
	RebuildCommonClasses (19ms)
	RebuildNativeTypeToScriptingClass (7ms)
	initialDomainReloadingComplete (10ms)
	LoadAllAssembliesAndSetupDomain (115ms)
		LoadAssemblies (94ms)
		RebuildTransferFunctionScriptingTraits (0ms)
		AnalyzeDomain (48ms)
			TypeCache.Refresh (6ms)
				TypeCache.ScanAssembly (1ms)
			BuildScriptInfoCaches (39ms)
			ResolveRequiredComponents (1ms)
	FinalizeReload (300ms)
		ReleaseScriptCaches (0ms)
		RebuildScriptCaches (0ms)
		SetupLoadedEditorAssemblies (241ms)
			LogAssemblyErrors (0ms)
			InitializePlatformSupportModulesInManaged (2ms)
			SetLoadedEditorAssemblies (2ms)
			BeforeProcessingInitializeOnLoad (55ms)
			ProcessInitializeOnLoadAttributes (165ms)
			ProcessInitializeOnLoadMethodAttributes (17ms)
			AfterProcessingInitializeOnLoad (1ms)
			EditorAssembliesLoaded (0ms)
		ExecutionOrderSort2 (0ms)
		AwakeInstancesAfterBackupRestoration (1ms)
Refreshing native plugins compatible for Editor in 0.17 ms, found 1 plugins.
Preloading 0 native plugins for Editor in 0.00 ms.
Unloading 0 Unused Serialized files (Serialized files now loaded: 0)
Unloading 2275 unused Assets / (243.1 KB). Loaded Objects now: 3030.
Memory consumption went from 118.9 MB to 118.6 MB.
Total: 3.996875 ms (FindLiveObjects: 0.170417 ms CreateObjectMapping: 0.042958 ms MarkObjects: 3.538625 ms  DeleteObjects: 0.244667 ms)

Prepare: number of updated asset objects reloaded= 0
========================================================================
Received Prepare
Refreshing native plugins compatible for Editor in 0.14 ms, found 1 plugins.
Preloading 0 native plugins for Editor in 0.00 ms.
Unloading 0 Unused Serialized files (Serialized files now loaded: 0)
Unloading 2271 unused Assets / (364.8 KB). Loaded Objects now: 3030.
Memory consumption went from 110.1 MB to 109.8 MB.
Total: 3.339000 ms (FindLiveObjects: 0.091250 ms CreateObjectMapping: 0.040917 ms MarkObjects: 2.952792 ms  DeleteObjects: 0.253792 ms)

Prepare: number of updated asset objects reloaded= 0
========================================================================
Received Prepare
Begin MonoManager ReloadAssembly
Thread 0x16d47b000 may have been prematurely finalized
Symbol file LoadedFromMemory is not a mono symbol file
- Loaded All Assemblies, in  0.228 seconds
Refreshing native plugins compatible for Editor in 0.12 ms, found 1 plugins.
Native extension for WindowsStandalone target not found
Native extension for OSXStandalone target not found
Native extension for WebGL target not found
[Package Manager] Failed to launch server process. Reason: Unity was launched with the -noUpm command-line argument
[Package Manager] Unable to send message (not connected to server process).
[Package Manager] Cannot connect to Unity Package Manager local server
[Package Manager] Failed to launch server process. Reason: Unity was launched with the -noUpm command-line argument
[Package Manager] Unable to send message (not connected to server process).
[Package Manager] Cannot connect to Unity Package Manager local server
ScheduleIndexationOnStartup MainProcess:False IndexOnStartup:True
Mono: successfully reloaded assembly
- Finished resetting the current domain, in  0.292 seconds
Domain Reload Profiling: 522ms
	BeginReloadAssembly (72ms)
		ExecutionOrderSort (0ms)
		DisableScriptedObjects (2ms)
		BackupInstance (0ms)
		ReleaseScriptingObjects (0ms)
		CreateAndSetChildDomain (18ms)
	RebuildCommonClasses (19ms)
	RebuildNativeTypeToScriptingClass (7ms)
	initialDomainReloadingComplete (10ms)
	LoadAllAssembliesAndSetupDomain (122ms)
		LoadAssemblies (93ms)
		RebuildTransferFunctionScriptingTraits (0ms)
		AnalyzeDomain (52ms)
			TypeCache.Refresh (8ms)
				TypeCache.ScanAssembly (1ms)
			BuildScriptInfoCaches (42ms)
			ResolveRequiredComponents (2ms)
	FinalizeReload (292ms)
		ReleaseScriptCaches (0ms)
		RebuildScriptCaches (0ms)
		SetupLoadedEditorAssemblies (236ms)
			LogAssemblyErrors (0ms)
			InitializePlatformSupportModulesInManaged (2ms)
			SetLoadedEditorAssemblies (2ms)
			BeforeProcessingInitializeOnLoad (55ms)
			ProcessInitializeOnLoadAttributes (160ms)
			ProcessInitializeOnLoadMethodAttributes (17ms)
			AfterProcessingInitializeOnLoad (1ms)
			EditorAssembliesLoaded (0ms)
		ExecutionOrderSort2 (0ms)
		AwakeInstancesAfterBackupRestoration (1ms)
Refreshing native plugins compatible for Editor in 0.15 ms, found 1 plugins.
Preloading 0 native plugins for Editor in 0.00 ms.
Unloading 0 Unused Serialized files (Serialized files now loaded: 0)
Unloading 2275 unused Assets / (469.5 KB). Loaded Objects now: 3031.
Memory consumption went from 118.9 MB to 118.4 MB.
Total: 3.553333 ms (FindLiveObjects: 0.095250 ms CreateObjectMapping: 0.047000 ms MarkObjects: 3.184333 ms  DeleteObjects: 0.226458 ms)

Prepare: number of updated asset objects reloaded= 0
========================================================================
Received Prepare
Begin MonoManager ReloadAssembly
[Licensing::Client] Successfully resolved entitlement details
[Licensing::Module] License group:
  Id: F4-QKKD-GK3D-QK4Z-FWRN-XXXX
  Product: Unity Personal
  Type: ULF
  Expiration: Unlimited
[Licensing::Module] License group:
  Id: 5773889045670-UnityPersXXXX
  Product: Unity Personal
  Type: Assigned
  Expiration: Unlimited
Thread 0x16d47b000 may have been prematurely finalized
Symbol file LoadedFromMemory is not a mono symbol file
- Loaded All Assemblies, in  0.225 seconds
Refreshing native plugins compatible for Editor in 0.12 ms, found 1 plugins.
Native extension for WindowsStandalone target not found
Native extension for OSXStandalone target not found
Native extension for WebGL target not found
[Package Manager] Failed to launch server process. Reason: Unity was launched with the -noUpm command-line argument
[Package Manager] Unable to send message (not connected to server process).
[Package Manager] Cannot connect to Unity Package Manager local server
[Package Manager] Failed to launch server process. Reason: Unity was launched with the -noUpm command-line argument
[Package Manager] Unable to send message (not connected to server process).
[Package Manager] Cannot connect to Unity Package Manager local server
ScheduleIndexationOnStartup MainProcess:False IndexOnStartup:True
Mono: successfully reloaded assembly
- Finished resetting the current domain, in  0.293 seconds
Domain Reload Profiling: 519ms
	BeginReloadAssembly (78ms)
		ExecutionOrderSort (0ms)
		DisableScriptedObjects (3ms)
		BackupInstance (0ms)
		ReleaseScriptingObjects (0ms)
		CreateAndSetChildDomain (18ms)
	RebuildCommonClasses (19ms)
	RebuildNativeTypeToScriptingClass (7ms)
	initialDomainReloadingComplete (9ms)
	LoadAllAssembliesAndSetupDomain (113ms)
		LoadAssemblies (93ms)
		RebuildTransferFunctionScriptingTraits (0ms)
		AnalyzeDomain (46ms)
			TypeCache.Refresh (4ms)
				TypeCache.ScanAssembly (0ms)
			BuildScriptInfoCaches (40ms)
			ResolveRequiredComponents (1ms)
	FinalizeReload (293ms)
		ReleaseScriptCaches (0ms)
		RebuildScriptCaches (0ms)
		SetupLoadedEditorAssemblies (239ms)
			LogAssemblyErrors (0ms)
			InitializePlatformSupportModulesInManaged (2ms)
			SetLoadedEditorAssemblies (2ms)
			BeforeProcessingInitializeOnLoad (55ms)
			ProcessInitializeOnLoadAttributes (164ms)
			ProcessInitializeOnLoadMethodAttributes (17ms)
			AfterProcessingInitializeOnLoad (1ms)
			EditorAssembliesLoaded (0ms)
		ExecutionOrderSort2 (0ms)
		AwakeInstancesAfterBackupRestoration (1ms)
Refreshing native plugins compatible for Editor in 0.12 ms, found 1 plugins.
Preloading 0 native plugins for Editor in 0.00 ms.
Unloading 0 Unused Serialized files (Serialized files now loaded: 0)
Unloading 2275 unused Assets / (359.7 KB). Loaded Objects now: 3032.
Memory consumption went from 118.9 MB to 118.5 MB.
Total: 3.462750 ms (FindLiveObjects: 0.101500 ms CreateObjectMapping: 0.043959 ms MarkObjects: 3.098208 ms  DeleteObjects: 0.218958 ms)

Prepare: number of updated asset objects reloaded= 0
========================================================================
Received Import Request.
  Time since last request: 50702.356504 seconds.
  path: Assets/Scripts/SceneObjects/Player/DepthEnable.cs
  artifactKey: Guid(21bb50da0e354dc1888b325ae292a992) Importer(2089858483,b0f066a214c2f5e87bad3c948f4d605d)
Start importing Assets/Scripts/SceneObjects/Player/DepthEnable.cs using Guid(21bb50da0e354dc1888b325ae292a992) Importer(2089858483,b0f066a214c2f5e87bad3c948f4d605d) (ScriptedImporter) -> (artifact id: '019611e01e3b7217410225f0e2119b67') in 0.027869875 seconds
Number of updated asset objects reloaded before import = 0Number of asset objects unloaded after import = 0

========================================================================
Received Import Request.
  Time since last request: 0.000033 seconds.
  path: Assets/Scripts/SceneObjects/Chicken/ChickenSpawnerScript.cs
  artifactKey: Guid(ac172841ff1624a8ea7e54a4254d90bb) Importer(2089858483,b0f066a214c2f5e87bad3c948f4d605d)
Start importing Assets/Scripts/SceneObjects/Chicken/ChickenSpawnerScript.cs using Guid(ac172841ff1624a8ea7e54a4254d90bb) Importer(2089858483,b0f066a214c2f5e87bad3c948f4d605d) (ScriptedImporter) -> (artifact id: 'b5e38df8c1cc6361a395838954c374cd') in 0.00226775 seconds
Number of updated asset objects reloaded before import = 0Number of asset objects unloaded after import = 0

========================================================================
Received Import Request.
  Time since last request: 0.000179 seconds.
  path: Assets/Scripts/UI/HUD/ChickensCountScript.cs
  artifactKey: Guid(9128798268af4ab1b45196ded0326730) Importer(2089858483,b0f066a214c2f5e87bad3c948f4d605d)
Start importing Assets/Scripts/UI/HUD/ChickensCountScript.cs using Guid(9128798268af4ab1b45196ded0326730) Importer(2089858483,b0f066a214c2f5e87bad3c948f4d605d) (ScriptedImporter) -> (artifact id: '6231b00f08d62ec235857f12da01fe5a') in 0.002994666 seconds
Number of updated asset objects reloaded before import = 0Number of asset objects unloaded after import = 0

========================================================================
Received Import Request.
  Time since last request: 0.000124 seconds.
  path: Assets/Scripts/SceneObjects/Player/PlayerMovementScript.cs
  artifactKey: Guid(8caf9b772ca0a4d8fb89d997efd1efd5) Importer(2089858483,b0f066a214c2f5e87bad3c948f4d605d)
Start importing Assets/Scripts/SceneObjects/Player/PlayerMovementScript.cs using Guid(8caf9b772ca0a4d8fb89d997efd1efd5) Importer(2089858483,b0f066a214c2f5e87bad3c948f4d605d) (ScriptedImporter) -> (artifact id: '90cc0e74679f614e6aa2bf1479459282') in 0.001703833 seconds
Number of updated asset objects reloaded before import = 0Number of asset objects unloaded after import = 0

========================================================================
Received Import Request.
  Time since last request: 0.000091 seconds.
  path: Assets/Scripts/UI/UIPointerHandler.cs
  artifactKey: Guid(27185bcd2f7a482486ad04b6178075f3) Importer(2089858483,b0f066a214c2f5e87bad3c948f4d605d)
Start importing Assets/Scripts/UI/UIPointerHandler.cs using Guid(27185bcd2f7a482486ad04b6178075f3) Importer(2089858483,b0f066a214c2f5e87bad3c948f4d605d) (ScriptedImporter) -> (artifact id: '1b7c275362b6bdbe5183c4f68dd1ee94') in 0.001236 seconds
Number of updated asset objects reloaded before import = 0Number of asset objects unloaded after import = 0

========================================================================
Received Import Request.
  Time since last request: 0.000058 seconds.
  path: Assets/Scripts/SceneObjects/Chicken/ChickenMovementScript.cs
  artifactKey: Guid(bd233e29389b64adf99bcbf9cfe1ec46) Importer(2089858483,b0f066a214c2f5e87bad3c948f4d605d)
Start importing Assets/Scripts/SceneObjects/Chicken/ChickenMovementScript.cs using Guid(bd233e29389b64adf99bcbf9cfe1ec46) Importer(2089858483,b0f066a214c2f5e87bad3c948f4d605d) (ScriptedImporter) -> (artifact id: 'c69289f11c095adce20b57b872daa081') in 0.001850958 seconds
Number of updated asset objects reloaded before import = 0Number of asset objects unloaded after import = 0

========================================================================
Received Import Request.
  Time since last request: 0.000085 seconds.
  path: Assets/Scripts/GameManager.cs
  artifactKey: Guid(17a436dd39b7405c8eb5507c702801ec) Importer(2089858483,b0f066a214c2f5e87bad3c948f4d605d)
Start importing Assets/Scripts/GameManager.cs using Guid(17a436dd39b7405c8eb5507c702801ec) Importer(2089858483,b0f066a214c2f5e87bad3c948f4d605d) (ScriptedImporter) -> (artifact id: 'af685f67f3c58b89fddd417047d88d78') in 0.001536958 seconds
Number of updated asset objects reloaded before import = 0Number of asset objects unloaded after import = 0

========================================================================
Received Import Request.
  Time since last request: 0.000091 seconds.
  path: Assets/Materials/UI/Blur.mat
  artifactKey: Guid(02daeeec2314646068ade128508ae497) Importer(2089858483,b0f066a214c2f5e87bad3c948f4d605d)
Start importing Assets/Materials/UI/Blur.mat using Guid(02daeeec2314646068ade128508ae497) Importer(2089858483,b0f066a214c2f5e87bad3c948f4d605d) (ScriptedImporter) -> (artifact id: 'd5970b7e714c2522cf65640c2c8234af') in 0.005979334 seconds
Number of updated asset objects reloaded before import = 0Number of asset objects unloaded after import = 1

========================================================================
Received Import Request.
  Time since last request: 0.000030 seconds.
  path: Assets/Scripts/SceneObjects/Player/PlayerInteractScript.cs
  artifactKey: Guid(3b74336a6a5084c378a9a260f2d92a48) Importer(2089858483,b0f066a214c2f5e87bad3c948f4d605d)
Start importing Assets/Scripts/SceneObjects/Player/PlayerInteractScript.cs using Guid(3b74336a6a5084c378a9a260f2d92a48) Importer(2089858483,b0f066a214c2f5e87bad3c948f4d605d) (ScriptedImporter) -> (artifact id: '7b30b3d7b484d6a3b11c3a409b943dfe') in 0.003084042 seconds
Number of updated asset objects reloaded before import = 0Number of asset objects unloaded after import = 0

========================================================================
Received Import Request.
  Time since last request: 0.000156 seconds.
  path: Assets/Scripts/SceneObjects/Player/PlayerLookScript.cs
  artifactKey: Guid(fa7b59f44832546f0b96a1a769c236b7) Importer(2089858483,b0f066a214c2f5e87bad3c948f4d605d)
Start importing Assets/Scripts/SceneObjects/Player/PlayerLookScript.cs using Guid(fa7b59f44832546f0b96a1a769c236b7) Importer(2089858483,b0f066a214c2f5e87bad3c948f4d605d) (ScriptedImporter) -> (artifact id: '71889ba1c2111236cd597822775a34c8') in 0.001190167 seconds
Number of updated asset objects reloaded before import = 0Number of asset objects unloaded after import = 0

========================================================================
Received Import Request.
  Time since last request: 0.000090 seconds.
  path: Assets/Scenes/Main.unity
  artifactKey: Guid(9fc0d4010bbf28b4594072e72b8655ab) Importer(2089858483,b0f066a214c2f5e87bad3c948f4d605d)
Start importing Assets/Scenes/Main.unity using Guid(9fc0d4010bbf28b4594072e72b8655ab) Importer(2089858483,b0f066a214c2f5e87bad3c948f4d605d) (ScriptedImporter) -> (artifact id: '7820458950b167bb07241a93dd4dc8ff') in 0.00642525 seconds
Number of updated asset objects reloaded before import = 0Number of asset objects unloaded after import = 1

========================================================================
Received Import Request.
  Time since last request: 0.000060 seconds.
  path: Assets/Scripts/SaveManager.cs
  artifactKey: Guid(64ce14b08c6149aeb5386c02bb4cc0db) Importer(2089858483,b0f066a214c2f5e87bad3c948f4d605d)
Start importing Assets/Scripts/SaveManager.cs using Guid(64ce14b08c6149aeb5386c02bb4cc0db) Importer(2089858483,b0f066a214c2f5e87bad3c948f4d605d) (ScriptedImporter) -> (artifact id: '7534d9a5c3c75f90dc3fa07681c0f417') in 0.001332417 seconds
Number of updated asset objects reloaded before import = 0Number of asset objects unloaded after import = 0

========================================================================
Received Import Request.
  Time since last request: 73.041700 seconds.
  path: Assets/SFNS SDF.asset
  artifactKey: Guid(894511cab5c9945e0aac72d78eb7d080) Importer(2089858483,b0f066a214c2f5e87bad3c948f4d605d)
Start importing Assets/SFNS SDF.asset using Guid(894511cab5c9945e0aac72d78eb7d080) Importer(2089858483,b0f066a214c2f5e87bad3c948f4d605d) (ScriptedImporter) -> (artifact id: 'ba3d4ae90f9ccc54d9329405eafa2987') in 0.049383333 seconds
Number of updated asset objects reloaded before import = 0Number of asset objects unloaded after import = 5

========================================================================
Received Prepare
Refreshing native plugins compatible for Editor in 0.13 ms, found 1 plugins.
Preloading 0 native plugins for Editor in 0.00 ms.
Unloading 0 Unused Serialized files (Serialized files now loaded: 0)
Unloading 2271 unused Assets / (412.6 KB). Loaded Objects now: 3032.
Memory consumption went from 110.4 MB to 109.9 MB.
Total: 5.262333 ms (FindLiveObjects: 0.156791 ms CreateObjectMapping: 0.050875 ms MarkObjects: 4.817375 ms  DeleteObjects: 0.236917 ms)

Prepare: number of updated asset objects reloaded= 0
========================================================================
Received Prepare
Begin MonoManager ReloadAssembly
[Licensing::Client] Successfully resolved entitlement details
[Licensing::Module] License group:
  Id: F4-QKKD-GK3D-QK4Z-FWRN-XXXX
  Product: Unity Personal
  Type: ULF
  Expiration: Unlimited
[Licensing::Module] License group:
  Id: 5773889045670-UnityPersXXXX
  Product: Unity Personal
  Type: Assigned
  Expiration: Unlimited
Thread 0x16d47b000 may have been prematurely finalized
Symbol file LoadedFromMemory is not a mono symbol file
- Loaded All Assemblies, in  0.250 seconds
Refreshing native plugins compatible for Editor in 0.11 ms, found 1 plugins.
Native extension for WindowsStandalone target not found
Native extension for OSXStandalone target not found
Native extension for WebGL target not found
[Package Manager] Failed to launch server process. Reason: Unity was launched with the -noUpm command-line argument
[Package Manager] Unable to send message (not connected to server process).
[Package Manager] Cannot connect to Unity Package Manager local server
[Package Manager] Failed to launch server process. Reason: Unity was launched with the -noUpm command-line argument
[Package Manager] Unable to send message (not connected to server process).
[Package Manager] Cannot connect to Unity Package Manager local server
ScheduleIndexationOnStartup MainProcess:False IndexOnStartup:True
Mono: successfully reloaded assembly
- Finished resetting the current domain, in  0.295 seconds
Domain Reload Profiling: 547ms
	BeginReloadAssembly (90ms)
		ExecutionOrderSort (0ms)
		DisableScriptedObjects (3ms)
		BackupInstance (0ms)
		ReleaseScriptingObjects (0ms)
		CreateAndSetChildDomain (24ms)
	RebuildCommonClasses (20ms)
	RebuildNativeTypeToScriptingClass (7ms)
	initialDomainReloadingComplete (11ms)
	LoadAllAssembliesAndSetupDomain (124ms)
		LoadAssemblies (110ms)
		RebuildTransferFunctionScriptingTraits (0ms)
		AnalyzeDomain (48ms)
			TypeCache.Refresh (6ms)
				TypeCache.ScanAssembly (1ms)
			BuildScriptInfoCaches (39ms)
			ResolveRequiredComponents (1ms)
	FinalizeReload (296ms)
		ReleaseScriptCaches (0ms)
		RebuildScriptCaches (0ms)
		SetupLoadedEditorAssemblies (236ms)
			LogAssemblyErrors (0ms)
			InitializePlatformSupportModulesInManaged (2ms)
			SetLoadedEditorAssemblies (2ms)
			BeforeProcessingInitializeOnLoad (56ms)
			ProcessInitializeOnLoadAttributes (159ms)
			ProcessInitializeOnLoadMethodAttributes (17ms)
			AfterProcessingInitializeOnLoad (1ms)
			EditorAssembliesLoaded (0ms)
		ExecutionOrderSort2 (0ms)
		AwakeInstancesAfterBackupRestoration (2ms)
Refreshing native plugins compatible for Editor in 0.16 ms, found 1 plugins.
Preloading 0 native plugins for Editor in 0.00 ms.
Unloading 0 Unused Serialized files (Serialized files now loaded: 0)
Unloading 2275 unused Assets / (409.0 KB). Loaded Objects now: 3033.
Memory consumption went from 118.8 MB to 118.4 MB.
Total: 3.538167 ms (FindLiveObjects: 0.106792 ms CreateObjectMapping: 0.043208 ms MarkObjects: 3.165292 ms  DeleteObjects: 0.222708 ms)

Prepare: number of updated asset objects reloaded= 0
========================================================================
Received Prepare
Refreshing native plugins compatible for Editor in 0.13 ms, found 1 plugins.
Preloading 0 native plugins for Editor in 0.00 ms.
Unloading 0 Unused Serialized files (Serialized files now loaded: 0)
Unloading 2271 unused Assets / (427.7 KB). Loaded Objects now: 3033.
Memory consumption went from 110.1 MB to 109.7 MB.
Total: 3.194833 ms (FindLiveObjects: 0.093750 ms CreateObjectMapping: 0.040041 ms MarkObjects: 2.844000 ms  DeleteObjects: 0.216667 ms)

Prepare: number of updated asset objects reloaded= 0
========================================================================
Received Prepare
Refreshing native plugins compatible for Editor in 0.11 ms, found 1 plugins.
Preloading 0 native plugins for Editor in 0.00 ms.
Unloading 0 Unused Serialized files (Serialized files now loaded: 0)
Unloading 2271 unused Assets / (377.7 KB). Loaded Objects now: 3033.
Memory consumption went from 110.1 MB to 109.8 MB.
Total: 3.378042 ms (FindLiveObjects: 0.112791 ms CreateObjectMapping: 0.048167 ms MarkObjects: 2.983333 ms  DeleteObjects: 0.233542 ms)

Prepare: number of updated asset objects reloaded= 0
========================================================================
Received Prepare
Begin MonoManager ReloadAssembly
Thread 0x16d47b000 may have been prematurely finalized
Symbol file LoadedFromMemory is not a mono symbol file
- Loaded All Assemblies, in  0.218 seconds
Refreshing native plugins compatible for Editor in 0.14 ms, found 1 plugins.
Native extension for WindowsStandalone target not found
Native extension for OSXStandalone target not found
Native extension for WebGL target not found
[Package Manager] Failed to launch server process. Reason: Unity was launched with the -noUpm command-line argument
[Package Manager] Unable to send message (not connected to server process).
[Package Manager] Cannot connect to Unity Package Manager local server
[Package Manager] Failed to launch server process. Reason: Unity was launched with the -noUpm command-line argument
[Package Manager] Unable to send message (not connected to server process).
[Package Manager] Cannot connect to Unity Package Manager local server
ScheduleIndexationOnStartup MainProcess:False IndexOnStartup:True
Mono: successfully reloaded assembly
- Finished resetting the current domain, in  0.302 seconds
Domain Reload Profiling: 521ms
	BeginReloadAssembly (70ms)
		ExecutionOrderSort (0ms)
		DisableScriptedObjects (2ms)
		BackupInstance (0ms)
		ReleaseScriptingObjects (0ms)
		CreateAndSetChildDomain (16ms)
	RebuildCommonClasses (19ms)
	RebuildNativeTypeToScriptingClass (7ms)
	initialDomainReloadingComplete (10ms)
	LoadAllAssembliesAndSetupDomain (112ms)
		LoadAssemblies (90ms)
		RebuildTransferFunctionScriptingTraits (0ms)
		AnalyzeDomain (47ms)
			TypeCache.Refresh (5ms)
				TypeCache.ScanAssembly (1ms)
			BuildScriptInfoCaches (39ms)
			ResolveRequiredComponents (1ms)
	FinalizeReload (302ms)
		ReleaseScriptCaches (0ms)
		RebuildScriptCaches (0ms)
		SetupLoadedEditorAssemblies (242ms)
			LogAssemblyErrors (0ms)
			InitializePlatformSupportModulesInManaged (2ms)
			SetLoadedEditorAssemblies (2ms)
			BeforeProcessingInitializeOnLoad (57ms)
			ProcessInitializeOnLoadAttributes (165ms)
			ProcessInitializeOnLoadMethodAttributes (17ms)
			AfterProcessingInitializeOnLoad (1ms)
			EditorAssembliesLoaded (0ms)
		ExecutionOrderSort2 (0ms)
		AwakeInstancesAfterBackupRestoration (1ms)
Refreshing native plugins compatible for Editor in 0.16 ms, found 1 plugins.
Preloading 0 native plugins for Editor in 0.00 ms.
Unloading 0 Unused Serialized files (Serialized files now loaded: 0)
Unloading 2275 unused Assets / (401.0 KB). Loaded Objects now: 3034.
Memory consumption went from 118.8 MB to 118.5 MB.
Total: 3.776792 ms (FindLiveObjects: 0.106958 ms CreateObjectMapping: 0.040750 ms MarkObjects: 3.374333 ms  DeleteObjects: 0.254500 ms)

Prepare: number of updated asset objects reloaded= 0
========================================================================
Received Prepare
Begin MonoManager ReloadAssembly
[Licensing::Client] Successfully resolved entitlement details
[Licensing::Module] License group:
  Id: F4-QKKD-GK3D-QK4Z-FWRN-XXXX
  Product: Unity Personal
  Type: ULF
  Expiration: Unlimited
[Licensing::Module] License group:
  Id: 5773889045670-UnityPersXXXX
  Product: Unity Personal
  Type: Assigned
  Expiration: Unlimited
Thread 0x16d47b000 may have been prematurely finalized
Symbol file LoadedFromMemory is not a mono symbol file
- Loaded All Assemblies, in  0.212 seconds
Refreshing native plugins compatible for Editor in 0.14 ms, found 1 plugins.
Native extension for WindowsStandalone target not found
Native extension for OSXStandalone target not found
Native extension for WebGL target not found
[Package Manager] Failed to launch server process. Reason: Unity was launched with the -noUpm command-line argument
[Package Manager] Unable to send message (not connected to server process).
[Package Manager] Cannot connect to Unity Package Manager local server
[Package Manager] Failed to launch server process. Reason: Unity was launched with the -noUpm command-line argument
[Package Manager] Unable to send message (not connected to server process).
[Package Manager] Cannot connect to Unity Package Manager local server
ScheduleIndexationOnStartup MainProcess:False IndexOnStartup:True
Mono: successfully reloaded assembly
- Finished resetting the current domain, in  0.303 seconds
Domain Reload Profiling: 517ms
	BeginReloadAssembly (72ms)
		ExecutionOrderSort (0ms)
		DisableScriptedObjects (2ms)
		BackupInstance (0ms)
		ReleaseScriptingObjects (0ms)
		CreateAndSetChildDomain (17ms)
	RebuildCommonClasses (20ms)
	RebuildNativeTypeToScriptingClass (7ms)
	initialDomainReloadingComplete (10ms)
	LoadAllAssembliesAndSetupDomain (104ms)
		LoadAssemblies (83ms)
		RebuildTransferFunctionScriptingTraits (0ms)
		AnalyzeDomain (45ms)
			TypeCache.Refresh (4ms)
				TypeCache.ScanAssembly (0ms)
			BuildScriptInfoCaches (39ms)
			ResolveRequiredComponents (1ms)
	FinalizeReload (303ms)
		ReleaseScriptCaches (0ms)
		RebuildScriptCaches (0ms)
		SetupLoadedEditorAssemblies (245ms)
			LogAssemblyErrors (0ms)
			InitializePlatformSupportModulesInManaged (2ms)
			SetLoadedEditorAssemblies (2ms)
			BeforeProcessingInitializeOnLoad (64ms)
			ProcessInitializeOnLoadAttributes (161ms)
			ProcessInitializeOnLoadMethodAttributes (17ms)
			AfterProcessingInitializeOnLoad (1ms)
			EditorAssembliesLoaded (0ms)
		ExecutionOrderSort2 (0ms)
		AwakeInstancesAfterBackupRestoration (1ms)
Refreshing native plugins compatible for Editor in 0.15 ms, found 1 plugins.
Preloading 0 native plugins for Editor in 0.00 ms.
Unloading 0 Unused Serialized files (Serialized files now loaded: 0)
Unloading 2275 unused Assets / (435.1 KB). Loaded Objects now: 3035.
Memory consumption went from 118.8 MB to 118.4 MB.
Total: 4.404542 ms (FindLiveObjects: 0.110834 ms CreateObjectMapping: 0.043541 ms MarkObjects: 4.023542 ms  DeleteObjects: 0.226209 ms)

Prepare: number of updated asset objects reloaded= 0
========================================================================
Received Prepare
Begin MonoManager ReloadAssembly
Thread 0x16d47b000 may have been prematurely finalized
Symbol file LoadedFromMemory is not a mono symbol file
- Loaded All Assemblies, in  0.216 seconds
Refreshing native plugins compatible for Editor in 0.11 ms, found 1 plugins.
Native extension for WindowsStandalone target not found
Native extension for OSXStandalone target not found
Native extension for WebGL target not found
[Package Manager] Failed to launch server process. Reason: Unity was launched with the -noUpm command-line argument
[Package Manager] Unable to send message (not connected to server process).
[Package Manager] Cannot connect to Unity Package Manager local server
[Package Manager] Failed to launch server process. Reason: Unity was launched with the -noUpm command-line argument
[Package Manager] Unable to send message (not connected to server process).
[Package Manager] Cannot connect to Unity Package Manager local server
ScheduleIndexationOnStartup MainProcess:False IndexOnStartup:True
Mono: successfully reloaded assembly
- Finished resetting the current domain, in  0.290 seconds
Domain Reload Profiling: 507ms
	BeginReloadAssembly (72ms)
		ExecutionOrderSort (0ms)
		DisableScriptedObjects (2ms)
		BackupInstance (0ms)
		ReleaseScriptingObjects (0ms)
		CreateAndSetChildDomain (17ms)
	RebuildCommonClasses (20ms)
	RebuildNativeTypeToScriptingClass (7ms)
	initialDomainReloadingComplete (10ms)
	LoadAllAssembliesAndSetupDomain (109ms)
		LoadAssemblies (84ms)
		RebuildTransferFunctionScriptingTraits (0ms)
		AnalyzeDomain (50ms)
			TypeCache.Refresh (6ms)
				TypeCache.ScanAssembly (1ms)
			BuildScriptInfoCaches (41ms)
			ResolveRequiredComponents (1ms)
	FinalizeReload (290ms)
		ReleaseScriptCaches (0ms)
		RebuildScriptCaches (0ms)
		SetupLoadedEditorAssemblies (234ms)
			LogAssemblyErrors (0ms)
			InitializePlatformSupportModulesInManaged (1ms)
			SetLoadedEditorAssemblies (2ms)
			BeforeProcessingInitializeOnLoad (56ms)
			ProcessInitializeOnLoadAttributes (158ms)
			ProcessInitializeOnLoadMethodAttributes (17ms)
			AfterProcessingInitializeOnLoad (0ms)
			EditorAssembliesLoaded (0ms)
		ExecutionOrderSort2 (0ms)
		AwakeInstancesAfterBackupRestoration (1ms)
Refreshing native plugins compatible for Editor in 0.12 ms, found 1 plugins.
Preloading 0 native plugins for Editor in 0.00 ms.
Unloading 0 Unused Serialized files (Serialized files now loaded: 0)
Unloading 2275 unused Assets / (388.2 KB). Loaded Objects now: 3036.
Memory consumption went from 118.9 MB to 118.5 MB.
Total: 3.630500 ms (FindLiveObjects: 0.101708 ms CreateObjectMapping: 0.046375 ms MarkObjects: 3.250250 ms  DeleteObjects: 0.231958 ms)

Prepare: number of updated asset objects reloaded= 0
========================================================================
Received Prepare
Begin MonoManager ReloadAssembly
[Licensing::Client] Successfully resolved entitlement details
[Licensing::Module] License group:
  Id: F4-QKKD-GK3D-QK4Z-FWRN-XXXX
  Product: Unity Personal
  Type: ULF
  Expiration: Unlimited
[Licensing::Module] License group:
  Id: 5773889045670-UnityPersXXXX
  Product: Unity Personal
  Type: Assigned
  Expiration: Unlimited
Thread 0x16d47b000 may have been prematurely finalized
Symbol file LoadedFromMemory is not a mono symbol file
- Loaded All Assemblies, in  0.334 seconds
Refreshing native plugins compatible for Editor in 0.12 ms, found 1 plugins.
Native extension for WindowsStandalone target not found
Native extension for OSXStandalone target not found
Native extension for WebGL target not found
[Package Manager] Failed to launch server process. Reason: Unity was launched with the -noUpm command-line argument
[Package Manager] Unable to send message (not connected to server process).
[Package Manager] Cannot connect to Unity Package Manager local server
[Package Manager] Failed to launch server process. Reason: Unity was launched with the -noUpm command-line argument
[Package Manager] Unable to send message (not connected to server process).
[Package Manager] Cannot connect to Unity Package Manager local server
ScheduleIndexationOnStartup MainProcess:False IndexOnStartup:True
Mono: successfully reloaded assembly
- Finished resetting the current domain, in  0.297 seconds
Domain Reload Profiling: 632ms
	BeginReloadAssembly (129ms)
		ExecutionOrderSort (0ms)
		DisableScriptedObjects (6ms)
		BackupInstance (0ms)
		ReleaseScriptingObjects (0ms)
		CreateAndSetChildDomain (41ms)
	RebuildCommonClasses (19ms)
	RebuildNativeTypeToScriptingClass (7ms)
	initialDomainReloadingComplete (16ms)
	LoadAllAssembliesAndSetupDomain (164ms)
		LoadAssemblies (151ms)
		RebuildTransferFunctionScriptingTraits (0ms)
		AnalyzeDomain (56ms)
			TypeCache.Refresh (5ms)
				TypeCache.ScanAssembly (0ms)
			BuildScriptInfoCaches (46ms)
			ResolveRequiredComponents (3ms)
	FinalizeReload (298ms)
		ReleaseScriptCaches (0ms)
		RebuildScriptCaches (0ms)
		SetupLoadedEditorAssemblies (238ms)
			LogAssemblyErrors (0ms)
			InitializePlatformSupportModulesInManaged (2ms)
			SetLoadedEditorAssemblies (2ms)
			BeforeProcessingInitializeOnLoad (56ms)
			ProcessInitializeOnLoadAttributes (161ms)
			ProcessInitializeOnLoadMethodAttributes (17ms)
			AfterProcessingInitializeOnLoad (1ms)
			EditorAssembliesLoaded (0ms)
		ExecutionOrderSort2 (0ms)
		AwakeInstancesAfterBackupRestoration (2ms)
Refreshing native plugins compatible for Editor in 0.13 ms, found 1 plugins.
Preloading 0 native plugins for Editor in 0.00 ms.
Unloading 0 Unused Serialized files (Serialized files now loaded: 0)
Unloading 2275 unused Assets / (480.1 KB). Loaded Objects now: 3037.
Memory consumption went from 118.9 MB to 118.4 MB.
Total: 3.604000 ms (FindLiveObjects: 0.094542 ms CreateObjectMapping: 0.045458 ms MarkObjects: 3.225375 ms  DeleteObjects: 0.238542 ms)

Prepare: number of updated asset objects reloaded= 0
========================================================================
Received Prepare
Refreshing native plugins compatible for Editor in 0.16 ms, found 1 plugins.
Preloading 0 native plugins for Editor in 0.00 ms.
Unloading 0 Unused Serialized files (Serialized files now loaded: 0)
Unloading 2271 unused Assets / (290.7 KB). Loaded Objects now: 3037.
Memory consumption went from 110.2 MB to 109.9 MB.
Total: 3.603667 ms (FindLiveObjects: 0.120291 ms CreateObjectMapping: 0.044334 ms MarkObjects: 3.221125 ms  DeleteObjects: 0.217750 ms)

Prepare: number of updated asset objects reloaded= 0
========================================================================
Received Prepare
Begin MonoManager ReloadAssembly
Thread 0x16d47b000 may have been prematurely finalized
Symbol file LoadedFromMemory is not a mono symbol file
- Loaded All Assemblies, in  0.237 seconds
Refreshing native plugins compatible for Editor in 0.09 ms, found 1 plugins.
Native extension for WindowsStandalone target not found
Native extension for OSXStandalone target not found
Native extension for WebGL target not found
[Package Manager] Failed to launch server process. Reason: Unity was launched with the -noUpm command-line argument
[Package Manager] Unable to send message (not connected to server process).
[Package Manager] Cannot connect to Unity Package Manager local server
[Package Manager] Failed to launch server process. Reason: Unity was launched with the -noUpm command-line argument
[Package Manager] Unable to send message (not connected to server process).
[Package Manager] Cannot connect to Unity Package Manager local server
ScheduleIndexationOnStartup MainProcess:False IndexOnStartup:True
Mono: successfully reloaded assembly
- Finished resetting the current domain, in  0.293 seconds
Domain Reload Profiling: 531ms
	BeginReloadAssembly (83ms)
		ExecutionOrderSort (0ms)
		DisableScriptedObjects (3ms)
		BackupInstance (0ms)
		ReleaseScriptingObjects (0ms)
		CreateAndSetChildDomain (25ms)
	RebuildCommonClasses (19ms)
	RebuildNativeTypeToScriptingClass (7ms)
	initialDomainReloadingComplete (10ms)
	LoadAllAssembliesAndSetupDomain (118ms)
		LoadAssemblies (98ms)
		RebuildTransferFunctionScriptingTraits (0ms)
		AnalyzeDomain (48ms)
			TypeCache.Refresh (6ms)
				TypeCache.ScanAssembly (1ms)
			BuildScriptInfoCaches (39ms)
			ResolveRequiredComponents (2ms)
	FinalizeReload (293ms)
		ReleaseScriptCaches (0ms)
		RebuildScriptCaches (0ms)
		SetupLoadedEditorAssemblies (235ms)
			LogAssemblyErrors (0ms)
			InitializePlatformSupportModulesInManaged (2ms)
			SetLoadedEditorAssemblies (2ms)
			BeforeProcessingInitializeOnLoad (56ms)
			ProcessInitializeOnLoadAttributes (158ms)
			ProcessInitializeOnLoadMethodAttributes (17ms)
			AfterProcessingInitializeOnLoad (1ms)
			EditorAssembliesLoaded (0ms)
		ExecutionOrderSort2 (0ms)
		AwakeInstancesAfterBackupRestoration (1ms)
Refreshing native plugins compatible for Editor in 0.16 ms, found 1 plugins.
Preloading 0 native plugins for Editor in 0.00 ms.
Unloading 0 Unused Serialized files (Serialized files now loaded: 0)
Unloading 2275 unused Assets / (139.6 KB). Loaded Objects now: 3038.
Memory consumption went from 118.9 MB to 118.7 MB.
Total: 3.694167 ms (FindLiveObjects: 0.113750 ms CreateObjectMapping: 0.043333 ms MarkObjects: 3.298000 ms  DeleteObjects: 0.238667 ms)

Prepare: number of updated asset objects reloaded= 0
========================================================================
Received Prepare
Refreshing native plugins compatible for Editor in 0.12 ms, found 1 plugins.
Preloading 0 native plugins for Editor in 0.00 ms.
Unloading 0 Unused Serialized files (Serialized files now loaded: 0)
Unloading 2271 unused Assets / (293.5 KB). Loaded Objects now: 3038.
Memory consumption went from 110.2 MB to 109.9 MB.
Total: 3.516625 ms (FindLiveObjects: 0.114333 ms CreateObjectMapping: 0.043167 ms MarkObjects: 3.134875 ms  DeleteObjects: 0.224083 ms)

Prepare: number of updated asset objects reloaded= 0
========================================================================
Received Prepare
Begin MonoManager ReloadAssembly
[Licensing::Client] Successfully resolved entitlement details
[Licensing::Module] License group:
  Id: F4-QKKD-GK3D-QK4Z-FWRN-XXXX
  Product: Unity Personal
  Type: ULF
  Expiration: Unlimited
[Licensing::Module] License group:
  Id: 5773889045670-UnityPersXXXX
  Product: Unity Personal
  Type: Assigned
  Expiration: Unlimited
Thread 0x16d47b000 may have been prematurely finalized
Symbol file LoadedFromMemory is not a mono symbol file
- Loaded All Assemblies, in  0.229 seconds
Refreshing native plugins compatible for Editor in 0.14 ms, found 1 plugins.
Native extension for WindowsStandalone target not found
Native extension for OSXStandalone target not found
Native extension for WebGL target not found
[Package Manager] Failed to launch server process. Reason: Unity was launched with the -noUpm command-line argument
[Package Manager] Unable to send message (not connected to server process).
[Package Manager] Cannot connect to Unity Package Manager local server
[Package Manager] Failed to launch server process. Reason: Unity was launched with the -noUpm command-line argument
[Package Manager] Unable to send message (not connected to server process).
[Package Manager] Cannot connect to Unity Package Manager local server
ScheduleIndexationOnStartup MainProcess:False IndexOnStartup:True
Mono: successfully reloaded assembly
- Finished resetting the current domain, in  0.293 seconds
Domain Reload Profiling: 523ms
	BeginReloadAssembly (74ms)
		ExecutionOrderSort (0ms)
		DisableScriptedObjects (3ms)
		BackupInstance (0ms)
		ReleaseScriptingObjects (0ms)
		CreateAndSetChildDomain (18ms)
	RebuildCommonClasses (19ms)
	RebuildNativeTypeToScriptingClass (7ms)
	initialDomainReloadingComplete (10ms)
	LoadAllAssembliesAndSetupDomain (120ms)
		LoadAssemblies (92ms)
		RebuildTransferFunctionScriptingTraits (0ms)
		AnalyzeDomain (52ms)
			TypeCache.Refresh (6ms)
				TypeCache.ScanAssembly (1ms)
			BuildScriptInfoCaches (43ms)
			ResolveRequiredComponents (1ms)
	FinalizeReload (294ms)
		ReleaseScriptCaches (0ms)
		RebuildScriptCaches (0ms)
		SetupLoadedEditorAssemblies (237ms)
			LogAssemblyErrors (0ms)
			InitializePlatformSupportModulesInManaged (2ms)
			SetLoadedEditorAssemblies (2ms)
			BeforeProcessingInitializeOnLoad (55ms)
			ProcessInitializeOnLoadAttributes (162ms)
			ProcessInitializeOnLoadMethodAttributes (17ms)
			AfterProcessingInitializeOnLoad (1ms)
			EditorAssembliesLoaded (0ms)
		ExecutionOrderSort2 (0ms)
		AwakeInstancesAfterBackupRestoration (1ms)
Refreshing native plugins compatible for Editor in 0.15 ms, found 1 plugins.
Preloading 0 native plugins for Editor in 0.00 ms.
Unloading 0 Unused Serialized files (Serialized files now loaded: 0)
Unloading 2275 unused Assets / (198.5 KB). Loaded Objects now: 3039.
Memory consumption went from 118.8 MB to 118.6 MB.
Total: 3.582542 ms (FindLiveObjects: 0.109791 ms CreateObjectMapping: 0.042792 ms MarkObjects: 3.207542 ms  DeleteObjects: 0.222084 ms)

Prepare: number of updated asset objects reloaded= 0
========================================================================
Received Prepare
Begin MonoManager ReloadAssembly
Thread 0x16d47b000 may have been prematurely finalized
Symbol file LoadedFromMemory is not a mono symbol file
- Loaded All Assemblies, in  0.205 seconds
Refreshing native plugins compatible for Editor in 0.13 ms, found 1 plugins.
Native extension for WindowsStandalone target not found
Native extension for OSXStandalone target not found
Native extension for WebGL target not found
[Package Manager] Failed to launch server process. Reason: Unity was launched with the -noUpm command-line argument
[Package Manager] Unable to send message (not connected to server process).
[Package Manager] Cannot connect to Unity Package Manager local server
[Package Manager] Failed to launch server process. Reason: Unity was launched with the -noUpm command-line argument
[Package Manager] Unable to send message (not connected to server process).
[Package Manager] Cannot connect to Unity Package Manager local server
ScheduleIndexationOnStartup MainProcess:False IndexOnStartup:True
Mono: successfully reloaded assembly
- Finished resetting the current domain, in  0.297 seconds
Domain Reload Profiling: 503ms
	BeginReloadAssembly (70ms)
		ExecutionOrderSort (0ms)
		DisableScriptedObjects (2ms)
		BackupInstance (0ms)
		ReleaseScriptingObjects (0ms)
		CreateAndSetChildDomain (17ms)
	RebuildCommonClasses (20ms)
	RebuildNativeTypeToScriptingClass (7ms)
	initialDomainReloadingComplete (10ms)
	LoadAllAssembliesAndSetupDomain (99ms)
		LoadAssemblies (78ms)
		RebuildTransferFunctionScriptingTraits (0ms)
		AnalyzeDomain (46ms)
			TypeCache.Refresh (3ms)
				TypeCache.ScanAssembly (0ms)
			BuildScriptInfoCaches (40ms)
			ResolveRequiredComponents (1ms)
	FinalizeReload (297ms)
		ReleaseScriptCaches (0ms)
		RebuildScriptCaches (0ms)
		SetupLoadedEditorAssemblies (236ms)
			LogAssemblyErrors (0ms)
			InitializePlatformSupportModulesInManaged (2ms)
			SetLoadedEditorAssemblies (2ms)
			BeforeProcessingInitializeOnLoad (56ms)
			ProcessInitializeOnLoadAttributes (160ms)
			ProcessInitializeOnLoadMethodAttributes (17ms)
			AfterProcessingInitializeOnLoad (1ms)
			EditorAssembliesLoaded (0ms)
		ExecutionOrderSort2 (0ms)
		AwakeInstancesAfterBackupRestoration (1ms)
Refreshing native plugins compatible for Editor in 0.16 ms, found 1 plugins.
Preloading 0 native plugins for Editor in 0.00 ms.
Unloading 0 Unused Serialized files (Serialized files now loaded: 0)
Unloading 2275 unused Assets / (247.5 KB). Loaded Objects now: 3040.
Memory consumption went from 118.8 MB to 118.6 MB.
Total: 3.717792 ms (FindLiveObjects: 0.117750 ms CreateObjectMapping: 0.042708 ms MarkObjects: 3.310417 ms  DeleteObjects: 0.246459 ms)

Prepare: number of updated asset objects reloaded= 0
========================================================================
Received Prepare
Refreshing native plugins compatible for Editor in 0.12 ms, found 1 plugins.
Preloading 0 native plugins for Editor in 0.00 ms.
Unloading 0 Unused Serialized files (Serialized files now loaded: 0)
Unloading 2271 unused Assets / (345.9 KB). Loaded Objects now: 3040.
Memory consumption went from 110.2 MB to 109.8 MB.
Total: 3.442750 ms (FindLiveObjects: 0.122417 ms CreateObjectMapping: 0.044417 ms MarkObjects: 3.063291 ms  DeleteObjects: 0.212542 ms)

Prepare: number of updated asset objects reloaded= 0
========================================================================
Received Prepare
Begin MonoManager ReloadAssembly
[Licensing::Client] Successfully resolved entitlement details
[Licensing::Module] License group:
  Id: F4-QKKD-GK3D-QK4Z-FWRN-XXXX
  Product: Unity Personal
  Type: ULF
  Expiration: Unlimited
[Licensing::Module] License group:
  Id: 5773889045670-UnityPersXXXX
  Product: Unity Personal
  Type: Assigned
  Expiration: Unlimited
Thread 0x16d47b000 may have been prematurely finalized
Symbol file LoadedFromMemory is not a mono symbol file
- Loaded All Assemblies, in  0.225 seconds
Refreshing native plugins compatible for Editor in 0.10 ms, found 1 plugins.
Native extension for WindowsStandalone target not found
Native extension for OSXStandalone target not found
Native extension for WebGL target not found
[Package Manager] Failed to launch server process. Reason: Unity was launched with the -noUpm command-line argument
[Package Manager] Unable to send message (not connected to server process).
[Package Manager] Cannot connect to Unity Package Manager local server
[Package Manager] Failed to launch server process. Reason: Unity was launched with the -noUpm command-line argument
[Package Manager] Unable to send message (not connected to server process).
[Package Manager] Cannot connect to Unity Package Manager local server
ScheduleIndexationOnStartup MainProcess:False IndexOnStartup:True
Mono: successfully reloaded assembly
- Finished resetting the current domain, in  0.303 seconds
Domain Reload Profiling: 529ms
	BeginReloadAssembly (75ms)
		ExecutionOrderSort (0ms)
		DisableScriptedObjects (2ms)
		BackupInstance (0ms)
		ReleaseScriptingObjects (0ms)
		CreateAndSetChildDomain (20ms)
	RebuildCommonClasses (20ms)
	RebuildNativeTypeToScriptingClass (7ms)
	initialDomainReloadingComplete (10ms)
	LoadAllAssembliesAndSetupDomain (115ms)
		LoadAssemblies (88ms)
		RebuildTransferFunctionScriptingTraits (0ms)
		AnalyzeDomain (50ms)
			TypeCache.Refresh (6ms)
				TypeCache.ScanAssembly (1ms)
			BuildScriptInfoCaches (41ms)
			ResolveRequiredComponents (1ms)
	FinalizeReload (303ms)
		ReleaseScriptCaches (0ms)
		RebuildScriptCaches (0ms)
		SetupLoadedEditorAssemblies (243ms)
			LogAssemblyErrors (0ms)
			InitializePlatformSupportModulesInManaged (2ms)
			SetLoadedEditorAssemblies (2ms)
			BeforeProcessingInitializeOnLoad (56ms)
			ProcessInitializeOnLoadAttributes (166ms)
			ProcessInitializeOnLoadMethodAttributes (18ms)
			AfterProcessingInitializeOnLoad (1ms)
			EditorAssembliesLoaded (0ms)
		ExecutionOrderSort2 (0ms)
		AwakeInstancesAfterBackupRestoration (1ms)
Refreshing native plugins compatible for Editor in 0.15 ms, found 1 plugins.
Preloading 0 native plugins for Editor in 0.00 ms.
Unloading 0 Unused Serialized files (Serialized files now loaded: 0)
Unloading 2275 unused Assets / (150.1 KB). Loaded Objects now: 3041.
Memory consumption went from 118.8 MB to 118.7 MB.
Total: 3.833208 ms (FindLiveObjects: 0.117750 ms CreateObjectMapping: 0.043625 ms MarkObjects: 3.450750 ms  DeleteObjects: 0.220750 ms)

Prepare: number of updated asset objects reloaded= 0
========================================================================
Received Prepare
Begin MonoManager ReloadAssembly
[Licensing::Client] Successfully resolved entitlement details
[Licensing::Module] License group:
  Id: F4-QKKD-GK3D-QK4Z-FWRN-XXXX
  Product: Unity Personal
  Type: ULF
  Expiration: Unlimited
[Licensing::Module] License group:
  Id: 5773889045670-UnityPersXXXX
  Product: Unity Personal
  Type: Assigned
  Expiration: Unlimited
Thread 0x16d47b000 may have been prematurely finalized
Symbol file LoadedFromMemory is not a mono symbol file
- Loaded All Assemblies, in  0.295 seconds
Refreshing native plugins compatible for Editor in 0.14 ms, found 1 plugins.
Native extension for WindowsStandalone target not found
Native extension for OSXStandalone target not found
Native extension for WebGL target not found
[Package Manager] Failed to launch server process. Reason: Unity was launched with the -noUpm command-line argument
[Package Manager] Unable to send message (not connected to server process).
[Package Manager] Cannot connect to Unity Package Manager local server
[Package Manager] Failed to launch server process. Reason: Unity was launched with the -noUpm command-line argument
[Package Manager] Unable to send message (not connected to server process).
[Package Manager] Cannot connect to Unity Package Manager local server
ScheduleIndexationOnStartup MainProcess:False IndexOnStartup:True
Mono: successfully reloaded assembly
- Finished resetting the current domain, in  0.305 seconds
Domain Reload Profiling: 601ms
	BeginReloadAssembly (114ms)
		ExecutionOrderSort (0ms)
		DisableScriptedObjects (4ms)
		BackupInstance (0ms)
		ReleaseScriptingObjects (0ms)
		CreateAndSetChildDomain (32ms)
	RebuildCommonClasses (19ms)
	RebuildNativeTypeToScriptingClass (7ms)
	initialDomainReloadingComplete (12ms)
	LoadAllAssembliesAndSetupDomain (143ms)
		LoadAssemblies (130ms)
		RebuildTransferFunctionScriptingTraits (0ms)
		AnalyzeDomain (49ms)
			TypeCache.Refresh (5ms)
				TypeCache.ScanAssembly (0ms)
			BuildScriptInfoCaches (42ms)
			ResolveRequiredComponents (2ms)
	FinalizeReload (305ms)
		ReleaseScriptCaches (0ms)
		RebuildScriptCaches (0ms)
		SetupLoadedEditorAssemblies (243ms)
			LogAssemblyErrors (0ms)
			InitializePlatformSupportModulesInManaged (2ms)
			SetLoadedEditorAssemblies (2ms)
			BeforeProcessingInitializeOnLoad (60ms)
			ProcessInitializeOnLoadAttributes (163ms)
			ProcessInitializeOnLoadMethodAttributes (17ms)
			AfterProcessingInitializeOnLoad (1ms)
			EditorAssembliesLoaded (0ms)
		ExecutionOrderSort2 (0ms)
		AwakeInstancesAfterBackupRestoration (2ms)
Refreshing native plugins compatible for Editor in 0.16 ms, found 1 plugins.
Preloading 0 native plugins for Editor in 0.00 ms.
Unloading 0 Unused Serialized files (Serialized files now loaded: 0)
Unloading 2275 unused Assets / (121.4 KB). Loaded Objects now: 3042.
Memory consumption went from 118.9 MB to 118.7 MB.
Total: 3.611583 ms (FindLiveObjects: 0.115625 ms CreateObjectMapping: 0.041542 ms MarkObjects: 3.225916 ms  DeleteObjects: 0.228375 ms)

Prepare: number of updated asset objects reloaded= 0
