Unity Editor version:    6000.3.12f1 (fca03ac9b0d5)
Branch:                  6000.3/staging
Build type:              Release
Batch mode:              YES
macOS version:           Version 26.5.2 (Build 25F84)
Darwin version:          25.5.0
Architecture:            arm64
Running under Rosetta:   NO
Available memory:        24576 MB
Date:                    2026-08-16T16:10:16Z
[Licensing::Module] Trying to connect to existing licensing client channel...
[Licensing::IpcConnector] Successfully connected to: "LicenseClient-ayaan" at "2026-08-16T16:10:16.122828Z"

COMMAND LINE ARGUMENTS:
/Applications/Unity/Hub/Editor/6000.3.12f1/Unity.app/Contents/MacOS/Unity
-adb2
-batchMode
-noUpm
-name
AssetImportWorker1
-projectPath
/Users/ayaan/UnityProjects/Catch the Chickens!
-logFile
Logs/AssetImportWorker1.log
-srvPort
57545
-licensingIpc
LicenseClient-ayaan
-job-worker-count
4
-background-job-worker-count
8
-gc-helper-count
1
-name AssetImport
Successfully changed project path to: /Users/ayaan/UnityProjects/Catch the Chickens!
/Users/ayaan/UnityProjects/Catch the Chickens!
[UnityMemory] Configuration Parameters - Can be set up in boot.config
    "memorysetup-allocator-temp-initial-block-size-main=262144"
    "memorysetup-allocator-temp-initial-block-size-worker=262144"
    "memorysetup-temp-allocator-size-background-worker=32768"
    "memorysetup-temp-allocator-size-job-worker=262144"
    "memorysetup-temp-allocator-size-preload-manager=33554432"
    "memorysetup-temp-allocator-size-nav-mesh-worker=65536"
    "memorysetup-temp-allocator-size-audio-worker=65536"
    "memorysetup-temp-allocator-size-cloud-worker=32768"
    "memorysetup-bucket-allocator-granularity=16"
    "memorysetup-bucket-allocator-bucket-count=8"
    "memorysetup-bucket-allocator-block-size=33554432"
    "memorysetup-bucket-allocator-block-count=8"
    "memorysetup-main-allocator-block-size=16777216"
    "memorysetup-thread-allocator-block-size=16777216"
    "memorysetup-gfx-main-allocator-block-size=16777216"
    "memorysetup-gfx-thread-allocator-block-size=16777216"
    "memorysetup-cache-allocator-block-size=4194304"
    "memorysetup-typetree-allocator-block-size=2097152"
    "memorysetup-profiler-bucket-allocator-granularity=16"
    "memorysetup-profiler-bucket-allocator-bucket-count=8"
    "memorysetup-profiler-bucket-allocator-block-size=33554432"
    "memorysetup-profiler-bucket-allocator-block-count=8"
    "memorysetup-profiler-allocator-block-size=16777216"
    "memorysetup-profiler-editor-allocator-block-size=1048576"
    "memorysetup-temp-allocator-size-main=16777216"
    "memorysetup-job-temp-allocator-block-size=2097152"
    "memorysetup-job-temp-allocator-block-size-background=1048576"
    "memorysetup-job-temp-allocator-reduction-small-platforms=262144"
    "memorysetup-temp-allocator-size-gi-baking-worker=262144"
    "memorysetup-temp-allocator-size-gi-baking-worker=262144"
    "memorysetup-temp-allocator-size-gi-baking-worker=262144"
    "memorysetup-temp-allocator-size-gi-baking-worker=262144"
    "memorysetup-temp-allocator-size-gi-baking-worker=262144"
    "memorysetup-temp-allocator-size-gfx=262144"
Player connection [8514411904]  Target information:

Player connection [8514411904]  * "[IP] 192.168.0.144 [Port] 0 [Flags] 2 [Guid] 1100244663 [EditorId] 1100244663 [Version] 1048832 [Id] OSXEditor(0,Ayaans-Mac-mini.local) [Debug] 1 [PackageName] OSXEditor [ProjectName] Editor" 

Player connection [8514411904] Host joined multi-casting on [225.0.0.222:54997]...
Player connection [8514411904] Host joined alternative multi-casting on [225.0.0.222:34997]...
JobSystem: Creating JobQueue using job-worker-count value 4
Input System module state changed to: Initialized.
[Physics::Module] Initialized fallback backend.
[Physics::Module] Id: 0xdecafbad
Library Redirect Path: Library/
[Physics::Module] Selected backend.
[Physics::Module] Name: PhysX
[Physics::Module] Id: 0xf2b8ea05
[Physics::Module] SDK Version: 4.1.2
[Physics::Module] Integration Version: 1.0.0
[Physics::Module] Threading Mode: Multi-Threaded
Refreshing native plugins compatible for Editor in 1.34 ms, found 1 plugins.
Preloading 0 native plugins for Editor in 0.00 ms.
Initialize engine version: 6000.3.12f1 (fca03ac9b0d5)
[Subsystems] Discovering subsystems at path /Applications/Unity/Hub/Editor/6000.3.12f1/Unity.app/Contents/Resources/UnitySubsystems
[Subsystems] Discovering subsystems at path /Users/ayaan/UnityProjects/Catch the Chickens!/Assets
GfxDevice: creating device client; kGfxThreadingModeNonThreaded
 preferred device: Apple M4 (high power)
Metal devices available: 1
0: Apple M4 (high power)
Using device Apple M4 (high power)
Initializing Metal device caps: Apple M4
Mac GPU Family: 2
Apple GPU Family: 9
MSL Version: 3.0
Has Float MSAA: 1
Has Float Filtering: 1
ReadWrite Texture Tier: 2
Initialize mono
Mono path[0] = '/Applications/Unity/Hub/Editor/6000.3.12f1/Unity.app/Contents/Resources/Scripting/Managed'
Mono path[1] = '/Applications/Unity/Hub/Editor/6000.3.12f1/Unity.app/Contents/Resources/Scripting/MonoBleedingEdge/lib/mono/unityjit-macos'
Mono config path = '/Applications/Unity/Hub/Editor/6000.3.12f1/Unity.app/Contents/Resources/Scripting/MonoBleedingEdge/etc'
Using monoOptions --debugger-agent=transport=dt_socket,embedding=1,server=y,suspend=n,address=127.0.0.1:56073
Begin MonoManager ReloadAssembly
Registering precompiled unity dll's ...
Register platform support module: /Applications/Unity/Hub/Editor/6000.3.12f1/PlaybackEngines/WebGLSupport/UnityEditor.WebGL.Extensions.dll
Register platform support module: /Applications/Unity/Hub/Editor/6000.3.12f1/Unity.app/Contents/PlaybackEngines/MacStandaloneSupport/UnityEditor.OSXStandalone.Extensions.dll
Register platform support module: /Applications/Unity/Hub/Editor/6000.3.12f1/PlaybackEngines/WindowsStandaloneSupport/UnityEditor.WindowsStandalone.Extensions.dll
Registered in 0.000465 seconds.
- Loaded All Assemblies, in  0.368 seconds
Native extension for WindowsStandalone target not found
Native extension for OSXStandalone target not found
Native extension for WebGL target not found
[Licensing::Client] Error: HandshakeResponse reported an error:
	ResponseCode: 505
	ResponseStatus: Unsupported protocol version '1.18.1'.
[Licensing::Module] Error: Failed to handshake to channel: "LicenseClient-ayaan"
[Licensing::IpcConnector] LicenseClient-ayaan channel disconnected successfully.
[Licensing::IpcConnector] Successfully connected to: "LicenseClient-ayaan-6000.3.12" at "2026-08-16T16:10:17.113965Z"
Package Manager log level set to [2]
[Package Manager] Failed to launch server process. Reason: Unity was launched with the -noUpm command-line argument
[Package Manager] Unable to send message (not connected to server process).
[Package Manager] Cannot connect to Unity Package Manager local server
ScheduleIndexationOnStartup MainProcess:False IndexOnStartup:True
Mono: successfully reloaded assembly
- Finished resetting the current domain, in  0.329 seconds
Domain Reload Profiling: 697ms
	BeginReloadAssembly (104ms)
		ExecutionOrderSort (0ms)
		DisableScriptedObjects (0ms)
		BackupInstance (0ms)
		ReleaseScriptingObjects (0ms)
		CreateAndSetChildDomain (1ms)
	RebuildCommonClasses (32ms)
	RebuildNativeTypeToScriptingClass (10ms)
	initialDomainReloadingComplete (40ms)
	LoadAllAssembliesAndSetupDomain (182ms)
		LoadAssemblies (103ms)
		RebuildTransferFunctionScriptingTraits (0ms)
		AnalyzeDomain (179ms)
			TypeCache.Refresh (176ms)
				TypeCache.ScanAssembly (154ms)
			BuildScriptInfoCaches (0ms)
			ResolveRequiredComponents (1ms)
	FinalizeReload (330ms)
		ReleaseScriptCaches (0ms)
		RebuildScriptCaches (0ms)
		SetupLoadedEditorAssemblies (285ms)
			LogAssemblyErrors (0ms)
			InitializePlatformSupportModulesInManaged (35ms)
			SetLoadedEditorAssemblies (6ms)
			BeforeProcessingInitializeOnLoad (64ms)
			ProcessInitializeOnLoadAttributes (111ms)
			ProcessInitializeOnLoadMethodAttributes (68ms)
			AfterProcessingInitializeOnLoad (0ms)
			EditorAssembliesLoaded (0ms)
		ExecutionOrderSort2 (0ms)
		AwakeInstancesAfterBackupRestoration (0ms)
[CoreBusinessMetrics] Unexpected thread when updating session info.
========================================================================
Worker process is ready to serve import requests
Import Worker Mode flag is 0x00
Begin MonoManager ReloadAssembly
[Licensing::Module] Licensing is not yet initialized.
[Licensing::Client] Handshaking with LicensingClient:
  Version:                 1.18.1+9fbee8e
  Session Id:              95c4104a48fb40a7a547c2d262d4bb02
  Correlation Id:          5354077cd7e46f762a853e640cdd145f
  External correlation Id: 2753149610055006287
  Machine Id:              2fWUAZjIWSHgqXJx7JbStKuqcgg=
[Licensing::Module] Successfully connected to LicensingClient on channel: "LicenseClient-ayaan-6000.3.12" (connect: 0.00s, validation: 0.00s, handshake: 0.71s)
[Licensing::IpcConnector] Successfully connected to: "LicenseClient-ayaan-6000.3.12-notifications" at "2026-08-16T16:10:17.824304Z"
[Licensing::Module] Licensing Background thread has ended after 1.70s
[Licensing::Module] Licensing is initialized (took 0.39s).
[Licensing::Client] Successfully resolved entitlement details
[Licensing::Module] License group:
  Id: F4-QKKD-GK3D-QK4Z-FWRN-XXXX
  Product: Unity Personal
  Type: ULF
  Expiration: Unlimited
[Licensing::Module] License group:
  Id: 5773889045670-UnityPersXXXX
  Product: Unity Personal
  Type: Assigned
  Expiration: Unlimited
Symbol file LoadedFromMemory is not a mono symbol file
- Loaded All Assemblies, in  0.816 seconds
Refreshing native plugins compatible for Editor in 0.15 ms, found 1 plugins.
Native extension for WindowsStandalone target not found
Native extension for OSXStandalone target not found
Native extension for WebGL target not found
[Package Manager] Failed to launch server process. Reason: Unity was launched with the -noUpm command-line argument
[Package Manager] Unable to send message (not connected to server process).
[Package Manager] Cannot connect to Unity Package Manager local server
[Package Manager] Failed to launch server process. Reason: Unity was launched with the -noUpm command-line argument
[Package Manager] Unable to send message (not connected to server process).
[Package Manager] Cannot connect to Unity Package Manager local server
ScheduleIndexationOnStartup MainProcess:False IndexOnStartup:True
Mono: successfully reloaded assembly
- Finished resetting the current domain, in  0.504 seconds
Domain Reload Profiling: 1320ms
	BeginReloadAssembly (506ms)
		ExecutionOrderSort (0ms)
		DisableScriptedObjects (4ms)
		BackupInstance (0ms)
		ReleaseScriptingObjects (0ms)
		CreateAndSetChildDomain (29ms)
	RebuildCommonClasses (33ms)
	RebuildNativeTypeToScriptingClass (9ms)
	initialDomainReloadingComplete (26ms)
	LoadAllAssembliesAndSetupDomain (241ms)
		LoadAssemblies (167ms)
		RebuildTransferFunctionScriptingTraits (0ms)
		AnalyzeDomain (118ms)
			TypeCache.Refresh (93ms)
				TypeCache.ScanAssembly (76ms)
			BuildScriptInfoCaches (21ms)
			ResolveRequiredComponents (2ms)
	FinalizeReload (504ms)
		ReleaseScriptCaches (0ms)
		RebuildScriptCaches (0ms)
		SetupLoadedEditorAssemblies (416ms)
			LogAssemblyErrors (0ms)
			InitializePlatformSupportModulesInManaged (3ms)
			SetLoadedEditorAssemblies (3ms)
			BeforeProcessingInitializeOnLoad (81ms)
			ProcessInitializeOnLoadAttributes (290ms)
			ProcessInitializeOnLoadMethodAttributes (38ms)
			AfterProcessingInitializeOnLoad (1ms)
			EditorAssembliesLoaded (0ms)
		ExecutionOrderSort2 (0ms)
		AwakeInstancesAfterBackupRestoration (3ms)
Launching external process: /Applications/Unity/Hub/Editor/6000.3.12f1/Unity.app/Contents/Helpers/UnityShaderCompiler
Launched and connected shader compiler UnityShaderCompiler after 0.03 seconds
Refreshing native plugins compatible for Editor in 0.17 ms, found 1 plugins.
Preloading 0 native plugins for Editor in 0.00 ms.
Unloading 0 Unused Serialized files (Serialized files now loaded: 0)
Unloading 2276 unused Assets / (487.0 KB). Loaded Objects now: 2928.
Memory consumption went from 107.5 MB to 107.0 MB.
Total: 5.618834 ms (FindLiveObjects: 0.255875 ms CreateObjectMapping: 0.042416 ms MarkObjects: 4.874292 ms  DeleteObjects: 0.445875 ms)

========================================================================
Received Prepare
Begin MonoManager ReloadAssembly
[Licensing::Client] Successfully resolved entitlement details
[Licensing::Module] License group:
  Id: F4-QKKD-GK3D-QK4Z-FWRN-XXXX
  Product: Unity Personal
  Type: ULF
  Expiration: Unlimited
[Licensing::Module] License group:
  Id: 5773889045670-UnityPersXXXX
  Product: Unity Personal
  Type: Assigned
  Expiration: Unlimited
Thread 0x172b07000 may have been prematurely finalized
Symbol file LoadedFromMemory is not a mono symbol file
- Loaded All Assemblies, in  0.320 seconds
Refreshing native plugins compatible for Editor in 0.12 ms, found 1 plugins.
Native extension for WindowsStandalone target not found
Native extension for OSXStandalone target not found
Native extension for WebGL target not found
[Package Manager] Failed to launch server process. Reason: Unity was launched with the -noUpm command-line argument
[Package Manager] Unable to send message (not connected to server process).
[Package Manager] Cannot connect to Unity Package Manager local server
[Package Manager] Failed to launch server process. Reason: Unity was launched with the -noUpm command-line argument
[Package Manager] Unable to send message (not connected to server process).
[Package Manager] Cannot connect to Unity Package Manager local server
ScheduleIndexationOnStartup MainProcess:False IndexOnStartup:True
Mono: successfully reloaded assembly
- Finished resetting the current domain, in  0.377 seconds
Domain Reload Profiling: 698ms
	BeginReloadAssembly (112ms)
		ExecutionOrderSort (0ms)
		DisableScriptedObjects (3ms)
		BackupInstance (0ms)
		ReleaseScriptingObjects (0ms)
		CreateAndSetChildDomain (28ms)
	RebuildCommonClasses (24ms)
	RebuildNativeTypeToScriptingClass (8ms)
	initialDomainReloadingComplete (12ms)
	LoadAllAssembliesAndSetupDomain (165ms)
		LoadAssemblies (142ms)
		RebuildTransferFunctionScriptingTraits (0ms)
		AnalyzeDomain (60ms)
			TypeCache.Refresh (5ms)
				TypeCache.ScanAssembly (0ms)
			BuildScriptInfoCaches (50ms)
			ResolveRequiredComponents (2ms)
	FinalizeReload (377ms)
		ReleaseScriptCaches (0ms)
		RebuildScriptCaches (0ms)
		SetupLoadedEditorAssemblies (309ms)
			LogAssemblyErrors (0ms)
			InitializePlatformSupportModulesInManaged (2ms)
			SetLoadedEditorAssemblies (2ms)
			BeforeProcessingInitializeOnLoad (67ms)
			ProcessInitializeOnLoadAttributes (210ms)
			ProcessInitializeOnLoadMethodAttributes (27ms)
			AfterProcessingInitializeOnLoad (1ms)
			EditorAssembliesLoaded (0ms)
		ExecutionOrderSort2 (0ms)
		AwakeInstancesAfterBackupRestoration (2ms)
Refreshing native plugins compatible for Editor in 0.21 ms, found 1 plugins.
Preloading 0 native plugins for Editor in 0.00 ms.
Unloading 0 Unused Serialized files (Serialized files now loaded: 0)
Unloading 2274 unused Assets / (364.2 KB). Loaded Objects now: 2930.
Memory consumption went from 116.7 MB to 116.3 MB.
Total: 6.920708 ms (FindLiveObjects: 0.146959 ms CreateObjectMapping: 0.042041 ms MarkObjects: 6.066917 ms  DeleteObjects: 0.664583 ms)

Prepare: number of updated asset objects reloaded= 0
========================================================================
Received Prepare
Refreshing native plugins compatible for Editor in 0.18 ms, found 1 plugins.
Preloading 0 native plugins for Editor in 0.00 ms.
Unloading 0 Unused Serialized files (Serialized files now loaded: 0)
Unloading 2270 unused Assets / (65.0 KB). Loaded Objects now: 2930.
Memory consumption went from 107.6 MB to 107.5 MB.
Total: 9.669500 ms (FindLiveObjects: 0.185792 ms CreateObjectMapping: 0.057958 ms MarkObjects: 9.107625 ms  DeleteObjects: 0.317542 ms)

Prepare: number of updated asset objects reloaded= 0
========================================================================
Received Prepare
Begin MonoManager ReloadAssembly
Thread 0x16d56f000 may have been prematurely finalized
Symbol file LoadedFromMemory is not a mono symbol file
- Loaded All Assemblies, in  0.430 seconds
Refreshing native plugins compatible for Editor in 0.15 ms, found 1 plugins.
Native extension for WindowsStandalone target not found
Native extension for OSXStandalone target not found
Native extension for WebGL target not found
[Package Manager] Failed to launch server process. Reason: Unity was launched with the -noUpm command-line argument
[Package Manager] Unable to send message (not connected to server process).
[Package Manager] Cannot connect to Unity Package Manager local server
[Package Manager] Failed to launch server process. Reason: Unity was launched with the -noUpm command-line argument
[Package Manager] Unable to send message (not connected to server process).
[Package Manager] Cannot connect to Unity Package Manager local server
ScheduleIndexationOnStartup MainProcess:False IndexOnStartup:True
Mono: successfully reloaded assembly
- Finished resetting the current domain, in  0.392 seconds
Domain Reload Profiling: 823ms
	BeginReloadAssembly (163ms)
		ExecutionOrderSort (0ms)
		DisableScriptedObjects (7ms)
		BackupInstance (0ms)
		ReleaseScriptingObjects (0ms)
		CreateAndSetChildDomain (58ms)
	RebuildCommonClasses (28ms)
	RebuildNativeTypeToScriptingClass (11ms)
	initialDomainReloadingComplete (22ms)
	LoadAllAssembliesAndSetupDomain (208ms)
		LoadAssemblies (186ms)
		RebuildTransferFunctionScriptingTraits (0ms)
		AnalyzeDomain (73ms)
			TypeCache.Refresh (10ms)
				TypeCache.ScanAssembly (1ms)
			BuildScriptInfoCaches (57ms)
			ResolveRequiredComponents (2ms)
	FinalizeReload (392ms)
		ReleaseScriptCaches (0ms)
		RebuildScriptCaches (0ms)
		SetupLoadedEditorAssemblies (316ms)
			LogAssemblyErrors (0ms)
			InitializePlatformSupportModulesInManaged (2ms)
			SetLoadedEditorAssemblies (2ms)
			BeforeProcessingInitializeOnLoad (70ms)
			ProcessInitializeOnLoadAttributes (214ms)
			ProcessInitializeOnLoadMethodAttributes (26ms)
			AfterProcessingInitializeOnLoad (1ms)
			EditorAssembliesLoaded (0ms)
		ExecutionOrderSort2 (0ms)
		AwakeInstancesAfterBackupRestoration (2ms)
Refreshing native plugins compatible for Editor in 0.37 ms, found 1 plugins.
Preloading 0 native plugins for Editor in 0.00 ms.
Unloading 0 Unused Serialized files (Serialized files now loaded: 0)
Unloading 2274 unused Assets / (192.3 KB). Loaded Objects now: 2931.
Memory consumption went from 116.7 MB to 116.5 MB.
Total: 5.324833 ms (FindLiveObjects: 0.151291 ms CreateObjectMapping: 0.046375 ms MarkObjects: 4.867417 ms  DeleteObjects: 0.258667 ms)

Prepare: number of updated asset objects reloaded= 0
========================================================================
Received Prepare
Begin MonoManager ReloadAssembly
[Licensing::Client] Successfully resolved entitlement details
[Licensing::Module] License group:
  Id: F4-QKKD-GK3D-QK4Z-FWRN-XXXX
  Product: Unity Personal
  Type: ULF
  Expiration: Unlimited
[Licensing::Module] License group:
  Id: 5773889045670-UnityPersXXXX
  Product: Unity Personal
  Type: Assigned
  Expiration: Unlimited
Thread 0x16dc27000 may have been prematurely finalized
Symbol file LoadedFromMemory is not a mono symbol file
- Loaded All Assemblies, in  0.280 seconds
Refreshing native plugins compatible for Editor in 0.15 ms, found 1 plugins.
Native extension for WindowsStandalone target not found
Native extension for OSXStandalone target not found
Native extension for WebGL target not found
[Package Manager] Failed to launch server process. Reason: Unity was launched with the -noUpm command-line argument
[Package Manager] Unable to send message (not connected to server process).
[Package Manager] Cannot connect to Unity Package Manager local server
[Package Manager] Failed to launch server process. Reason: Unity was launched with the -noUpm command-line argument
[Package Manager] Unable to send message (not connected to server process).
[Package Manager] Cannot connect to Unity Package Manager local server
ScheduleIndexationOnStartup MainProcess:False IndexOnStartup:True
Mono: successfully reloaded assembly
- Finished resetting the current domain, in  0.416 seconds
Domain Reload Profiling: 698ms
	BeginReloadAssembly (99ms)
		ExecutionOrderSort (0ms)
		DisableScriptedObjects (3ms)
		BackupInstance (0ms)
		ReleaseScriptingObjects (0ms)
		CreateAndSetChildDomain (28ms)
	RebuildCommonClasses (22ms)
	RebuildNativeTypeToScriptingClass (8ms)
	initialDomainReloadingComplete (12ms)
	LoadAllAssembliesAndSetupDomain (140ms)
		LoadAssemblies (114ms)
		RebuildTransferFunctionScriptingTraits (0ms)
		AnalyzeDomain (61ms)
			TypeCache.Refresh (4ms)
				TypeCache.ScanAssembly (0ms)
			BuildScriptInfoCaches (52ms)
			ResolveRequiredComponents (2ms)
	FinalizeReload (416ms)
		ReleaseScriptCaches (0ms)
		RebuildScriptCaches (0ms)
		SetupLoadedEditorAssemblies (342ms)
			LogAssemblyErrors (0ms)
			InitializePlatformSupportModulesInManaged (2ms)
			SetLoadedEditorAssemblies (2ms)
			BeforeProcessingInitializeOnLoad (71ms)
			ProcessInitializeOnLoadAttributes (232ms)
			ProcessInitializeOnLoadMethodAttributes (34ms)
			AfterProcessingInitializeOnLoad (1ms)
			EditorAssembliesLoaded (0ms)
		ExecutionOrderSort2 (0ms)
		AwakeInstancesAfterBackupRestoration (2ms)
Refreshing native plugins compatible for Editor in 0.46 ms, found 1 plugins.
Preloading 0 native plugins for Editor in 0.00 ms.
Unloading 0 Unused Serialized files (Serialized files now loaded: 0)
Unloading 2274 unused Assets / (65.0 KB). Loaded Objects now: 2932.
Memory consumption went from 116.7 MB to 116.6 MB.
Total: 6.183375 ms (FindLiveObjects: 0.458334 ms CreateObjectMapping: 0.264792 ms MarkObjects: 5.218333 ms  DeleteObjects: 0.240958 ms)

Prepare: number of updated asset objects reloaded= 0
========================================================================
Received Prepare
Refreshing native plugins compatible for Editor in 0.21 ms, found 1 plugins.
Preloading 0 native plugins for Editor in 0.00 ms.
Unloading 0 Unused Serialized files (Serialized files now loaded: 0)
Unloading 2270 unused Assets / (104.7 KB). Loaded Objects now: 2932.
Memory consumption went from 107.6 MB to 107.5 MB.
Total: 25.620125 ms (FindLiveObjects: 0.342917 ms CreateObjectMapping: 0.048292 ms MarkObjects: 24.878500 ms  DeleteObjects: 0.350250 ms)

Prepare: number of updated asset objects reloaded= 0
========================================================================
Received Prepare
Begin MonoManager ReloadAssembly
[Licensing::Client] Successfully resolved entitlement details
[Licensing::Module] License group:
  Id: F4-QKKD-GK3D-QK4Z-FWRN-XXXX
  Product: Unity Personal
  Type: ULF
  Expiration: Unlimited
[Licensing::Module] License group:
  Id: 5773889045670-UnityPersXXXX
  Product: Unity Personal
  Type: Assigned
  Expiration: Unlimited
Thread 0x16d56f000 may have been prematurely finalized
Symbol file LoadedFromMemory is not a mono symbol file
- Loaded All Assemblies, in  0.432 seconds
Refreshing native plugins compatible for Editor in 0.11 ms, found 1 plugins.
Native extension for WindowsStandalone target not found
Native extension for OSXStandalone target not found
Native extension for WebGL target not found
[Package Manager] Failed to launch server process. Reason: Unity was launched with the -noUpm command-line argument
[Package Manager] Unable to send message (not connected to server process).
[Package Manager] Cannot connect to Unity Package Manager local server
[Package Manager] Failed to launch server process. Reason: Unity was launched with the -noUpm command-line argument
[Package Manager] Unable to send message (not connected to server process).
[Package Manager] Cannot connect to Unity Package Manager local server
ScheduleIndexationOnStartup MainProcess:False IndexOnStartup:True
Mono: successfully reloaded assembly
- Finished resetting the current domain, in  0.364 seconds
Domain Reload Profiling: 797ms
	BeginReloadAssembly (158ms)
		ExecutionOrderSort (0ms)
		DisableScriptedObjects (5ms)
		BackupInstance (0ms)
		ReleaseScriptingObjects (0ms)
		CreateAndSetChildDomain (51ms)
	RebuildCommonClasses (33ms)
	RebuildNativeTypeToScriptingClass (14ms)
	initialDomainReloadingComplete (25ms)
	LoadAllAssembliesAndSetupDomain (204ms)
		LoadAssemblies (186ms)
		RebuildTransferFunctionScriptingTraits (0ms)
		AnalyzeDomain (80ms)
			TypeCache.Refresh (13ms)
				TypeCache.ScanAssembly (2ms)
			BuildScriptInfoCaches (63ms)
			ResolveRequiredComponents (2ms)
	FinalizeReload (364ms)
		ReleaseScriptCaches (0ms)
		RebuildScriptCaches (0ms)
		SetupLoadedEditorAssemblies (294ms)
			LogAssemblyErrors (0ms)
			InitializePlatformSupportModulesInManaged (3ms)
			SetLoadedEditorAssemblies (3ms)
			BeforeProcessingInitializeOnLoad (65ms)
			ProcessInitializeOnLoadAttributes (197ms)
			ProcessInitializeOnLoadMethodAttributes (26ms)
			AfterProcessingInitializeOnLoad (1ms)
			EditorAssembliesLoaded (0ms)
		ExecutionOrderSort2 (0ms)
		AwakeInstancesAfterBackupRestoration (2ms)
Refreshing native plugins compatible for Editor in 0.14 ms, found 1 plugins.
Preloading 0 native plugins for Editor in 0.00 ms.
Unloading 0 Unused Serialized files (Serialized files now loaded: 0)
Unloading 2274 unused Assets / (248.1 KB). Loaded Objects now: 2933.
Memory consumption went from 116.7 MB to 116.4 MB.
Total: 4.454417 ms (FindLiveObjects: 0.170458 ms CreateObjectMapping: 0.072500 ms MarkObjects: 3.878708 ms  DeleteObjects: 0.332167 ms)

Prepare: number of updated asset objects reloaded= 0
========================================================================
Received Prepare
Begin MonoManager ReloadAssembly
[Licensing::Client] Successfully resolved entitlement details
[Licensing::Module] License group:
  Id: F4-QKKD-GK3D-QK4Z-FWRN-XXXX
  Product: Unity Personal
  Type: ULF
  Expiration: Unlimited
[Licensing::Module] License group:
  Id: 5773889045670-UnityPersXXXX
  Product: Unity Personal
  Type: Assigned
  Expiration: Unlimited
Thread 0x16d56f000 may have been prematurely finalized
Symbol file LoadedFromMemory is not a mono symbol file
- Loaded All Assemblies, in  0.459 seconds
Refreshing native plugins compatible for Editor in 1.05 ms, found 1 plugins.
Native extension for WindowsStandalone target not found
Native extension for OSXStandalone target not found
Native extension for WebGL target not found
[Package Manager] Failed to launch server process. Reason: Unity was launched with the -noUpm command-line argument
[Package Manager] Unable to send message (not connected to server process).
[Package Manager] Cannot connect to Unity Package Manager local server
[Package Manager] Failed to launch server process. Reason: Unity was launched with the -noUpm command-line argument
[Package Manager] Unable to send message (not connected to server process).
[Package Manager] Cannot connect to Unity Package Manager local server
ScheduleIndexationOnStartup MainProcess:False IndexOnStartup:True
Mono: successfully reloaded assembly
- Finished resetting the current domain, in  0.453 seconds
Domain Reload Profiling: 915ms
	BeginReloadAssembly (154ms)
		ExecutionOrderSort (0ms)
		DisableScriptedObjects (14ms)
		BackupInstance (0ms)
		ReleaseScriptingObjects (0ms)
		CreateAndSetChildDomain (42ms)
	RebuildCommonClasses (28ms)
	RebuildNativeTypeToScriptingClass (8ms)
	initialDomainReloadingComplete (21ms)
	LoadAllAssembliesAndSetupDomain (250ms)
		LoadAssemblies (207ms)
		RebuildTransferFunctionScriptingTraits (0ms)
		AnalyzeDomain (96ms)
			TypeCache.Refresh (13ms)
				TypeCache.ScanAssembly (0ms)
			BuildScriptInfoCaches (79ms)
			ResolveRequiredComponents (2ms)
	FinalizeReload (453ms)
		ReleaseScriptCaches (0ms)
		RebuildScriptCaches (0ms)
		SetupLoadedEditorAssemblies (340ms)
			LogAssemblyErrors (0ms)
			InitializePlatformSupportModulesInManaged (3ms)
			SetLoadedEditorAssemblies (2ms)
			BeforeProcessingInitializeOnLoad (68ms)
			ProcessInitializeOnLoadAttributes (229ms)
			ProcessInitializeOnLoadMethodAttributes (37ms)
			AfterProcessingInitializeOnLoad (1ms)
			EditorAssembliesLoaded (0ms)
		ExecutionOrderSort2 (0ms)
		AwakeInstancesAfterBackupRestoration (3ms)
Refreshing native plugins compatible for Editor in 0.21 ms, found 1 plugins.
Preloading 0 native plugins for Editor in 0.00 ms.
Unloading 0 Unused Serialized files (Serialized files now loaded: 0)
Unloading 2274 unused Assets / (65.0 KB). Loaded Objects now: 2934.
Memory consumption went from 116.7 MB to 116.6 MB.
Total: 11.641625 ms (FindLiveObjects: 0.140041 ms CreateObjectMapping: 0.048917 ms MarkObjects: 8.088167 ms  DeleteObjects: 3.364250 ms)

Prepare: number of updated asset objects reloaded= 0
========================================================================
Received Prepare
Begin MonoManager ReloadAssembly
[Licensing::Client] Successfully resolved entitlement details
[Licensing::Module] License group:
  Id: F4-QKKD-GK3D-QK4Z-FWRN-XXXX
  Product: Unity Personal
  Type: ULF
  Expiration: Unlimited
[Licensing::Module] License group:
  Id: 5773889045670-UnityPersXXXX
  Product: Unity Personal
  Type: Assigned
  Expiration: Unlimited
Thread 0x16d56f000 may have been prematurely finalized
Symbol file LoadedFromMemory is not a mono symbol file
- Loaded All Assemblies, in  0.465 seconds
Refreshing native plugins compatible for Editor in 0.15 ms, found 1 plugins.
Native extension for WindowsStandalone target not found
Native extension for OSXStandalone target not found
Native extension for WebGL target not found
[Package Manager] Failed to launch server process. Reason: Unity was launched with the -noUpm command-line argument
[Package Manager] Unable to send message (not connected to server process).
[Package Manager] Cannot connect to Unity Package Manager local server
[Package Manager] Failed to launch server process. Reason: Unity was launched with the -noUpm command-line argument
[Package Manager] Unable to send message (not connected to server process).
[Package Manager] Cannot connect to Unity Package Manager local server
ScheduleIndexationOnStartup MainProcess:False IndexOnStartup:True
Mono: successfully reloaded assembly
- Finished resetting the current domain, in  0.464 seconds
Domain Reload Profiling: 937ms
	BeginReloadAssembly (187ms)
		ExecutionOrderSort (0ms)
		DisableScriptedObjects (7ms)
		BackupInstance (0ms)
		ReleaseScriptingObjects (0ms)
		CreateAndSetChildDomain (48ms)
	RebuildCommonClasses (24ms)
	RebuildNativeTypeToScriptingClass (9ms)
	initialDomainReloadingComplete (17ms)
	LoadAllAssembliesAndSetupDomain (235ms)
		LoadAssemblies (229ms)
		RebuildTransferFunctionScriptingTraits (0ms)
		AnalyzeDomain (73ms)
			TypeCache.Refresh (6ms)
				TypeCache.ScanAssembly (0ms)
			BuildScriptInfoCaches (52ms)
			ResolveRequiredComponents (4ms)
	FinalizeReload (465ms)
		ReleaseScriptCaches (0ms)
		RebuildScriptCaches (0ms)
		SetupLoadedEditorAssemblies (382ms)
			LogAssemblyErrors (0ms)
			InitializePlatformSupportModulesInManaged (4ms)
			SetLoadedEditorAssemblies (2ms)
			BeforeProcessingInitializeOnLoad (80ms)
			ProcessInitializeOnLoadAttributes (268ms)
			ProcessInitializeOnLoadMethodAttributes (27ms)
			AfterProcessingInitializeOnLoad (1ms)
			EditorAssembliesLoaded (0ms)
		ExecutionOrderSort2 (0ms)
		AwakeInstancesAfterBackupRestoration (2ms)
Refreshing native plugins compatible for Editor in 0.27 ms, found 1 plugins.
Preloading 0 native plugins for Editor in 0.00 ms.
Unloading 0 Unused Serialized files (Serialized files now loaded: 0)
Unloading 2274 unused Assets / (0.6 MB). Loaded Objects now: 2935.
Memory consumption went from 116.7 MB to 116.1 MB.
Total: 9.147583 ms (FindLiveObjects: 0.522958 ms CreateObjectMapping: 0.315208 ms MarkObjects: 7.702750 ms  DeleteObjects: 0.606125 ms)

Prepare: number of updated asset objects reloaded= 0
========================================================================
Received Import Request.
  Time since last request: 281956.887542 seconds.
  path: Assets/SFNS SDF.asset
  artifactKey: Guid(894511cab5c9945e0aac72d78eb7d080) Importer(2089858483,b0f066a214c2f5e87bad3c948f4d605d)
Start importing Assets/SFNS SDF.asset using Guid(894511cab5c9945e0aac72d78eb7d080) Importer(2089858483,b0f066a214c2f5e87bad3c948f4d605d) (ScriptedImporter) -> (artifact id: '3f0feb280cd33807c0a1133624dbfd92') in 0.108045417 seconds
Number of updated asset objects reloaded before import = 0Number of asset objects unloaded after import = 5

========================================================================
Received Import Request.
  Time since last request: 0.000060 seconds.
  path: Assets/Scenes/Main.unity
  artifactKey: Guid(9fc0d4010bbf28b4594072e72b8655ab) Importer(2089858483,b0f066a214c2f5e87bad3c948f4d605d)
Start importing Assets/Scenes/Main.unity using Guid(9fc0d4010bbf28b4594072e72b8655ab) Importer(2089858483,b0f066a214c2f5e87bad3c948f4d605d) (ScriptedImporter) -> (artifact id: '5b464a5b2c5a428e0df745c43957fb84') in 0.01315025 seconds
Number of updated asset objects reloaded before import = 0Number of asset objects unloaded after import = 1

========================================================================
Received Import Request.
  Time since last request: 1661.450653 seconds.
  path: Assets/Scenes/Main.unity
  artifactKey: Guid(9fc0d4010bbf28b4594072e72b8655ab) Importer(2089858483,b0f066a214c2f5e87bad3c948f4d605d)
Start importing Assets/Scenes/Main.unity using Guid(9fc0d4010bbf28b4594072e72b8655ab) Importer(2089858483,b0f066a214c2f5e87bad3c948f4d605d) (ScriptedImporter) -> (artifact id: '134cf6b3f1efb974b2dd124ea4c506a5') in 0.018749792 seconds
Number of updated asset objects reloaded before import = 0Number of asset objects unloaded after import = 1

========================================================================
Received Prepare
Refreshing native plugins compatible for Editor in 0.18 ms, found 1 plugins.
Preloading 0 native plugins for Editor in 0.00 ms.
Unloading 1 Unused Serialized files (Serialized files now loaded: 0)
Unloading 2271 unused Assets / (276.8 KB). Loaded Objects now: 2937.
Memory consumption went from 109.0 MB to 108.8 MB.
Total: 32.755083 ms (FindLiveObjects: 0.182375 ms CreateObjectMapping: 0.041708 ms MarkObjects: 32.004625 ms  DeleteObjects: 0.525958 ms)

Prepare: number of updated asset objects reloaded= 0
========================================================================
Received Prepare
Begin MonoManager ReloadAssembly
[Licensing::Client] Successfully resolved entitlement details
[Licensing::Module] License group:
  Id: F4-QKKD-GK3D-QK4Z-FWRN-XXXX
  Product: Unity Personal
  Type: ULF
  Expiration: Unlimited
[Licensing::Module] License group:
  Id: 5773889045670-UnityPersXXXX
  Product: Unity Personal
  Type: Assigned
  Expiration: Unlimited
Thread 0x16d56f000 may have been prematurely finalized
Symbol file LoadedFromMemory is not a mono symbol file
- Loaded All Assemblies, in  0.453 seconds
Refreshing native plugins compatible for Editor in 0.13 ms, found 1 plugins.
Native extension for WindowsStandalone target not found
Native extension for OSXStandalone target not found
Native extension for WebGL target not found
[Package Manager] Failed to launch server process. Reason: Unity was launched with the -noUpm command-line argument
[Package Manager] Unable to send message (not connected to server process).
[Package Manager] Cannot connect to Unity Package Manager local server
[Package Manager] Failed to launch server process. Reason: Unity was launched with the -noUpm command-line argument
[Package Manager] Unable to send message (not connected to server process).
[Package Manager] Cannot connect to Unity Package Manager local server
ScheduleIndexationOnStartup MainProcess:False IndexOnStartup:True
Mono: successfully reloaded assembly
- Finished resetting the current domain, in  0.394 seconds
Domain Reload Profiling: 849ms
	BeginReloadAssembly (221ms)
		ExecutionOrderSort (0ms)
		DisableScriptedObjects (10ms)
		BackupInstance (0ms)
		ReleaseScriptingObjects (0ms)
		CreateAndSetChildDomain (83ms)
	RebuildCommonClasses (23ms)
	RebuildNativeTypeToScriptingClass (9ms)
	initialDomainReloadingComplete (18ms)
	LoadAllAssembliesAndSetupDomain (183ms)
		LoadAssemblies (204ms)
		RebuildTransferFunctionScriptingTraits (0ms)
		AnalyzeDomain (62ms)
			TypeCache.Refresh (11ms)
				TypeCache.ScanAssembly (1ms)
			BuildScriptInfoCaches (48ms)
			ResolveRequiredComponents (2ms)
	FinalizeReload (395ms)
		ReleaseScriptCaches (0ms)
		RebuildScriptCaches (0ms)
		SetupLoadedEditorAssemblies (322ms)
			LogAssemblyErrors (0ms)
			InitializePlatformSupportModulesInManaged (3ms)
			SetLoadedEditorAssemblies (2ms)
			BeforeProcessingInitializeOnLoad (77ms)
			ProcessInitializeOnLoadAttributes (215ms)
			ProcessInitializeOnLoadMethodAttributes (24ms)
			AfterProcessingInitializeOnLoad (0ms)
			EditorAssembliesLoaded (0ms)
		ExecutionOrderSort2 (0ms)
		AwakeInstancesAfterBackupRestoration (1ms)
Refreshing native plugins compatible for Editor in 0.22 ms, found 1 plugins.
Preloading 0 native plugins for Editor in 0.00 ms.
Unloading 1 Unused Serialized files (Serialized files now loaded: 0)
Unloading 2275 unused Assets / (124.8 KB). Loaded Objects now: 2938.
Memory consumption went from 117.9 MB to 117.7 MB.
Total: 5.334917 ms (FindLiveObjects: 0.145709 ms CreateObjectMapping: 0.046625 ms MarkObjects: 4.792875 ms  DeleteObjects: 0.349084 ms)

Prepare: number of updated asset objects reloaded= 0
========================================================================
Received Import Request.
  Time since last request: 1892.481485 seconds.
  path: Assets/Prefabs/UI/Menus/Menu Row.prefab
  artifactKey: Guid(bf7b4fdc1e2d64cbb8453656d2bdb8f8) Importer(2089858483,b0f066a214c2f5e87bad3c948f4d605d)
Start importing Assets/Prefabs/UI/Menus/Menu Row.prefab using Guid(bf7b4fdc1e2d64cbb8453656d2bdb8f8) Importer(2089858483,b0f066a214c2f5e87bad3c948f4d605d) (ScriptedImporter) -> (artifact id: '539cf71a3216ee8aa37769a8b53972e7') in 0.11514975 seconds
Number of updated asset objects reloaded before import = 0Number of asset objects unloaded after import = 22

========================================================================
Received Import Request.
  Time since last request: 13.384365 seconds.
  path: Assets/Prefabs/UI/Menus/Menu Row Item.prefab
  artifactKey: Guid(924b067c7afde42d7933f4c97062dd7b) Importer(815301076,1909f56bfc062723c751e8b465ee728b)
Start importing Assets/Prefabs/UI/Menus/Menu Row Item.prefab using Guid(924b067c7afde42d7933f4c97062dd7b) Importer(815301076,1909f56bfc062723c751e8b465ee728b) (PreviewImporter) -> (artifact id: '174fbcfa5105a871c3746b6b728e2845') in 0.073682542 seconds
Number of updated asset objects reloaded before import = 0Number of asset objects unloaded after import = 19

========================================================================
Received Import Request.
  Time since last request: 9.911668 seconds.
  path: Assets/Prefabs/UI/Menus/Menu Row Item.prefab
  artifactKey: Guid(924b067c7afde42d7933f4c97062dd7b) Importer(815301076,1909f56bfc062723c751e8b465ee728b)
Start importing Assets/Prefabs/UI/Menus/Menu Row Item.prefab using Guid(924b067c7afde42d7933f4c97062dd7b) Importer(815301076,1909f56bfc062723c751e8b465ee728b) (PreviewImporter) -> (artifact id: '0755ec91c5a03ad97195f6137d83a46f') in 0.014459792 seconds
Number of updated asset objects reloaded before import = 0Number of asset objects unloaded after import = 19

========================================================================
Received Import Request.
  Time since last request: 5.676830 seconds.
  path: Assets/Prefabs/UI/Menus/Menu Row Item.prefab
  artifactKey: Guid(924b067c7afde42d7933f4c97062dd7b) Importer(815301076,1909f56bfc062723c751e8b465ee728b)
Start importing Assets/Prefabs/UI/Menus/Menu Row Item.prefab using Guid(924b067c7afde42d7933f4c97062dd7b) Importer(815301076,1909f56bfc062723c751e8b465ee728b) (PreviewImporter) -> (artifact id: '774372e478fd5249e72f5538c937ed3a') in 0.009964667 seconds
Number of updated asset objects reloaded before import = 0Number of asset objects unloaded after import = 19

========================================================================
Received Prepare
Refreshing native plugins compatible for Editor in 0.35 ms, found 1 plugins.
Preloading 0 native plugins for Editor in 0.00 ms.
Unloading 1 Unused Serialized files (Serialized files now loaded: 0)
Unloading 2273 unused Assets / (481.4 KB). Loaded Objects now: 2940.
Memory consumption went from 109.1 MB to 108.7 MB.
Total: 19.168459 ms (FindLiveObjects: 0.238542 ms CreateObjectMapping: 0.047167 ms MarkObjects: 18.122416 ms  DeleteObjects: 0.759625 ms)

Prepare: number of updated asset objects reloaded= 0
========================================================================
Received Prepare
Begin MonoManager ReloadAssembly
[Licensing::Client] Successfully resolved entitlement details
[Licensing::Module] License group:
  Id: F4-QKKD-GK3D-QK4Z-FWRN-XXXX
  Product: Unity Personal
  Type: ULF
  Expiration: Unlimited
[Licensing::Module] License group:
  Id: 5773889045670-UnityPersXXXX
  Product: Unity Personal
  Type: Assigned
  Expiration: Unlimited
Thread 0x16d56f000 may have been prematurely finalized
Symbol file LoadedFromMemory is not a mono symbol file
- Loaded All Assemblies, in  0.427 seconds
Refreshing native plugins compatible for Editor in 0.13 ms, found 1 plugins.
Native extension for WindowsStandalone target not found
Native extension for OSXStandalone target not found
Native extension for WebGL target not found
[Package Manager] Failed to launch server process. Reason: Unity was launched with the -noUpm command-line argument
[Package Manager] Unable to send message (not connected to server process).
[Package Manager] Cannot connect to Unity Package Manager local server
[Package Manager] Failed to launch server process. Reason: Unity was launched with the -noUpm command-line argument
[Package Manager] Unable to send message (not connected to server process).
[Package Manager] Cannot connect to Unity Package Manager local server
ScheduleIndexationOnStartup MainProcess:False IndexOnStartup:True
Mono: successfully reloaded assembly
- Finished resetting the current domain, in  0.397 seconds
Domain Reload Profiling: 826ms
	BeginReloadAssembly (182ms)
		ExecutionOrderSort (0ms)
		DisableScriptedObjects (5ms)
		BackupInstance (0ms)
		ReleaseScriptingObjects (0ms)
		CreateAndSetChildDomain (72ms)
	RebuildCommonClasses (24ms)
	RebuildNativeTypeToScriptingClass (9ms)
	initialDomainReloadingComplete (21ms)
	LoadAllAssembliesAndSetupDomain (192ms)
		LoadAssemblies (185ms)
		RebuildTransferFunctionScriptingTraits (0ms)
		AnalyzeDomain (67ms)
			TypeCache.Refresh (9ms)
				TypeCache.ScanAssembly (1ms)
			BuildScriptInfoCaches (53ms)
			ResolveRequiredComponents (2ms)
	FinalizeReload (398ms)
		ReleaseScriptCaches (0ms)
		RebuildScriptCaches (0ms)
		SetupLoadedEditorAssemblies (320ms)
			LogAssemblyErrors (0ms)
			InitializePlatformSupportModulesInManaged (2ms)
			SetLoadedEditorAssemblies (2ms)
			BeforeProcessingInitializeOnLoad (70ms)
			ProcessInitializeOnLoadAttributes (219ms)
			ProcessInitializeOnLoadMethodAttributes (26ms)
			AfterProcessingInitializeOnLoad (1ms)
			EditorAssembliesLoaded (0ms)
		ExecutionOrderSort2 (0ms)
		AwakeInstancesAfterBackupRestoration (2ms)
Refreshing native plugins compatible for Editor in 0.20 ms, found 1 plugins.
Preloading 0 native plugins for Editor in 0.00 ms.
Unloading 1 Unused Serialized files (Serialized files now loaded: 0)
Unloading 2276 unused Assets / (386.3 KB). Loaded Objects now: 2941.
Memory consumption went from 117.8 MB to 117.5 MB.
Total: 5.060375 ms (FindLiveObjects: 0.259584 ms CreateObjectMapping: 0.057000 ms MarkObjects: 4.380042 ms  DeleteObjects: 0.363583 ms)

Prepare: number of updated asset objects reloaded= 0
========================================================================
Received Prepare
Refreshing native plugins compatible for Editor in 0.17 ms, found 1 plugins.
Preloading 0 native plugins for Editor in 0.00 ms.
Unloading 1 Unused Serialized files (Serialized files now loaded: 0)
Unloading 2272 unused Assets / (0.5 MB). Loaded Objects now: 2941.
Memory consumption went from 108.8 MB to 108.3 MB.
Total: 4.220709 ms (FindLiveObjects: 0.139500 ms CreateObjectMapping: 0.050917 ms MarkObjects: 3.597125 ms  DeleteObjects: 0.432709 ms)

Prepare: number of updated asset objects reloaded= 0
========================================================================
Received Prepare
Begin MonoManager ReloadAssembly
Thread 0x16d4e3000 may have been prematurely finalized
Symbol file LoadedFromMemory is not a mono symbol file
- Loaded All Assemblies, in  0.331 seconds
Refreshing native plugins compatible for Editor in 0.14 ms, found 1 plugins.
Native extension for WindowsStandalone target not found
Native extension for OSXStandalone target not found
Native extension for WebGL target not found
[Package Manager] Failed to launch server process. Reason: Unity was launched with the -noUpm command-line argument
[Package Manager] Unable to send message (not connected to server process).
[Package Manager] Cannot connect to Unity Package Manager local server
[Package Manager] Failed to launch server process. Reason: Unity was launched with the -noUpm command-line argument
[Package Manager] Unable to send message (not connected to server process).
[Package Manager] Cannot connect to Unity Package Manager local server
ScheduleIndexationOnStartup MainProcess:False IndexOnStartup:True
Mono: successfully reloaded assembly
- Finished resetting the current domain, in  0.393 seconds
Domain Reload Profiling: 725ms
	BeginReloadAssembly (131ms)
		ExecutionOrderSort (0ms)
		DisableScriptedObjects (3ms)
		BackupInstance (0ms)
		ReleaseScriptingObjects (0ms)
		CreateAndSetChildDomain (56ms)
	RebuildCommonClasses (25ms)
	RebuildNativeTypeToScriptingClass (8ms)
	initialDomainReloadingComplete (11ms)
	LoadAllAssembliesAndSetupDomain (157ms)
		LoadAssemblies (123ms)
		RebuildTransferFunctionScriptingTraits (0ms)
		AnalyzeDomain (74ms)
			TypeCache.Refresh (11ms)
				TypeCache.ScanAssembly (1ms)
			BuildScriptInfoCaches (59ms)
			ResolveRequiredComponents (2ms)
	FinalizeReload (393ms)
		ReleaseScriptCaches (0ms)
		RebuildScriptCaches (0ms)
		SetupLoadedEditorAssemblies (315ms)
			LogAssemblyErrors (0ms)
			InitializePlatformSupportModulesInManaged (2ms)
			SetLoadedEditorAssemblies (2ms)
			BeforeProcessingInitializeOnLoad (68ms)
			ProcessInitializeOnLoadAttributes (214ms)
			ProcessInitializeOnLoadMethodAttributes (26ms)
			AfterProcessingInitializeOnLoad (1ms)
			EditorAssembliesLoaded (0ms)
		ExecutionOrderSort2 (0ms)
		AwakeInstancesAfterBackupRestoration (4ms)
Refreshing native plugins compatible for Editor in 0.87 ms, found 1 plugins.
Preloading 0 native plugins for Editor in 0.00 ms.
Unloading 1 Unused Serialized files (Serialized files now loaded: 0)
Unloading 2276 unused Assets / (253.9 KB). Loaded Objects now: 2942.
Memory consumption went from 117.8 MB to 117.6 MB.
Total: 4.688917 ms (FindLiveObjects: 0.135750 ms CreateObjectMapping: 0.046375 ms MarkObjects: 4.088125 ms  DeleteObjects: 0.418083 ms)

Prepare: number of updated asset objects reloaded= 0
========================================================================
Received Prepare
Refreshing native plugins compatible for Editor in 0.20 ms, found 1 plugins.
Preloading 0 native plugins for Editor in 0.00 ms.
Unloading 1 Unused Serialized files (Serialized files now loaded: 0)
Unloading 2272 unused Assets / (246.6 KB). Loaded Objects now: 2942.
Memory consumption went from 108.8 MB to 108.6 MB.
Total: 29.885583 ms (FindLiveObjects: 0.218708 ms CreateObjectMapping: 0.046083 ms MarkObjects: 28.721292 ms  DeleteObjects: 0.899167 ms)

Prepare: number of updated asset objects reloaded= 0
========================================================================
Received Prepare
Begin MonoManager ReloadAssembly
[Licensing::Client] Successfully resolved entitlement details
[Licensing::Module] License group:
  Id: F4-QKKD-GK3D-QK4Z-FWRN-XXXX
  Product: Unity Personal
  Type: ULF
  Expiration: Unlimited
[Licensing::Module] License group:
  Id: 5773889045670-UnityPersXXXX
  Product: Unity Personal
  Type: Assigned
  Expiration: Unlimited
Thread 0x16d4e3000 may have been prematurely finalized
Symbol file LoadedFromMemory is not a mono symbol file
- Loaded All Assemblies, in  0.397 seconds
Refreshing native plugins compatible for Editor in 0.14 ms, found 1 plugins.
Native extension for WindowsStandalone target not found
Native extension for OSXStandalone target not found
Native extension for WebGL target not found
[Package Manager] Failed to launch server process. Reason: Unity was launched with the -noUpm command-line argument
[Package Manager] Unable to send message (not connected to server process).
[Package Manager] Cannot connect to Unity Package Manager local server
[Package Manager] Failed to launch server process. Reason: Unity was launched with the -noUpm command-line argument
[Package Manager] Unable to send message (not connected to server process).
[Package Manager] Cannot connect to Unity Package Manager local server
ScheduleIndexationOnStartup MainProcess:False IndexOnStartup:True
Mono: successfully reloaded assembly
- Finished resetting the current domain, in  0.370 seconds
Domain Reload Profiling: 768ms
	BeginReloadAssembly (131ms)
		ExecutionOrderSort (0ms)
		DisableScriptedObjects (4ms)
		BackupInstance (0ms)
		ReleaseScriptingObjects (0ms)
		CreateAndSetChildDomain (38ms)
	RebuildCommonClasses (25ms)
	RebuildNativeTypeToScriptingClass (9ms)
	initialDomainReloadingComplete (19ms)
	LoadAllAssembliesAndSetupDomain (215ms)
		LoadAssemblies (180ms)
		RebuildTransferFunctionScriptingTraits (0ms)
		AnalyzeDomain (77ms)
			TypeCache.Refresh (15ms)
				TypeCache.ScanAssembly (2ms)
			BuildScriptInfoCaches (56ms)
			ResolveRequiredComponents (3ms)
	FinalizeReload (370ms)
		ReleaseScriptCaches (0ms)
		RebuildScriptCaches (0ms)
		SetupLoadedEditorAssemblies (297ms)
			LogAssemblyErrors (0ms)
			InitializePlatformSupportModulesInManaged (2ms)
			SetLoadedEditorAssemblies (2ms)
			BeforeProcessingInitializeOnLoad (64ms)
			ProcessInitializeOnLoadAttributes (205ms)
			ProcessInitializeOnLoadMethodAttributes (24ms)
			AfterProcessingInitializeOnLoad (1ms)
			EditorAssembliesLoaded (0ms)
		ExecutionOrderSort2 (0ms)
		AwakeInstancesAfterBackupRestoration (2ms)
Refreshing native plugins compatible for Editor in 0.21 ms, found 1 plugins.
Preloading 0 native plugins for Editor in 0.00 ms.
Unloading 1 Unused Serialized files (Serialized files now loaded: 0)
Unloading 2276 unused Assets / (223.3 KB). Loaded Objects now: 2943.
Memory consumption went from 117.8 MB to 117.6 MB.
Total: 5.162584 ms (FindLiveObjects: 0.163667 ms CreateObjectMapping: 0.053500 ms MarkObjects: 4.506958 ms  DeleteObjects: 0.438167 ms)

Prepare: number of updated asset objects reloaded= 0
========================================================================
Received Import Request.
  Time since last request: 897.550613 seconds.
  path: Assets/Materials/House/Material.001.mat
  artifactKey: Guid(b27c3aea5ab2a43a6bc55dc8bd72ae8a) Importer(815301076,1909f56bfc062723c751e8b465ee728b)
Start importing Assets/Materials/House/Material.001.mat using Guid(b27c3aea5ab2a43a6bc55dc8bd72ae8a) Importer(815301076,1909f56bfc062723c751e8b465ee728b) (PreviewImporter) -> (artifact id: 'a0c4bcffd97eeafef76e16679a575d22') in 0.258967167 seconds
Number of updated asset objects reloaded before import = 0Number of asset objects unloaded after import = 1

========================================================================
Received Prepare
Begin MonoManager ReloadAssembly
[Licensing::Client] Successfully resolved entitlement details
[Licensing::Module] License group:
  Id: F4-QKKD-GK3D-QK4Z-FWRN-XXXX
  Product: Unity Personal
  Type: ULF
  Expiration: Unlimited
[Licensing::Module] License group:
  Id: 5773889045670-UnityPersXXXX
  Product: Unity Personal
  Type: Assigned
  Expiration: Unlimited
Thread 0x16d4e3000 may have been prematurely finalized
Symbol file LoadedFromMemory is not a mono symbol file
- Loaded All Assemblies, in  0.464 seconds
Refreshing native plugins compatible for Editor in 0.11 ms, found 1 plugins.
Native extension for WindowsStandalone target not found
Native extension for OSXStandalone target not found
Native extension for WebGL target not found
[Package Manager] Failed to launch server process. Reason: Unity was launched with the -noUpm command-line argument
[Package Manager] Unable to send message (not connected to server process).
[Package Manager] Cannot connect to Unity Package Manager local server
[Package Manager] Failed to launch server process. Reason: Unity was launched with the -noUpm command-line argument
[Package Manager] Unable to send message (not connected to server process).
[Package Manager] Cannot connect to Unity Package Manager local server
ScheduleIndexationOnStartup MainProcess:False IndexOnStartup:True
Mono: successfully reloaded assembly
- Finished resetting the current domain, in  0.379 seconds
Domain Reload Profiling: 846ms
	BeginReloadAssembly (175ms)
		ExecutionOrderSort (0ms)
		DisableScriptedObjects (7ms)
		BackupInstance (0ms)
		ReleaseScriptingObjects (0ms)
		CreateAndSetChildDomain (63ms)
	RebuildCommonClasses (37ms)
	RebuildNativeTypeToScriptingClass (10ms)
	initialDomainReloadingComplete (20ms)
	LoadAllAssembliesAndSetupDomain (224ms)
		LoadAssemblies (203ms)
		RebuildTransferFunctionScriptingTraits (0ms)
		AnalyzeDomain (76ms)
			TypeCache.Refresh (10ms)
				TypeCache.ScanAssembly (0ms)
			BuildScriptInfoCaches (61ms)
			ResolveRequiredComponents (2ms)
	FinalizeReload (380ms)
		ReleaseScriptCaches (0ms)
		RebuildScriptCaches (0ms)
		SetupLoadedEditorAssemblies (304ms)
			LogAssemblyErrors (0ms)
			InitializePlatformSupportModulesInManaged (2ms)
			SetLoadedEditorAssemblies (2ms)
			BeforeProcessingInitializeOnLoad (71ms)
			ProcessInitializeOnLoadAttributes (201ms)
			ProcessInitializeOnLoadMethodAttributes (27ms)
			AfterProcessingInitializeOnLoad (1ms)
			EditorAssembliesLoaded (0ms)
		ExecutionOrderSort2 (0ms)
		AwakeInstancesAfterBackupRestoration (2ms)
Refreshing native plugins compatible for Editor in 0.13 ms, found 1 plugins.
Preloading 0 native plugins for Editor in 0.00 ms.
Unloading 1 Unused Serialized files (Serialized files now loaded: 0)
Unloading 2276 unused Assets / (356.0 KB). Loaded Objects now: 2983.
Memory consumption went from 118.4 MB to 118.1 MB.
Total: 4.958875 ms (FindLiveObjects: 0.128833 ms CreateObjectMapping: 0.043541 ms MarkObjects: 4.339167 ms  DeleteObjects: 0.446875 ms)

Prepare: number of updated asset objects reloaded= 0
========================================================================
Received Prepare
Begin MonoManager ReloadAssembly
[Licensing::Client] Successfully resolved entitlement details
[Licensing::Module] License group:
  Id: F4-QKKD-GK3D-QK4Z-FWRN-XXXX
  Product: Unity Personal
  Type: ULF
  Expiration: Unlimited
[Licensing::Module] License group:
  Id: 5773889045670-UnityPersXXXX
  Product: Unity Personal
  Type: Assigned
  Expiration: Unlimited
Thread 0x16d4e3000 may have been prematurely finalized
Symbol file LoadedFromMemory is not a mono symbol file
- Loaded All Assemblies, in  0.428 seconds
Refreshing native plugins compatible for Editor in 0.17 ms, found 1 plugins.
Native extension for WindowsStandalone target not found
Native extension for OSXStandalone target not found
Native extension for WebGL target not found
[Package Manager] Failed to launch server process. Reason: Unity was launched with the -noUpm command-line argument
[Package Manager] Unable to send message (not connected to server process).
[Package Manager] Cannot connect to Unity Package Manager local server
[Package Manager] Failed to launch server process. Reason: Unity was launched with the -noUpm command-line argument
[Package Manager] Unable to send message (not connected to server process).
[Package Manager] Cannot connect to Unity Package Manager local server
ScheduleIndexationOnStartup MainProcess:False IndexOnStartup:True
Mono: successfully reloaded assembly
- Finished resetting the current domain, in  0.408 seconds
Domain Reload Profiling: 838ms
	BeginReloadAssembly (166ms)
		ExecutionOrderSort (0ms)
		DisableScriptedObjects (14ms)
		BackupInstance (0ms)
		ReleaseScriptingObjects (0ms)
		CreateAndSetChildDomain (45ms)
	RebuildCommonClasses (26ms)
	RebuildNativeTypeToScriptingClass (11ms)
	initialDomainReloadingComplete (24ms)
	LoadAllAssembliesAndSetupDomain (203ms)
		LoadAssemblies (185ms)
		RebuildTransferFunctionScriptingTraits (0ms)
		AnalyzeDomain (73ms)
			TypeCache.Refresh (7ms)
				TypeCache.ScanAssembly (0ms)
			BuildScriptInfoCaches (62ms)
			ResolveRequiredComponents (2ms)
	FinalizeReload (409ms)
		ReleaseScriptCaches (0ms)
		RebuildScriptCaches (0ms)
		SetupLoadedEditorAssemblies (333ms)
			LogAssemblyErrors (0ms)
			InitializePlatformSupportModulesInManaged (2ms)
			SetLoadedEditorAssemblies (3ms)
			BeforeProcessingInitializeOnLoad (66ms)
			ProcessInitializeOnLoadAttributes (227ms)
			ProcessInitializeOnLoadMethodAttributes (34ms)
			AfterProcessingInitializeOnLoad (1ms)
			EditorAssembliesLoaded (0ms)
		ExecutionOrderSort2 (0ms)
		AwakeInstancesAfterBackupRestoration (4ms)
Refreshing native plugins compatible for Editor in 0.28 ms, found 1 plugins.
Preloading 0 native plugins for Editor in 0.00 ms.
Unloading 1 Unused Serialized files (Serialized files now loaded: 0)
Unloading 2276 unused Assets / (427.6 KB). Loaded Objects now: 2984.
Memory consumption went from 118.4 MB to 118.0 MB.
Total: 4.511209 ms (FindLiveObjects: 0.199917 ms CreateObjectMapping: 0.058542 ms MarkObjects: 3.896208 ms  DeleteObjects: 0.356375 ms)

Prepare: number of updated asset objects reloaded= 0
========================================================================
Received Prepare
Begin MonoManager ReloadAssembly
[Licensing::Client] Successfully resolved entitlement details
[Licensing::Module] License group:
  Id: F4-QKKD-GK3D-QK4Z-FWRN-XXXX
  Product: Unity Personal
  Type: ULF
  Expiration: Unlimited
[Licensing::Module] License group:
  Id: 5773889045670-UnityPersXXXX
  Product: Unity Personal
  Type: Assigned
  Expiration: Unlimited
Thread 0x16d4e3000 may have been prematurely finalized
Symbol file LoadedFromMemory is not a mono symbol file
- Loaded All Assemblies, in  0.414 seconds
Refreshing native plugins compatible for Editor in 0.20 ms, found 1 plugins.
Native extension for WindowsStandalone target not found
Native extension for OSXStandalone target not found
Native extension for WebGL target not found
[Package Manager] Failed to launch server process. Reason: Unity was launched with the -noUpm command-line argument
[Package Manager] Unable to send message (not connected to server process).
[Package Manager] Cannot connect to Unity Package Manager local server
[Package Manager] Failed to launch server process. Reason: Unity was launched with the -noUpm command-line argument
[Package Manager] Unable to send message (not connected to server process).
[Package Manager] Cannot connect to Unity Package Manager local server
ScheduleIndexationOnStartup MainProcess:False IndexOnStartup:True
Mono: successfully reloaded assembly
- Finished resetting the current domain, in  0.410 seconds
Domain Reload Profiling: 825ms
	BeginReloadAssembly (160ms)
		ExecutionOrderSort (0ms)
		DisableScriptedObjects (5ms)
		BackupInstance (0ms)
		ReleaseScriptingObjects (0ms)
		CreateAndSetChildDomain (54ms)
	RebuildCommonClasses (27ms)
	RebuildNativeTypeToScriptingClass (9ms)
	initialDomainReloadingComplete (18ms)
	LoadAllAssembliesAndSetupDomain (201ms)
		LoadAssemblies (185ms)
		RebuildTransferFunctionScriptingTraits (0ms)
		AnalyzeDomain (69ms)
			TypeCache.Refresh (7ms)
				TypeCache.ScanAssembly (0ms)
			BuildScriptInfoCaches (56ms)
			ResolveRequiredComponents (2ms)
	FinalizeReload (410ms)
		ReleaseScriptCaches (0ms)
		RebuildScriptCaches (0ms)
		SetupLoadedEditorAssemblies (335ms)
			LogAssemblyErrors (0ms)
			InitializePlatformSupportModulesInManaged (3ms)
			SetLoadedEditorAssemblies (2ms)
			BeforeProcessingInitializeOnLoad (82ms)
			ProcessInitializeOnLoadAttributes (223ms)
			ProcessInitializeOnLoadMethodAttributes (25ms)
			AfterProcessingInitializeOnLoad (1ms)
			EditorAssembliesLoaded (0ms)
		ExecutionOrderSort2 (0ms)
		AwakeInstancesAfterBackupRestoration (1ms)
Refreshing native plugins compatible for Editor in 0.20 ms, found 1 plugins.
Preloading 0 native plugins for Editor in 0.00 ms.
Unloading 1 Unused Serialized files (Serialized files now loaded: 0)
Unloading 2276 unused Assets / (353.1 KB). Loaded Objects now: 2985.
Memory consumption went from 118.4 MB to 118.1 MB.
Total: 4.849167 ms (FindLiveObjects: 0.141791 ms CreateObjectMapping: 0.041250 ms MarkObjects: 4.152292 ms  DeleteObjects: 0.513625 ms)

Prepare: number of updated asset objects reloaded= 0
========================================================================
Received Prepare
Begin MonoManager ReloadAssembly
[Licensing::Client] Successfully resolved entitlement details
[Licensing::Module] License group:
  Id: F4-QKKD-GK3D-QK4Z-FWRN-XXXX
  Product: Unity Personal
  Type: ULF
  Expiration: Unlimited
[Licensing::Module] License group:
  Id: 5773889045670-UnityPersXXXX
  Product: Unity Personal
  Type: Assigned
  Expiration: Unlimited
Thread 0x16d4e3000 may have been prematurely finalized
Symbol file LoadedFromMemory is not a mono symbol file
- Loaded All Assemblies, in  0.438 seconds
Refreshing native plugins compatible for Editor in 0.12 ms, found 1 plugins.
Native extension for WindowsStandalone target not found
Native extension for OSXStandalone target not found
Native extension for WebGL target not found
[Package Manager] Failed to launch server process. Reason: Unity was launched with the -noUpm command-line argument
[Package Manager] Unable to send message (not connected to server process).
[Package Manager] Cannot connect to Unity Package Manager local server
[Package Manager] Failed to launch server process. Reason: Unity was launched with the -noUpm command-line argument
[Package Manager] Unable to send message (not connected to server process).
[Package Manager] Cannot connect to Unity Package Manager local server
ScheduleIndexationOnStartup MainProcess:False IndexOnStartup:True
Mono: successfully reloaded assembly
- Finished resetting the current domain, in  0.359 seconds
Domain Reload Profiling: 799ms
	BeginReloadAssembly (171ms)
		ExecutionOrderSort (0ms)
		DisableScriptedObjects (11ms)
		BackupInstance (0ms)
		ReleaseScriptingObjects (0ms)
		CreateAndSetChildDomain (58ms)
	RebuildCommonClasses (27ms)
	RebuildNativeTypeToScriptingClass (15ms)
	initialDomainReloadingComplete (22ms)
	LoadAllAssembliesAndSetupDomain (205ms)
		LoadAssemblies (188ms)
		RebuildTransferFunctionScriptingTraits (0ms)
		AnalyzeDomain (74ms)
			TypeCache.Refresh (9ms)
				TypeCache.ScanAssembly (0ms)
			BuildScriptInfoCaches (60ms)
			ResolveRequiredComponents (2ms)
	FinalizeReload (359ms)
		ReleaseScriptCaches (0ms)
		RebuildScriptCaches (0ms)
		SetupLoadedEditorAssemblies (291ms)
			LogAssemblyErrors (0ms)
			InitializePlatformSupportModulesInManaged (2ms)
			SetLoadedEditorAssemblies (2ms)
			BeforeProcessingInitializeOnLoad (65ms)
			ProcessInitializeOnLoadAttributes (199ms)
			ProcessInitializeOnLoadMethodAttributes (22ms)
			AfterProcessingInitializeOnLoad (1ms)
			EditorAssembliesLoaded (0ms)
		ExecutionOrderSort2 (0ms)
		AwakeInstancesAfterBackupRestoration (2ms)
Refreshing native plugins compatible for Editor in 0.20 ms, found 1 plugins.
Preloading 0 native plugins for Editor in 0.00 ms.
Unloading 1 Unused Serialized files (Serialized files now loaded: 0)
Unloading 2276 unused Assets / (377.9 KB). Loaded Objects now: 2986.
Memory consumption went from 118.4 MB to 118.0 MB.
Total: 4.941708 ms (FindLiveObjects: 0.142375 ms CreateObjectMapping: 0.049000 ms MarkObjects: 4.271375 ms  DeleteObjects: 0.478667 ms)

Prepare: number of updated asset objects reloaded= 0
========================================================================
Received Prepare
Begin MonoManager ReloadAssembly
[Licensing::Client] Successfully resolved entitlement details
[Licensing::Module] License group:
  Id: F4-QKKD-GK3D-QK4Z-FWRN-XXXX
  Product: Unity Personal
  Type: ULF
  Expiration: Unlimited
[Licensing::Module] License group:
  Id: 5773889045670-UnityPersXXXX
  Product: Unity Personal
  Type: Assigned
  Expiration: Unlimited
Thread 0x16d4e3000 may have been prematurely finalized
Symbol file LoadedFromMemory is not a mono symbol file
- Loaded All Assemblies, in  0.408 seconds
Refreshing native plugins compatible for Editor in 0.19 ms, found 1 plugins.
Native extension for WindowsStandalone target not found
Native extension for OSXStandalone target not found
Native extension for WebGL target not found
[Package Manager] Failed to launch server process. Reason: Unity was launched with the -noUpm command-line argument
[Package Manager] Unable to send message (not connected to server process).
[Package Manager] Cannot connect to Unity Package Manager local server
[Package Manager] Failed to launch server process. Reason: Unity was launched with the -noUpm command-line argument
[Package Manager] Unable to send message (not connected to server process).
[Package Manager] Cannot connect to Unity Package Manager local server
ScheduleIndexationOnStartup MainProcess:False IndexOnStartup:True
Mono: successfully reloaded assembly
- Finished resetting the current domain, in  0.401 seconds
Domain Reload Profiling: 810ms
	BeginReloadAssembly (162ms)
		ExecutionOrderSort (0ms)
		DisableScriptedObjects (6ms)
		BackupInstance (0ms)
		ReleaseScriptingObjects (0ms)
		CreateAndSetChildDomain (64ms)
	RebuildCommonClasses (24ms)
	RebuildNativeTypeToScriptingClass (8ms)
	initialDomainReloadingComplete (13ms)
	LoadAllAssembliesAndSetupDomain (203ms)
		LoadAssemblies (174ms)
		RebuildTransferFunctionScriptingTraits (0ms)
		AnalyzeDomain (75ms)
			TypeCache.Refresh (6ms)
				TypeCache.ScanAssembly (0ms)
			BuildScriptInfoCaches (65ms)
			ResolveRequiredComponents (2ms)
	FinalizeReload (401ms)
		ReleaseScriptCaches (0ms)
		RebuildScriptCaches (0ms)
		SetupLoadedEditorAssemblies (319ms)
			LogAssemblyErrors (0ms)
			InitializePlatformSupportModulesInManaged (3ms)
			SetLoadedEditorAssemblies (2ms)
			BeforeProcessingInitializeOnLoad (71ms)
			ProcessInitializeOnLoadAttributes (216ms)
			ProcessInitializeOnLoadMethodAttributes (26ms)
			AfterProcessingInitializeOnLoad (1ms)
			EditorAssembliesLoaded (0ms)
		ExecutionOrderSort2 (0ms)
		AwakeInstancesAfterBackupRestoration (2ms)
Refreshing native plugins compatible for Editor in 0.36 ms, found 1 plugins.
Preloading 0 native plugins for Editor in 0.00 ms.
Unloading 1 Unused Serialized files (Serialized files now loaded: 0)
Unloading 2276 unused Assets / (100.1 KB). Loaded Objects now: 2987.
Memory consumption went from 118.4 MB to 118.3 MB.
Total: 6.681750 ms (FindLiveObjects: 0.254250 ms CreateObjectMapping: 0.050417 ms MarkObjects: 5.402083 ms  DeleteObjects: 0.973875 ms)

Prepare: number of updated asset objects reloaded= 0
========================================================================
Received Prepare
Begin MonoManager ReloadAssembly
Thread 0x16d4e3000 may have been prematurely finalized
Symbol file LoadedFromMemory is not a mono symbol file
- Loaded All Assemblies, in  0.257 seconds
Refreshing native plugins compatible for Editor in 0.17 ms, found 1 plugins.
Native extension for WindowsStandalone target not found
Native extension for OSXStandalone target not found
Native extension for WebGL target not found
[Package Manager] Failed to launch server process. Reason: Unity was launched with the -noUpm command-line argument
[Package Manager] Unable to send message (not connected to server process).
[Package Manager] Cannot connect to Unity Package Manager local server
[Package Manager] Failed to launch server process. Reason: Unity was launched with the -noUpm command-line argument
[Package Manager] Unable to send message (not connected to server process).
[Package Manager] Cannot connect to Unity Package Manager local server
ScheduleIndexationOnStartup MainProcess:False IndexOnStartup:True
Mono: successfully reloaded assembly
- Finished resetting the current domain, in  0.360 seconds
Domain Reload Profiling: 618ms
	BeginReloadAssembly (86ms)
		ExecutionOrderSort (0ms)
		DisableScriptedObjects (3ms)
		BackupInstance (0ms)
		ReleaseScriptingObjects (0ms)
		CreateAndSetChildDomain (24ms)
	RebuildCommonClasses (21ms)
	RebuildNativeTypeToScriptingClass (8ms)
	initialDomainReloadingComplete (11ms)
	LoadAllAssembliesAndSetupDomain (132ms)
		LoadAssemblies (106ms)
		RebuildTransferFunctionScriptingTraits (0ms)
		AnalyzeDomain (57ms)
			TypeCache.Refresh (4ms)
				TypeCache.ScanAssembly (0ms)
			BuildScriptInfoCaches (49ms)
			ResolveRequiredComponents (2ms)
	FinalizeReload (360ms)
		ReleaseScriptCaches (0ms)
		RebuildScriptCaches (0ms)
		SetupLoadedEditorAssemblies (289ms)
			LogAssemblyErrors (0ms)
			InitializePlatformSupportModulesInManaged (2ms)
			SetLoadedEditorAssemblies (2ms)
			BeforeProcessingInitializeOnLoad (64ms)
			ProcessInitializeOnLoadAttributes (198ms)
			ProcessInitializeOnLoadMethodAttributes (22ms)
			AfterProcessingInitializeOnLoad (1ms)
			EditorAssembliesLoaded (0ms)
		ExecutionOrderSort2 (0ms)
		AwakeInstancesAfterBackupRestoration (2ms)
Refreshing native plugins compatible for Editor in 0.25 ms, found 1 plugins.
Preloading 0 native plugins for Editor in 0.00 ms.
Unloading 1 Unused Serialized files (Serialized files now loaded: 0)
Unloading 2276 unused Assets / (362.3 KB). Loaded Objects now: 2988.
Memory consumption went from 118.4 MB to 118.0 MB.
Total: 5.247833 ms (FindLiveObjects: 0.157167 ms CreateObjectMapping: 0.050917 ms MarkObjects: 4.572250 ms  DeleteObjects: 0.467250 ms)

Prepare: number of updated asset objects reloaded= 0
========================================================================
Received Prepare
Refreshing native plugins compatible for Editor in 0.34 ms, found 1 plugins.
Preloading 0 native plugins for Editor in 0.00 ms.
Unloading 1 Unused Serialized files (Serialized files now loaded: 0)
Unloading 2272 unused Assets / (383.8 KB). Loaded Objects now: 2988.
Memory consumption went from 109.5 MB to 109.1 MB.
Total: 29.505708 ms (FindLiveObjects: 0.337417 ms CreateObjectMapping: 0.200458 ms MarkObjects: 28.483917 ms  DeleteObjects: 0.483375 ms)

Prepare: number of updated asset objects reloaded= 0
========================================================================
Received Prepare
Begin MonoManager ReloadAssembly
[Licensing::Client] Successfully resolved entitlement details
[Licensing::Module] License group:
  Id: F4-QKKD-GK3D-QK4Z-FWRN-XXXX
  Product: Unity Personal
  Type: ULF
  Expiration: Unlimited
[Licensing::Module] License group:
  Id: 5773889045670-UnityPersXXXX
  Product: Unity Personal
  Type: Assigned
  Expiration: Unlimited
Thread 0x16d4e3000 may have been prematurely finalized
Symbol file LoadedFromMemory is not a mono symbol file
- Loaded All Assemblies, in  0.457 seconds
Refreshing native plugins compatible for Editor in 0.13 ms, found 1 plugins.
Native extension for WindowsStandalone target not found
Native extension for OSXStandalone target not found
Native extension for WebGL target not found
[Package Manager] Failed to launch server process. Reason: Unity was launched with the -noUpm command-line argument
[Package Manager] Unable to send message (not connected to server process).
[Package Manager] Cannot connect to Unity Package Manager local server
[Package Manager] Failed to launch server process. Reason: Unity was launched with the -noUpm command-line argument
[Package Manager] Unable to send message (not connected to server process).
[Package Manager] Cannot connect to Unity Package Manager local server
ScheduleIndexationOnStartup MainProcess:False IndexOnStartup:True
Mono: successfully reloaded assembly
- Finished resetting the current domain, in  0.428 seconds
Domain Reload Profiling: 889ms
	BeginReloadAssembly (164ms)
		ExecutionOrderSort (0ms)
		DisableScriptedObjects (4ms)
		BackupInstance (0ms)
		ReleaseScriptingObjects (0ms)
		CreateAndSetChildDomain (54ms)
	RebuildCommonClasses (29ms)
	RebuildNativeTypeToScriptingClass (8ms)
	initialDomainReloadingComplete (19ms)
	LoadAllAssembliesAndSetupDomain (242ms)
		LoadAssemblies (218ms)
		RebuildTransferFunctionScriptingTraits (0ms)
		AnalyzeDomain (85ms)
			TypeCache.Refresh (12ms)
				TypeCache.ScanAssembly (1ms)
			BuildScriptInfoCaches (65ms)
			ResolveRequiredComponents (2ms)
	FinalizeReload (428ms)
		ReleaseScriptCaches (0ms)
		RebuildScriptCaches (0ms)
		SetupLoadedEditorAssemblies (344ms)
			LogAssemblyErrors (0ms)
			InitializePlatformSupportModulesInManaged (2ms)
			SetLoadedEditorAssemblies (2ms)
			BeforeProcessingInitializeOnLoad (83ms)
			ProcessInitializeOnLoadAttributes (231ms)
			ProcessInitializeOnLoadMethodAttributes (25ms)
			AfterProcessingInitializeOnLoad (1ms)
			EditorAssembliesLoaded (0ms)
		ExecutionOrderSort2 (0ms)
		AwakeInstancesAfterBackupRestoration (2ms)
Refreshing native plugins compatible for Editor in 0.21 ms, found 1 plugins.
Preloading 0 native plugins for Editor in 0.00 ms.
Unloading 1 Unused Serialized files (Serialized files now loaded: 0)
Unloading 2276 unused Assets / (474.7 KB). Loaded Objects now: 2989.
Memory consumption went from 118.4 MB to 117.9 MB.
Total: 5.327083 ms (FindLiveObjects: 0.176667 ms CreateObjectMapping: 0.053166 ms MarkObjects: 4.697333 ms  DeleteObjects: 0.399084 ms)

Prepare: number of updated asset objects reloaded= 0
========================================================================
Received Prepare
Begin MonoManager ReloadAssembly
Thread 0x16d4e3000 may have been prematurely finalized
Symbol file LoadedFromMemory is not a mono symbol file
- Loaded All Assemblies, in  0.397 seconds
Refreshing native plugins compatible for Editor in 0.10 ms, found 1 plugins.
Native extension for WindowsStandalone target not found
Native extension for OSXStandalone target not found
Native extension for WebGL target not found
[Package Manager] Failed to launch server process. Reason: Unity was launched with the -noUpm command-line argument
[Package Manager] Unable to send message (not connected to server process).
[Package Manager] Cannot connect to Unity Package Manager local server
[Package Manager] Failed to launch server process. Reason: Unity was launched with the -noUpm command-line argument
[Package Manager] Unable to send message (not connected to server process).
[Package Manager] Cannot connect to Unity Package Manager local server
ScheduleIndexationOnStartup MainProcess:False IndexOnStartup:True
Mono: successfully reloaded assembly
- Finished resetting the current domain, in  0.372 seconds
Domain Reload Profiling: 770ms
	BeginReloadAssembly (163ms)
		ExecutionOrderSort (0ms)
		DisableScriptedObjects (5ms)
		BackupInstance (0ms)
		ReleaseScriptingObjects (0ms)
		CreateAndSetChildDomain (52ms)
	RebuildCommonClasses (23ms)
	RebuildNativeTypeToScriptingClass (9ms)
	initialDomainReloadingComplete (19ms)
	LoadAllAssembliesAndSetupDomain (184ms)
		LoadAssemblies (165ms)
		RebuildTransferFunctionScriptingTraits (0ms)
		AnalyzeDomain (74ms)
			TypeCache.Refresh (7ms)
				TypeCache.ScanAssembly (0ms)
			BuildScriptInfoCaches (62ms)
			ResolveRequiredComponents (2ms)
	FinalizeReload (372ms)
		ReleaseScriptCaches (0ms)
		RebuildScriptCaches (0ms)
		SetupLoadedEditorAssemblies (296ms)
			LogAssemblyErrors (0ms)
			InitializePlatformSupportModulesInManaged (2ms)
			SetLoadedEditorAssemblies (2ms)
			BeforeProcessingInitializeOnLoad (64ms)
			ProcessInitializeOnLoadAttributes (204ms)
			ProcessInitializeOnLoadMethodAttributes (22ms)
			AfterProcessingInitializeOnLoad (1ms)
			EditorAssembliesLoaded (0ms)
		ExecutionOrderSort2 (0ms)
		AwakeInstancesAfterBackupRestoration (2ms)
Refreshing native plugins compatible for Editor in 0.26 ms, found 1 plugins.
Preloading 0 native plugins for Editor in 0.00 ms.
Unloading 1 Unused Serialized files (Serialized files now loaded: 0)
Unloading 2276 unused Assets / (100.1 KB). Loaded Objects now: 2990.
Memory consumption went from 118.4 MB to 118.3 MB.
Total: 8.081584 ms (FindLiveObjects: 0.731542 ms CreateObjectMapping: 0.689291 ms MarkObjects: 5.849209 ms  DeleteObjects: 0.809458 ms)

Prepare: number of updated asset objects reloaded= 0
========================================================================
Received Prepare
Refreshing native plugins compatible for Editor in 0.24 ms, found 1 plugins.
Preloading 0 native plugins for Editor in 0.00 ms.
Unloading 1 Unused Serialized files (Serialized files now loaded: 0)
Unloading 2272 unused Assets / (265.3 KB). Loaded Objects now: 2990.
Memory consumption went from 109.5 MB to 109.3 MB.
Total: 30.017583 ms (FindLiveObjects: 0.350708 ms CreateObjectMapping: 0.065833 ms MarkObjects: 29.177917 ms  DeleteObjects: 0.422791 ms)

Prepare: number of updated asset objects reloaded= 0
========================================================================
Received Prepare
Begin MonoManager ReloadAssembly
[Licensing::Client] Successfully resolved entitlement details
[Licensing::Module] License group:
  Id: F4-QKKD-GK3D-QK4Z-FWRN-XXXX
  Product: Unity Personal
  Type: ULF
  Expiration: Unlimited
[Licensing::Module] License group:
  Id: 5773889045670-UnityPersXXXX
  Product: Unity Personal
  Type: Assigned
  Expiration: Unlimited
Thread 0x16d4e3000 may have been prematurely finalized
Symbol file LoadedFromMemory is not a mono symbol file
- Loaded All Assemblies, in  0.423 seconds
Refreshing native plugins compatible for Editor in 0.38 ms, found 1 plugins.
Native extension for WindowsStandalone target not found
Native extension for OSXStandalone target not found
Native extension for WebGL target not found
[Package Manager] Failed to launch server process. Reason: Unity was launched with the -noUpm command-line argument
[Package Manager] Unable to send message (not connected to server process).
[Package Manager] Cannot connect to Unity Package Manager local server
[Package Manager] Failed to launch server process. Reason: Unity was launched with the -noUpm command-line argument
[Package Manager] Unable to send message (not connected to server process).
[Package Manager] Cannot connect to Unity Package Manager local server
ScheduleIndexationOnStartup MainProcess:False IndexOnStartup:True
Mono: successfully reloaded assembly
- Finished resetting the current domain, in  0.395 seconds
Domain Reload Profiling: 822ms
	BeginReloadAssembly (145ms)
		ExecutionOrderSort (0ms)
		DisableScriptedObjects (8ms)
		BackupInstance (0ms)
		ReleaseScriptingObjects (0ms)
		CreateAndSetChildDomain (48ms)
	RebuildCommonClasses (26ms)
	RebuildNativeTypeToScriptingClass (10ms)
	initialDomainReloadingComplete (14ms)
	LoadAllAssembliesAndSetupDomain (231ms)
		LoadAssemblies (184ms)
		RebuildTransferFunctionScriptingTraits (0ms)
		AnalyzeDomain (93ms)
			TypeCache.Refresh (9ms)
				TypeCache.ScanAssembly (1ms)
			BuildScriptInfoCaches (76ms)
			ResolveRequiredComponents (4ms)
	FinalizeReload (396ms)
		ReleaseScriptCaches (0ms)
		RebuildScriptCaches (0ms)
		SetupLoadedEditorAssemblies (315ms)
			LogAssemblyErrors (0ms)
			InitializePlatformSupportModulesInManaged (3ms)
			SetLoadedEditorAssemblies (7ms)
			BeforeProcessingInitializeOnLoad (80ms)
			ProcessInitializeOnLoadAttributes (199ms)
			ProcessInitializeOnLoadMethodAttributes (25ms)
			AfterProcessingInitializeOnLoad (1ms)
			EditorAssembliesLoaded (0ms)
		ExecutionOrderSort2 (0ms)
		AwakeInstancesAfterBackupRestoration (2ms)
Refreshing native plugins compatible for Editor in 0.24 ms, found 1 plugins.
Preloading 0 native plugins for Editor in 0.00 ms.
Unloading 1 Unused Serialized files (Serialized files now loaded: 0)
Unloading 2276 unused Assets / (139.3 KB). Loaded Objects now: 2991.
Memory consumption went from 118.4 MB to 118.3 MB.
Total: 4.719292 ms (FindLiveObjects: 0.167250 ms CreateObjectMapping: 0.050084 ms MarkObjects: 4.183416 ms  DeleteObjects: 0.317875 ms)

Prepare: number of updated asset objects reloaded= 0
========================================================================
Received Prepare
Refreshing native plugins compatible for Editor in 0.19 ms, found 1 plugins.
Preloading 0 native plugins for Editor in 0.00 ms.
Unloading 1 Unused Serialized files (Serialized files now loaded: 0)
Unloading 2272 unused Assets / (407.2 KB). Loaded Objects now: 2991.
Memory consumption went from 109.5 MB to 109.1 MB.
Total: 32.258042 ms (FindLiveObjects: 0.252375 ms CreateObjectMapping: 0.056125 ms MarkObjects: 31.300166 ms  DeleteObjects: 0.649125 ms)

Prepare: number of updated asset objects reloaded= 0
========================================================================
Received Prepare
Begin MonoManager ReloadAssembly
[Licensing::Client] Successfully resolved entitlement details
[Licensing::Module] License group:
  Id: F4-QKKD-GK3D-QK4Z-FWRN-XXXX
  Product: Unity Personal
  Type: ULF
  Expiration: Unlimited
[Licensing::Module] License group:
  Id: 5773889045670-UnityPersXXXX
  Product: Unity Personal
  Type: Assigned
  Expiration: Unlimited
Thread 0x16d4e3000 may have been prematurely finalized
Symbol file LoadedFromMemory is not a mono symbol file
- Loaded All Assemblies, in  0.411 seconds
Refreshing native plugins compatible for Editor in 0.18 ms, found 1 plugins.
Native extension for WindowsStandalone target not found
Native extension for OSXStandalone target not found
Native extension for WebGL target not found
[Package Manager] Failed to launch server process. Reason: Unity was launched with the -noUpm command-line argument
[Package Manager] Unable to send message (not connected to server process).
[Package Manager] Cannot connect to Unity Package Manager local server
[Package Manager] Failed to launch server process. Reason: Unity was launched with the -noUpm command-line argument
[Package Manager] Unable to send message (not connected to server process).
[Package Manager] Cannot connect to Unity Package Manager local server
ScheduleIndexationOnStartup MainProcess:False IndexOnStartup:True
Mono: successfully reloaded assembly
- Finished resetting the current domain, in  0.398 seconds
Domain Reload Profiling: 810ms
	BeginReloadAssembly (140ms)
		ExecutionOrderSort (0ms)
		DisableScriptedObjects (8ms)
		BackupInstance (0ms)
		ReleaseScriptingObjects (0ms)
		CreateAndSetChildDomain (49ms)
	RebuildCommonClasses (29ms)
	RebuildNativeTypeToScriptingClass (9ms)
	initialDomainReloadingComplete (13ms)
	LoadAllAssembliesAndSetupDomain (221ms)
		LoadAssemblies (173ms)
		RebuildTransferFunctionScriptingTraits (0ms)
		AnalyzeDomain (94ms)
			TypeCache.Refresh (9ms)
				TypeCache.ScanAssembly (1ms)
			BuildScriptInfoCaches (79ms)
			ResolveRequiredComponents (3ms)
	FinalizeReload (398ms)
		ReleaseScriptCaches (0ms)
		RebuildScriptCaches (0ms)
		SetupLoadedEditorAssemblies (325ms)
			LogAssemblyErrors (0ms)
			InitializePlatformSupportModulesInManaged (3ms)
			SetLoadedEditorAssemblies (2ms)
			BeforeProcessingInitializeOnLoad (71ms)
			ProcessInitializeOnLoadAttributes (224ms)
			ProcessInitializeOnLoadMethodAttributes (24ms)
			AfterProcessingInitializeOnLoad (1ms)
			EditorAssembliesLoaded (0ms)
		ExecutionOrderSort2 (0ms)
		AwakeInstancesAfterBackupRestoration (2ms)
Refreshing native plugins compatible for Editor in 0.22 ms, found 1 plugins.
Preloading 0 native plugins for Editor in 0.00 ms.
Unloading 1 Unused Serialized files (Serialized files now loaded: 0)
Unloading 2276 unused Assets / (100.1 KB). Loaded Objects now: 2992.
Memory consumption went from 118.4 MB to 118.3 MB.
Total: 5.485625 ms (FindLiveObjects: 0.156625 ms CreateObjectMapping: 0.046458 ms MarkObjects: 4.798792 ms  DeleteObjects: 0.483375 ms)

Prepare: number of updated asset objects reloaded= 0
========================================================================
Received Prepare
Begin MonoManager ReloadAssembly
Thread 0x16d4e3000 may have been prematurely finalized
Symbol file LoadedFromMemory is not a mono symbol file
- Loaded All Assemblies, in  0.271 seconds
Refreshing native plugins compatible for Editor in 0.11 ms, found 1 plugins.
Native extension for WindowsStandalone target not found
Native extension for OSXStandalone target not found
Native extension for WebGL target not found
[Package Manager] Failed to launch server process. Reason: Unity was launched with the -noUpm command-line argument
[Package Manager] Unable to send message (not connected to server process).
[Package Manager] Cannot connect to Unity Package Manager local server
[Package Manager] Failed to launch server process. Reason: Unity was launched with the -noUpm command-line argument
[Package Manager] Unable to send message (not connected to server process).
[Package Manager] Cannot connect to Unity Package Manager local server
ScheduleIndexationOnStartup MainProcess:False IndexOnStartup:True
Mono: successfully reloaded assembly
- Finished resetting the current domain, in  0.390 seconds
Domain Reload Profiling: 664ms
	BeginReloadAssembly (88ms)
		ExecutionOrderSort (0ms)
		DisableScriptedObjects (3ms)
		BackupInstance (0ms)
		ReleaseScriptingObjects (0ms)
		CreateAndSetChildDomain (22ms)
	RebuildCommonClasses (23ms)
	RebuildNativeTypeToScriptingClass (9ms)
	initialDomainReloadingComplete (12ms)
	LoadAllAssembliesAndSetupDomain (141ms)
		LoadAssemblies (114ms)
		RebuildTransferFunctionScriptingTraits (0ms)
		AnalyzeDomain (59ms)
			TypeCache.Refresh (5ms)
				TypeCache.ScanAssembly (0ms)
			BuildScriptInfoCaches (50ms)
			ResolveRequiredComponents (2ms)
	FinalizeReload (390ms)
		ReleaseScriptCaches (0ms)
		RebuildScriptCaches (0ms)
		SetupLoadedEditorAssemblies (317ms)
			LogAssemblyErrors (0ms)
			InitializePlatformSupportModulesInManaged (2ms)
			SetLoadedEditorAssemblies (2ms)
			BeforeProcessingInitializeOnLoad (68ms)
			ProcessInitializeOnLoadAttributes (213ms)
			ProcessInitializeOnLoadMethodAttributes (31ms)
			AfterProcessingInitializeOnLoad (1ms)
			EditorAssembliesLoaded (0ms)
		ExecutionOrderSort2 (0ms)
		AwakeInstancesAfterBackupRestoration (2ms)
Refreshing native plugins compatible for Editor in 0.22 ms, found 1 plugins.
Preloading 0 native plugins for Editor in 0.00 ms.
Unloading 1 Unused Serialized files (Serialized files now loaded: 0)
Unloading 2276 unused Assets / (483.3 KB). Loaded Objects now: 2993.
Memory consumption went from 118.4 MB to 117.9 MB.
Total: 6.573459 ms (FindLiveObjects: 0.285875 ms CreateObjectMapping: 0.054958 ms MarkObjects: 5.319125 ms  DeleteObjects: 0.911750 ms)

Prepare: number of updated asset objects reloaded= 0
========================================================================
Received Prepare
Begin MonoManager ReloadAssembly
[Licensing::Client] Successfully resolved entitlement details
[Licensing::Module] License group:
  Id: F4-QKKD-GK3D-QK4Z-FWRN-XXXX
  Product: Unity Personal
  Type: ULF
  Expiration: Unlimited
[Licensing::Module] License group:
  Id: 5773889045670-UnityPersXXXX
  Product: Unity Personal
  Type: Assigned
  Expiration: Unlimited
Thread 0x16d4e3000 may have been prematurely finalized
Symbol file LoadedFromMemory is not a mono symbol file
- Loaded All Assemblies, in  0.489 seconds
Refreshing native plugins compatible for Editor in 0.12 ms, found 1 plugins.
Native extension for WindowsStandalone target not found
Native extension for OSXStandalone target not found
Native extension for WebGL target not found
[Package Manager] Failed to launch server process. Reason: Unity was launched with the -noUpm command-line argument
[Package Manager] Unable to send message (not connected to server process).
[Package Manager] Cannot connect to Unity Package Manager local server
[Package Manager] Failed to launch server process. Reason: Unity was launched with the -noUpm command-line argument
[Package Manager] Unable to send message (not connected to server process).
[Package Manager] Cannot connect to Unity Package Manager local server
ScheduleIndexationOnStartup MainProcess:False IndexOnStartup:True
Mono: successfully reloaded assembly
- Finished resetting the current domain, in  0.375 seconds
Domain Reload Profiling: 865ms
	BeginReloadAssembly (172ms)
		ExecutionOrderSort (0ms)
		DisableScriptedObjects (11ms)
		BackupInstance (0ms)
		ReleaseScriptingObjects (0ms)
		CreateAndSetChildDomain (56ms)
	RebuildCommonClasses (30ms)
	RebuildNativeTypeToScriptingClass (13ms)
	initialDomainReloadingComplete (21ms)
	LoadAllAssembliesAndSetupDomain (255ms)
		LoadAssemblies (209ms)
		RebuildTransferFunctionScriptingTraits (0ms)
		AnalyzeDomain (105ms)
			TypeCache.Refresh (11ms)
				TypeCache.ScanAssembly (1ms)
			BuildScriptInfoCaches (89ms)
			ResolveRequiredComponents (2ms)
	FinalizeReload (375ms)
		ReleaseScriptCaches (0ms)
		RebuildScriptCaches (0ms)
		SetupLoadedEditorAssemblies (298ms)
			LogAssemblyErrors (0ms)
			InitializePlatformSupportModulesInManaged (2ms)
			SetLoadedEditorAssemblies (4ms)
			BeforeProcessingInitializeOnLoad (74ms)
			ProcessInitializeOnLoadAttributes (194ms)
			ProcessInitializeOnLoadMethodAttributes (23ms)
			AfterProcessingInitializeOnLoad (1ms)
			EditorAssembliesLoaded (0ms)
		ExecutionOrderSort2 (0ms)
		AwakeInstancesAfterBackupRestoration (3ms)
Refreshing native plugins compatible for Editor in 0.31 ms, found 1 plugins.
Preloading 0 native plugins for Editor in 0.00 ms.
Unloading 1 Unused Serialized files (Serialized files now loaded: 0)
Unloading 2276 unused Assets / (100.0 KB). Loaded Objects now: 2994.
Memory consumption went from 118.4 MB to 118.3 MB.
Total: 7.942041 ms (FindLiveObjects: 0.126958 ms CreateObjectMapping: 0.041958 ms MarkObjects: 7.414167 ms  DeleteObjects: 0.358625 ms)

Prepare: number of updated asset objects reloaded= 0
========================================================================
Received Prepare
Begin MonoManager ReloadAssembly
Thread 0x16d4e3000 may have been prematurely finalized
Symbol file LoadedFromMemory is not a mono symbol file
- Loaded All Assemblies, in  0.286 seconds
Refreshing native plugins compatible for Editor in 0.10 ms, found 1 plugins.
Native extension for WindowsStandalone target not found
Native extension for OSXStandalone target not found
Native extension for WebGL target not found
[Package Manager] Failed to launch server process. Reason: Unity was launched with the -noUpm command-line argument
[Package Manager] Unable to send message (not connected to server process).
[Package Manager] Cannot connect to Unity Package Manager local server
[Package Manager] Failed to launch server process. Reason: Unity was launched with the -noUpm command-line argument
[Package Manager] Unable to send message (not connected to server process).
[Package Manager] Cannot connect to Unity Package Manager local server
ScheduleIndexationOnStartup MainProcess:False IndexOnStartup:True
Mono: successfully reloaded assembly
- Finished resetting the current domain, in  0.384 seconds
Domain Reload Profiling: 672ms
	BeginReloadAssembly (96ms)
		ExecutionOrderSort (0ms)
		DisableScriptedObjects (3ms)
		BackupInstance (0ms)
		ReleaseScriptingObjects (0ms)
		CreateAndSetChildDomain (25ms)
	RebuildCommonClasses (25ms)
	RebuildNativeTypeToScriptingClass (10ms)
	initialDomainReloadingComplete (12ms)
	LoadAllAssembliesAndSetupDomain (146ms)
		LoadAssemblies (123ms)
		RebuildTransferFunctionScriptingTraits (0ms)
		AnalyzeDomain (59ms)
			TypeCache.Refresh (8ms)
				TypeCache.ScanAssembly (0ms)
			BuildScriptInfoCaches (47ms)
			ResolveRequiredComponents (2ms)
	FinalizeReload (385ms)
		ReleaseScriptCaches (0ms)
		RebuildScriptCaches (0ms)
		SetupLoadedEditorAssemblies (309ms)
			LogAssemblyErrors (0ms)
			InitializePlatformSupportModulesInManaged (2ms)
			SetLoadedEditorAssemblies (2ms)
			BeforeProcessingInitializeOnLoad (71ms)
			ProcessInitializeOnLoadAttributes (205ms)
			ProcessInitializeOnLoadMethodAttributes (28ms)
			AfterProcessingInitializeOnLoad (1ms)
			EditorAssembliesLoaded (0ms)
		ExecutionOrderSort2 (0ms)
		AwakeInstancesAfterBackupRestoration (2ms)
Refreshing native plugins compatible for Editor in 0.18 ms, found 1 plugins.
Preloading 0 native plugins for Editor in 0.00 ms.
Unloading 1 Unused Serialized files (Serialized files now loaded: 0)
Unloading 2276 unused Assets / (100.0 KB). Loaded Objects now: 2995.
Memory consumption went from 118.4 MB to 118.3 MB.
Total: 8.670250 ms (FindLiveObjects: 0.435875 ms CreateObjectMapping: 0.292000 ms MarkObjects: 7.405833 ms  DeleteObjects: 0.535125 ms)

Prepare: number of updated asset objects reloaded= 0
========================================================================
Received Prepare
Refreshing native plugins compatible for Editor in 0.24 ms, found 1 plugins.
Preloading 0 native plugins for Editor in 0.00 ms.
Unloading 1 Unused Serialized files (Serialized files now loaded: 0)
Unloading 1 unused Assets / (35.0 KB). Loaded Objects now: 2995.
Memory consumption went from 107.6 MB to 107.6 MB.
Total: 40.070708 ms (FindLiveObjects: 0.239000 ms CreateObjectMapping: 0.031083 ms MarkObjects: 39.625500 ms  DeleteObjects: 0.174791 ms)

Prepare: number of updated asset objects reloaded= 17
========================================================================
Received Prepare
Refreshing native plugins compatible for Editor in 0.13 ms, found 1 plugins.
Preloading 0 native plugins for Editor in 0.00 ms.
Unloading 1 Unused Serialized files (Serialized files now loaded: 0)
Unloading 1 unused Assets / (35.3 KB). Loaded Objects now: 2995.
Memory consumption went from 107.7 MB to 107.6 MB.
Total: 4.180666 ms (FindLiveObjects: 0.136708 ms CreateObjectMapping: 0.027125 ms MarkObjects: 3.907542 ms  DeleteObjects: 0.108916 ms)

Prepare: number of updated asset objects reloaded= 0
========================================================================
Received Prepare
Begin MonoManager ReloadAssembly
Thread 0x16d4e3000 may have been prematurely finalized
Symbol file LoadedFromMemory is not a mono symbol file
- Loaded All Assemblies, in  0.453 seconds
Refreshing native plugins compatible for Editor in 0.15 ms, found 1 plugins.
Native extension for WindowsStandalone target not found
Native extension for OSXStandalone target not found
Native extension for WebGL target not found
[Package Manager] Failed to launch server process. Reason: Unity was launched with the -noUpm command-line argument
[Package Manager] Unable to send message (not connected to server process).
[Package Manager] Cannot connect to Unity Package Manager local server
[Package Manager] Failed to launch server process. Reason: Unity was launched with the -noUpm command-line argument
[Package Manager] Unable to send message (not connected to server process).
[Package Manager] Cannot connect to Unity Package Manager local server
ScheduleIndexationOnStartup MainProcess:False IndexOnStartup:True
Mono: successfully reloaded assembly
- Finished resetting the current domain, in  0.471 seconds
Domain Reload Profiling: 926ms
	BeginReloadAssembly (181ms)
		ExecutionOrderSort (0ms)
		DisableScriptedObjects (9ms)
		BackupInstance (0ms)
		ReleaseScriptingObjects (0ms)
		CreateAndSetChildDomain (70ms)
	RebuildCommonClasses (25ms)
	RebuildNativeTypeToScriptingClass (9ms)
	initialDomainReloadingComplete (16ms)
	LoadAllAssembliesAndSetupDomain (224ms)
		LoadAssemblies (168ms)
		RebuildTransferFunctionScriptingTraits (0ms)
		AnalyzeDomain (113ms)
			TypeCache.Refresh (61ms)
				TypeCache.ScanAssembly (45ms)
			BuildScriptInfoCaches (47ms)
			ResolveRequiredComponents (2ms)
	FinalizeReload (472ms)
		ReleaseScriptCaches (0ms)
		RebuildScriptCaches (0ms)
		SetupLoadedEditorAssemblies (364ms)
			LogAssemblyErrors (0ms)
			InitializePlatformSupportModulesInManaged (3ms)
			SetLoadedEditorAssemblies (3ms)
			BeforeProcessingInitializeOnLoad (76ms)
			ProcessInitializeOnLoadAttributes (230ms)
			ProcessInitializeOnLoadMethodAttributes (51ms)
			AfterProcessingInitializeOnLoad (1ms)
			EditorAssembliesLoaded (0ms)
		ExecutionOrderSort2 (0ms)
		AwakeInstancesAfterBackupRestoration (4ms)
Refreshing native plugins compatible for Editor in 0.21 ms, found 1 plugins.
Preloading 0 native plugins for Editor in 0.00 ms.
Unloading 1 Unused Serialized files (Serialized files now loaded: 0)
Unloading 2276 unused Assets / (149.4 KB). Loaded Objects now: 2996.
Memory consumption went from 118.1 MB to 118.0 MB.
Total: 6.323917 ms (FindLiveObjects: 0.142750 ms CreateObjectMapping: 0.043042 ms MarkObjects: 5.389875 ms  DeleteObjects: 0.747625 ms)

Prepare: number of updated asset objects reloaded= 0
========================================================================
Received Prepare
Begin MonoManager ReloadAssembly
[Licensing::Client] Successfully resolved entitlement details
[Licensing::Module] License group:
  Id: F4-QKKD-GK3D-QK4Z-FWRN-XXXX
  Product: Unity Personal
  Type: ULF
  Expiration: Unlimited
[Licensing::Module] License group:
  Id: 5773889045670-UnityPersXXXX
  Product: Unity Personal
  Type: Assigned
  Expiration: Unlimited
Thread 0x16d4e3000 may have been prematurely finalized
Symbol file LoadedFromMemory is not a mono symbol file
- Loaded All Assemblies, in  0.293 seconds
Refreshing native plugins compatible for Editor in 0.15 ms, found 1 plugins.
Native extension for WindowsStandalone target not found
Native extension for OSXStandalone target not found
Native extension for WebGL target not found
[Package Manager] Failed to launch server process. Reason: Unity was launched with the -noUpm command-line argument
[Package Manager] Unable to send message (not connected to server process).
[Package Manager] Cannot connect to Unity Package Manager local server
[Package Manager] Failed to launch server process. Reason: Unity was launched with the -noUpm command-line argument
[Package Manager] Unable to send message (not connected to server process).
[Package Manager] Cannot connect to Unity Package Manager local server
ScheduleIndexationOnStartup MainProcess:False IndexOnStartup:True
Mono: successfully reloaded assembly
- Finished resetting the current domain, in  0.404 seconds
Domain Reload Profiling: 699ms
	BeginReloadAssembly (106ms)
		ExecutionOrderSort (0ms)
		DisableScriptedObjects (3ms)
		BackupInstance (0ms)
		ReleaseScriptingObjects (0ms)
		CreateAndSetChildDomain (35ms)
	RebuildCommonClasses (23ms)
	RebuildNativeTypeToScriptingClass (8ms)
	initialDomainReloadingComplete (10ms)
	LoadAllAssembliesAndSetupDomain (147ms)
		LoadAssemblies (108ms)
		RebuildTransferFunctionScriptingTraits (0ms)
		AnalyzeDomain (70ms)
			TypeCache.Refresh (7ms)
				TypeCache.ScanAssembly (0ms)
			BuildScriptInfoCaches (58ms)
			ResolveRequiredComponents (2ms)
	FinalizeReload (405ms)
		ReleaseScriptCaches (0ms)
		RebuildScriptCaches (0ms)
		SetupLoadedEditorAssemblies (325ms)
			LogAssemblyErrors (0ms)
			InitializePlatformSupportModulesInManaged (2ms)
			SetLoadedEditorAssemblies (2ms)
			BeforeProcessingInitializeOnLoad (85ms)
			ProcessInitializeOnLoadAttributes (210ms)
			ProcessInitializeOnLoadMethodAttributes (24ms)
			AfterProcessingInitializeOnLoad (1ms)
			EditorAssembliesLoaded (0ms)
		ExecutionOrderSort2 (0ms)
		AwakeInstancesAfterBackupRestoration (2ms)
Refreshing native plugins compatible for Editor in 0.18 ms, found 1 plugins.
Preloading 0 native plugins for Editor in 0.00 ms.
Unloading 1 Unused Serialized files (Serialized files now loaded: 0)
Unloading 2276 unused Assets / (288.0 KB). Loaded Objects now: 2997.
Memory consumption went from 118.1 MB to 117.8 MB.
Total: 4.786792 ms (FindLiveObjects: 0.132958 ms CreateObjectMapping: 0.045292 ms MarkObjects: 4.265416 ms  DeleteObjects: 0.342875 ms)

Prepare: number of updated asset objects reloaded= 0
========================================================================
Received Prepare
Begin MonoManager ReloadAssembly
[Licensing::Client] Successfully resolved entitlement details
[Licensing::Module] License group:
  Id: F4-QKKD-GK3D-QK4Z-FWRN-XXXX
  Product: Unity Personal
  Type: ULF
  Expiration: Unlimited
[Licensing::Module] License group:
  Id: 5773889045670-UnityPersXXXX
  Product: Unity Personal
  Type: Assigned
  Expiration: Unlimited
Thread 0x16d4e3000 may have been prematurely finalized
Symbol file LoadedFromMemory is not a mono symbol file
- Loaded All Assemblies, in  0.491 seconds
Refreshing native plugins compatible for Editor in 0.17 ms, found 1 plugins.
Native extension for WindowsStandalone target not found
Native extension for OSXStandalone target not found
Native extension for WebGL target not found
[Package Manager] Failed to launch server process. Reason: Unity was launched with the -noUpm command-line argument
[Package Manager] Unable to send message (not connected to server process).
[Package Manager] Cannot connect to Unity Package Manager local server
[Package Manager] Failed to launch server process. Reason: Unity was launched with the -noUpm command-line argument
[Package Manager] Unable to send message (not connected to server process).
[Package Manager] Cannot connect to Unity Package Manager local server
ScheduleIndexationOnStartup MainProcess:False IndexOnStartup:True
Mono: successfully reloaded assembly
- Finished resetting the current domain, in  0.431 seconds
Domain Reload Profiling: 923ms
	BeginReloadAssembly (205ms)
		ExecutionOrderSort (0ms)
		DisableScriptedObjects (6ms)
		BackupInstance (0ms)
		ReleaseScriptingObjects (0ms)
		CreateAndSetChildDomain (71ms)
	RebuildCommonClasses (27ms)
	RebuildNativeTypeToScriptingClass (10ms)
	initialDomainReloadingComplete (31ms)
	LoadAllAssembliesAndSetupDomain (219ms)
		LoadAssemblies (183ms)
		RebuildTransferFunctionScriptingTraits (0ms)
		AnalyzeDomain (104ms)
			TypeCache.Refresh (14ms)
				TypeCache.ScanAssembly (0ms)
			BuildScriptInfoCaches (84ms)
			ResolveRequiredComponents (2ms)
	FinalizeReload (431ms)
		ReleaseScriptCaches (0ms)
		RebuildScriptCaches (0ms)
		SetupLoadedEditorAssemblies (358ms)
			LogAssemblyErrors (0ms)
			InitializePlatformSupportModulesInManaged (2ms)
			SetLoadedEditorAssemblies (2ms)
			BeforeProcessingInitializeOnLoad (75ms)
			ProcessInitializeOnLoadAttributes (250ms)
			ProcessInitializeOnLoadMethodAttributes (26ms)
			AfterProcessingInitializeOnLoad (1ms)
			EditorAssembliesLoaded (1ms)
		ExecutionOrderSort2 (0ms)
		AwakeInstancesAfterBackupRestoration (3ms)
Refreshing native plugins compatible for Editor in 0.26 ms, found 1 plugins.
Preloading 0 native plugins for Editor in 0.00 ms.
Unloading 1 Unused Serialized files (Serialized files now loaded: 0)
Unloading 2276 unused Assets / (421.1 KB). Loaded Objects now: 2998.
Memory consumption went from 118.1 MB to 117.7 MB.
Total: 5.770167 ms (FindLiveObjects: 0.159375 ms CreateObjectMapping: 0.076333 ms MarkObjects: 5.079417 ms  DeleteObjects: 0.454833 ms)

Prepare: number of updated asset objects reloaded= 0
========================================================================
Received Prepare
Refreshing native plugins compatible for Editor in 0.18 ms, found 1 plugins.
Preloading 0 native plugins for Editor in 0.00 ms.
Unloading 1 Unused Serialized files (Serialized files now loaded: 0)
Unloading 2272 unused Assets / (329.2 KB). Loaded Objects now: 2998.
Memory consumption went from 108.9 MB to 108.6 MB.
Total: 19.226958 ms (FindLiveObjects: 0.286083 ms CreateObjectMapping: 0.054708 ms MarkObjects: 18.452167 ms  DeleteObjects: 0.433625 ms)

Prepare: number of updated asset objects reloaded= 0
========================================================================
Received Prepare
Begin MonoManager ReloadAssembly
[Licensing::Client] Successfully resolved entitlement details
[Licensing::Module] License group:
  Id: F4-QKKD-GK3D-QK4Z-FWRN-XXXX
  Product: Unity Personal
  Type: ULF
  Expiration: Unlimited
[Licensing::Module] License group:
  Id: 5773889045670-UnityPersXXXX
  Product: Unity Personal
  Type: Assigned
  Expiration: Unlimited
Thread 0x16d4e3000 may have been prematurely finalized
Symbol file LoadedFromMemory is not a mono symbol file
- Loaded All Assemblies, in  0.456 seconds
Refreshing native plugins compatible for Editor in 0.26 ms, found 1 plugins.
Native extension for WindowsStandalone target not found
Native extension for OSXStandalone target not found
Native extension for WebGL target not found
[Package Manager] Failed to launch server process. Reason: Unity was launched with the -noUpm command-line argument
[Package Manager] Unable to send message (not connected to server process).
[Package Manager] Cannot connect to Unity Package Manager local server
[Package Manager] Failed to launch server process. Reason: Unity was launched with the -noUpm command-line argument
[Package Manager] Unable to send message (not connected to server process).
[Package Manager] Cannot connect to Unity Package Manager local server
ScheduleIndexationOnStartup MainProcess:False IndexOnStartup:True
Mono: successfully reloaded assembly
- Finished resetting the current domain, in  0.400 seconds
Domain Reload Profiling: 857ms
	BeginReloadAssembly (178ms)
		ExecutionOrderSort (0ms)
		DisableScriptedObjects (4ms)
		BackupInstance (0ms)
		ReleaseScriptingObjects (0ms)
		CreateAndSetChildDomain (54ms)
	RebuildCommonClasses (31ms)
	RebuildNativeTypeToScriptingClass (8ms)
	initialDomainReloadingComplete (19ms)
	LoadAllAssembliesAndSetupDomain (221ms)
		LoadAssemblies (189ms)
		RebuildTransferFunctionScriptingTraits (0ms)
		AnalyzeDomain (94ms)
			TypeCache.Refresh (14ms)
				TypeCache.ScanAssembly (1ms)
			BuildScriptInfoCaches (73ms)
			ResolveRequiredComponents (3ms)
	FinalizeReload (400ms)
		ReleaseScriptCaches (0ms)
		RebuildScriptCaches (0ms)
		SetupLoadedEditorAssemblies (322ms)
			LogAssemblyErrors (0ms)
			InitializePlatformSupportModulesInManaged (3ms)
			SetLoadedEditorAssemblies (2ms)
			BeforeProcessingInitializeOnLoad (72ms)
			ProcessInitializeOnLoadAttributes (218ms)
			ProcessInitializeOnLoadMethodAttributes (26ms)
			AfterProcessingInitializeOnLoad (1ms)
			EditorAssembliesLoaded (0ms)
		ExecutionOrderSort2 (0ms)
		AwakeInstancesAfterBackupRestoration (3ms)
Refreshing native plugins compatible for Editor in 0.17 ms, found 1 plugins.
Preloading 0 native plugins for Editor in 0.00 ms.
Unloading 1 Unused Serialized files (Serialized files now loaded: 0)
Unloading 2276 unused Assets / (0.5 MB). Loaded Objects now: 2999.
Memory consumption went from 118.1 MB to 117.5 MB.
Total: 5.277583 ms (FindLiveObjects: 0.179458 ms CreateObjectMapping: 0.044541 ms MarkObjects: 4.297875 ms  DeleteObjects: 0.755542 ms)

Prepare: number of updated asset objects reloaded= 0
========================================================================
Received Prepare
Begin MonoManager ReloadAssembly
Thread 0x16d4e3000 may have been prematurely finalized
Symbol file LoadedFromMemory is not a mono symbol file
- Loaded All Assemblies, in  0.274 seconds
Refreshing native plugins compatible for Editor in 0.14 ms, found 1 plugins.
Native extension for WindowsStandalone target not found
Native extension for OSXStandalone target not found
Native extension for WebGL target not found
[Package Manager] Failed to launch server process. Reason: Unity was launched with the -noUpm command-line argument
[Package Manager] Unable to send message (not connected to server process).
[Package Manager] Cannot connect to Unity Package Manager local server
[Package Manager] Failed to launch server process. Reason: Unity was launched with the -noUpm command-line argument
[Package Manager] Unable to send message (not connected to server process).
[Package Manager] Cannot connect to Unity Package Manager local server
ScheduleIndexationOnStartup MainProcess:False IndexOnStartup:True
Mono: successfully reloaded assembly
- Finished resetting the current domain, in  0.375 seconds
Domain Reload Profiling: 651ms
	BeginReloadAssembly (95ms)
		ExecutionOrderSort (0ms)
		DisableScriptedObjects (3ms)
		BackupInstance (0ms)
		ReleaseScriptingObjects (0ms)
		CreateAndSetChildDomain (30ms)
	RebuildCommonClasses (25ms)
	RebuildNativeTypeToScriptingClass (9ms)
	initialDomainReloadingComplete (11ms)
	LoadAllAssembliesAndSetupDomain (135ms)
		LoadAssemblies (102ms)
		RebuildTransferFunctionScriptingTraits (0ms)
		AnalyzeDomain (63ms)
			TypeCache.Refresh (6ms)
				TypeCache.ScanAssembly (0ms)
			BuildScriptInfoCaches (54ms)
			ResolveRequiredComponents (2ms)
	FinalizeReload (375ms)
		ReleaseScriptCaches (0ms)
		RebuildScriptCaches (0ms)
		SetupLoadedEditorAssemblies (290ms)
			LogAssemblyErrors (0ms)
			InitializePlatformSupportModulesInManaged (2ms)
			SetLoadedEditorAssemblies (2ms)
			BeforeProcessingInitializeOnLoad (65ms)
			ProcessInitializeOnLoadAttributes (194ms)
			ProcessInitializeOnLoadMethodAttributes (26ms)
			AfterProcessingInitializeOnLoad (1ms)
			EditorAssembliesLoaded (0ms)
		ExecutionOrderSort2 (0ms)
		AwakeInstancesAfterBackupRestoration (3ms)
Refreshing native plugins compatible for Editor in 0.36 ms, found 1 plugins.
Preloading 0 native plugins for Editor in 0.00 ms.
Unloading 1 Unused Serialized files (Serialized files now loaded: 0)
Unloading 2276 unused Assets / (120.5 KB). Loaded Objects now: 3000.
Memory consumption went from 118.1 MB to 118.0 MB.
Total: 4.522208 ms (FindLiveObjects: 0.168250 ms CreateObjectMapping: 0.047375 ms MarkObjects: 3.889250 ms  DeleteObjects: 0.416708 ms)

Prepare: number of updated asset objects reloaded= 0
========================================================================
Received Prepare
Refreshing native plugins compatible for Editor in 0.20 ms, found 1 plugins.
Preloading 0 native plugins for Editor in 0.00 ms.
Unloading 1 Unused Serialized files (Serialized files now loaded: 0)
Unloading 2272 unused Assets / (350.4 KB). Loaded Objects now: 3000.
Memory consumption went from 108.9 MB to 108.6 MB.
Total: 24.674500 ms (FindLiveObjects: 0.187000 ms CreateObjectMapping: 0.044167 ms MarkObjects: 23.915917 ms  DeleteObjects: 0.527083 ms)

Prepare: number of updated asset objects reloaded= 0
========================================================================
Received Prepare
Begin MonoManager ReloadAssembly
[Licensing::Client] Successfully resolved entitlement details
[Licensing::Module] License group:
  Id: F4-QKKD-GK3D-QK4Z-FWRN-XXXX
  Product: Unity Personal
  Type: ULF
  Expiration: Unlimited
[Licensing::Module] License group:
  Id: 5773889045670-UnityPersXXXX
  Product: Unity Personal
  Type: Assigned
  Expiration: Unlimited
Thread 0x16d4e3000 may have been prematurely finalized
Symbol file LoadedFromMemory is not a mono symbol file
- Loaded All Assemblies, in  0.396 seconds
Refreshing native plugins compatible for Editor in 0.11 ms, found 1 plugins.
Native extension for WindowsStandalone target not found
Native extension for OSXStandalone target not found
Native extension for WebGL target not found
[Package Manager] Failed to launch server process. Reason: Unity was launched with the -noUpm command-line argument
[Package Manager] Unable to send message (not connected to server process).
[Package Manager] Cannot connect to Unity Package Manager local server
[Package Manager] Failed to launch server process. Reason: Unity was launched with the -noUpm command-line argument
[Package Manager] Unable to send message (not connected to server process).
[Package Manager] Cannot connect to Unity Package Manager local server
ScheduleIndexationOnStartup MainProcess:False IndexOnStartup:True
Mono: successfully reloaded assembly
- Finished resetting the current domain, in  0.368 seconds
Domain Reload Profiling: 767ms
	BeginReloadAssembly (153ms)
		ExecutionOrderSort (0ms)
		DisableScriptedObjects (4ms)
		BackupInstance (0ms)
		ReleaseScriptingObjects (0ms)
		CreateAndSetChildDomain (52ms)
	RebuildCommonClasses (23ms)
	RebuildNativeTypeToScriptingClass (8ms)
	initialDomainReloadingComplete (19ms)
	LoadAllAssembliesAndSetupDomain (196ms)
		LoadAssemblies (173ms)
		RebuildTransferFunctionScriptingTraits (0ms)
		AnalyzeDomain (64ms)
			TypeCache.Refresh (10ms)
				TypeCache.ScanAssembly (1ms)
			BuildScriptInfoCaches (47ms)
			ResolveRequiredComponents (3ms)
	FinalizeReload (368ms)
		ReleaseScriptCaches (0ms)
		RebuildScriptCaches (0ms)
		SetupLoadedEditorAssemblies (297ms)
			LogAssemblyErrors (0ms)
			InitializePlatformSupportModulesInManaged (2ms)
			SetLoadedEditorAssemblies (2ms)
			BeforeProcessingInitializeOnLoad (68ms)
			ProcessInitializeOnLoadAttributes (199ms)
			ProcessInitializeOnLoadMethodAttributes (25ms)
			AfterProcessingInitializeOnLoad (1ms)
			EditorAssembliesLoaded (0ms)
		ExecutionOrderSort2 (0ms)
		AwakeInstancesAfterBackupRestoration (2ms)
Refreshing native plugins compatible for Editor in 0.22 ms, found 1 plugins.
Preloading 0 native plugins for Editor in 0.00 ms.
Unloading 1 Unused Serialized files (Serialized files now loaded: 0)
Unloading 2276 unused Assets / (281.3 KB). Loaded Objects now: 3001.
Memory consumption went from 118.1 MB to 117.8 MB.
Total: 4.829875 ms (FindLiveObjects: 0.140500 ms CreateObjectMapping: 0.053750 ms MarkObjects: 4.211834 ms  DeleteObjects: 0.422750 ms)

Prepare: number of updated asset objects reloaded= 0
========================================================================
Received Prepare
Begin MonoManager ReloadAssembly
[Licensing::Client] Successfully resolved entitlement details
[Licensing::Module] License group:
  Id: F4-QKKD-GK3D-QK4Z-FWRN-XXXX
  Product: Unity Personal
  Type: ULF
  Expiration: Unlimited
[Licensing::Module] License group:
  Id: 5773889045670-UnityPersXXXX
  Product: Unity Personal
  Type: Assigned
  Expiration: Unlimited
Thread 0x16d4e3000 may have been prematurely finalized
Symbol file LoadedFromMemory is not a mono symbol file
- Loaded All Assemblies, in  0.497 seconds
Refreshing native plugins compatible for Editor in 0.13 ms, found 1 plugins.
Native extension for WindowsStandalone target not found
Native extension for OSXStandalone target not found
Native extension for WebGL target not found
[Package Manager] Failed to launch server process. Reason: Unity was launched with the -noUpm command-line argument
[Package Manager] Unable to send message (not connected to server process).
[Package Manager] Cannot connect to Unity Package Manager local server
[Package Manager] Failed to launch server process. Reason: Unity was launched with the -noUpm command-line argument
[Package Manager] Unable to send message (not connected to server process).
[Package Manager] Cannot connect to Unity Package Manager local server
ScheduleIndexationOnStartup MainProcess:False IndexOnStartup:True
Mono: successfully reloaded assembly
- Finished resetting the current domain, in  0.367 seconds
Domain Reload Profiling: 866ms
	BeginReloadAssembly (192ms)
		ExecutionOrderSort (0ms)
		DisableScriptedObjects (12ms)
		BackupInstance (0ms)
		ReleaseScriptingObjects (0ms)
		CreateAndSetChildDomain (52ms)
	RebuildCommonClasses (29ms)
	RebuildNativeTypeToScriptingClass (13ms)
	initialDomainReloadingComplete (17ms)
	LoadAllAssembliesAndSetupDomain (248ms)
		LoadAssemblies (254ms)
		RebuildTransferFunctionScriptingTraits (0ms)
		AnalyzeDomain (70ms)
			TypeCache.Refresh (8ms)
				TypeCache.ScanAssembly (0ms)
			BuildScriptInfoCaches (57ms)
			ResolveRequiredComponents (2ms)
	FinalizeReload (367ms)
		ReleaseScriptCaches (0ms)
		RebuildScriptCaches (0ms)
		SetupLoadedEditorAssemblies (293ms)
			LogAssemblyErrors (0ms)
			InitializePlatformSupportModulesInManaged (3ms)
			SetLoadedEditorAssemblies (2ms)
			BeforeProcessingInitializeOnLoad (67ms)
			ProcessInitializeOnLoadAttributes (200ms)
			ProcessInitializeOnLoadMethodAttributes (22ms)
			AfterProcessingInitializeOnLoad (1ms)
			EditorAssembliesLoaded (0ms)
		ExecutionOrderSort2 (0ms)
		AwakeInstancesAfterBackupRestoration (2ms)
Refreshing native plugins compatible for Editor in 0.27 ms, found 1 plugins.
Preloading 0 native plugins for Editor in 0.00 ms.
Unloading 1 Unused Serialized files (Serialized files now loaded: 0)
Unloading 2276 unused Assets / (397.2 KB). Loaded Objects now: 3002.
Memory consumption went from 118.1 MB to 117.7 MB.
Total: 7.983834 ms (FindLiveObjects: 0.163875 ms CreateObjectMapping: 0.055625 ms MarkObjects: 6.976125 ms  DeleteObjects: 0.787583 ms)

Prepare: number of updated asset objects reloaded= 0
========================================================================
Received Prepare
Refreshing native plugins compatible for Editor in 0.65 ms, found 1 plugins.
Preloading 0 native plugins for Editor in 0.00 ms.
Unloading 1 Unused Serialized files (Serialized files now loaded: 0)
Unloading 2272 unused Assets / (100.3 KB). Loaded Objects now: 3002.
Memory consumption went from 108.9 MB to 108.8 MB.
Total: 31.234041 ms (FindLiveObjects: 0.664833 ms CreateObjectMapping: 0.439333 ms MarkObjects: 29.653292 ms  DeleteObjects: 0.475500 ms)

Prepare: number of updated asset objects reloaded= 0
========================================================================
Received Prepare
Begin MonoManager ReloadAssembly
[Licensing::Client] Successfully resolved entitlement details
[Licensing::Module] License group:
  Id: F4-QKKD-GK3D-QK4Z-FWRN-XXXX
  Product: Unity Personal
  Type: ULF
  Expiration: Unlimited
[Licensing::Module] License group:
  Id: 5773889045670-UnityPersXXXX
  Product: Unity Personal
  Type: Assigned
  Expiration: Unlimited
Thread 0x16d4e3000 may have been prematurely finalized
Symbol file LoadedFromMemory is not a mono symbol file
- Loaded All Assemblies, in  0.390 seconds
Refreshing native plugins compatible for Editor in 0.11 ms, found 1 plugins.
Native extension for WindowsStandalone target not found
Native extension for OSXStandalone target not found
Native extension for WebGL target not found
[Package Manager] Failed to launch server process. Reason: Unity was launched with the -noUpm command-line argument
[Package Manager] Unable to send message (not connected to server process).
[Package Manager] Cannot connect to Unity Package Manager local server
[Package Manager] Failed to launch server process. Reason: Unity was launched with the -noUpm command-line argument
[Package Manager] Unable to send message (not connected to server process).
[Package Manager] Cannot connect to Unity Package Manager local server
ScheduleIndexationOnStartup MainProcess:False IndexOnStartup:True
Mono: successfully reloaded assembly
- Finished resetting the current domain, in  0.385 seconds
Domain Reload Profiling: 777ms
	BeginReloadAssembly (140ms)
		ExecutionOrderSort (0ms)
		DisableScriptedObjects (8ms)
		BackupInstance (0ms)
		ReleaseScriptingObjects (0ms)
		CreateAndSetChildDomain (49ms)
	RebuildCommonClasses (25ms)
	RebuildNativeTypeToScriptingClass (8ms)
	initialDomainReloadingComplete (15ms)
	LoadAllAssembliesAndSetupDomain (203ms)
		LoadAssemblies (182ms)
		RebuildTransferFunctionScriptingTraits (0ms)
		AnalyzeDomain (67ms)
			TypeCache.Refresh (10ms)
				TypeCache.ScanAssembly (1ms)
			BuildScriptInfoCaches (53ms)
			ResolveRequiredComponents (2ms)
	FinalizeReload (385ms)
		ReleaseScriptCaches (0ms)
		RebuildScriptCaches (0ms)
		SetupLoadedEditorAssemblies (312ms)
			LogAssemblyErrors (0ms)
			InitializePlatformSupportModulesInManaged (3ms)
			SetLoadedEditorAssemblies (2ms)
			BeforeProcessingInitializeOnLoad (67ms)
			ProcessInitializeOnLoadAttributes (212ms)
			ProcessInitializeOnLoadMethodAttributes (27ms)
			AfterProcessingInitializeOnLoad (1ms)
			EditorAssembliesLoaded (0ms)
		ExecutionOrderSort2 (0ms)
		AwakeInstancesAfterBackupRestoration (3ms)
Refreshing native plugins compatible for Editor in 0.19 ms, found 1 plugins.
Preloading 0 native plugins for Editor in 0.00 ms.
Unloading 1 Unused Serialized files (Serialized files now loaded: 0)
Unloading 2276 unused Assets / (428.3 KB). Loaded Objects now: 3003.
Memory consumption went from 118.1 MB to 117.7 MB.
Total: 4.594083 ms (FindLiveObjects: 0.155167 ms CreateObjectMapping: 0.045209 ms MarkObjects: 3.890666 ms  DeleteObjects: 0.502666 ms)

Prepare: number of updated asset objects reloaded= 0
========================================================================
Received Prepare
Begin MonoManager ReloadAssembly
Thread 0x16d4e3000 may have been prematurely finalized
Symbol file LoadedFromMemory is not a mono symbol file
- Loaded All Assemblies, in  0.432 seconds
Refreshing native plugins compatible for Editor in 0.13 ms, found 1 plugins.
Native extension for WindowsStandalone target not found
Native extension for OSXStandalone target not found
Native extension for WebGL target not found
[Package Manager] Failed to launch server process. Reason: Unity was launched with the -noUpm command-line argument
[Package Manager] Unable to send message (not connected to server process).
[Package Manager] Cannot connect to Unity Package Manager local server
[Package Manager] Failed to launch server process. Reason: Unity was launched with the -noUpm command-line argument
[Package Manager] Unable to send message (not connected to server process).
[Package Manager] Cannot connect to Unity Package Manager local server
ScheduleIndexationOnStartup MainProcess:False IndexOnStartup:True
Mono: successfully reloaded assembly
- Finished resetting the current domain, in  0.372 seconds
Domain Reload Profiling: 805ms
	BeginReloadAssembly (163ms)
		ExecutionOrderSort (0ms)
		DisableScriptedObjects (12ms)
		BackupInstance (0ms)
		ReleaseScriptingObjects (0ms)
		CreateAndSetChildDomain (55ms)
	RebuildCommonClasses (22ms)
	RebuildNativeTypeToScriptingClass (7ms)
	initialDomainReloadingComplete (17ms)
	LoadAllAssembliesAndSetupDomain (223ms)
		LoadAssemblies (184ms)
		RebuildTransferFunctionScriptingTraits (0ms)
		AnalyzeDomain (89ms)
			TypeCache.Refresh (10ms)
				TypeCache.ScanAssembly (0ms)
			BuildScriptInfoCaches (76ms)
			ResolveRequiredComponents (2ms)
	FinalizeReload (372ms)
		ReleaseScriptCaches (0ms)
		RebuildScriptCaches (0ms)
		SetupLoadedEditorAssemblies (299ms)
			LogAssemblyErrors (0ms)
			InitializePlatformSupportModulesInManaged (2ms)
			SetLoadedEditorAssemblies (3ms)
			BeforeProcessingInitializeOnLoad (66ms)
			ProcessInitializeOnLoadAttributes (203ms)
			ProcessInitializeOnLoadMethodAttributes (24ms)
			AfterProcessingInitializeOnLoad (1ms)
			EditorAssembliesLoaded (0ms)
		ExecutionOrderSort2 (0ms)
		AwakeInstancesAfterBackupRestoration (2ms)
Refreshing native plugins compatible for Editor in 0.19 ms, found 1 plugins.
Preloading 0 native plugins for Editor in 0.00 ms.
Unloading 1 Unused Serialized files (Serialized files now loaded: 0)
Unloading 2276 unused Assets / (454.9 KB). Loaded Objects now: 3004.
Memory consumption went from 118.1 MB to 117.7 MB.
Total: 5.385125 ms (FindLiveObjects: 0.197750 ms CreateObjectMapping: 0.057500 ms MarkObjects: 4.719458 ms  DeleteObjects: 0.410000 ms)

Prepare: number of updated asset objects reloaded= 0
========================================================================
Received Prepare
Refreshing native plugins compatible for Editor in 0.22 ms, found 1 plugins.
Preloading 0 native plugins for Editor in 0.00 ms.
Unloading 1 Unused Serialized files (Serialized files now loaded: 0)
Unloading 2272 unused Assets / (347.6 KB). Loaded Objects now: 3004.
Memory consumption went from 108.9 MB to 108.6 MB.
Total: 28.597250 ms (FindLiveObjects: 0.194167 ms CreateObjectMapping: 0.043041 ms MarkObjects: 27.948417 ms  DeleteObjects: 0.411209 ms)

Prepare: number of updated asset objects reloaded= 0
========================================================================
Received Prepare
Begin MonoManager ReloadAssembly
[Licensing::Client] Successfully resolved entitlement details
[Licensing::Module] License group:
  Id: F4-QKKD-GK3D-QK4Z-FWRN-XXXX
  Product: Unity Personal
  Type: ULF
  Expiration: Unlimited
[Licensing::Module] License group:
  Id: 5773889045670-UnityPersXXXX
  Product: Unity Personal
  Type: Assigned
  Expiration: Unlimited
Thread 0x16d4e3000 may have been prematurely finalized
Symbol file LoadedFromMemory is not a mono symbol file
- Loaded All Assemblies, in  0.437 seconds
Refreshing native plugins compatible for Editor in 0.21 ms, found 1 plugins.
Native extension for WindowsStandalone target not found
Native extension for OSXStandalone target not found
Native extension for WebGL target not found
[Package Manager] Failed to launch server process. Reason: Unity was launched with the -noUpm command-line argument
[Package Manager] Unable to send message (not connected to server process).
[Package Manager] Cannot connect to Unity Package Manager local server
[Package Manager] Failed to launch server process. Reason: Unity was launched with the -noUpm command-line argument
[Package Manager] Unable to send message (not connected to server process).
[Package Manager] Cannot connect to Unity Package Manager local server
ScheduleIndexationOnStartup MainProcess:False IndexOnStartup:True
Mono: successfully reloaded assembly
- Finished resetting the current domain, in  0.409 seconds
Domain Reload Profiling: 847ms
	BeginReloadAssembly (161ms)
		ExecutionOrderSort (0ms)
		DisableScriptedObjects (8ms)
		BackupInstance (0ms)
		ReleaseScriptingObjects (0ms)
		CreateAndSetChildDomain (51ms)
	RebuildCommonClasses (25ms)
	RebuildNativeTypeToScriptingClass (9ms)
	initialDomainReloadingComplete (19ms)
	LoadAllAssembliesAndSetupDomain (225ms)
		LoadAssemblies (194ms)
		RebuildTransferFunctionScriptingTraits (0ms)
		AnalyzeDomain (89ms)
			TypeCache.Refresh (17ms)
				TypeCache.ScanAssembly (1ms)
			BuildScriptInfoCaches (68ms)
			ResolveRequiredComponents (2ms)
	FinalizeReload (409ms)
		ReleaseScriptCaches (0ms)
		RebuildScriptCaches (0ms)
		SetupLoadedEditorAssemblies (337ms)
			LogAssemblyErrors (0ms)
			InitializePlatformSupportModulesInManaged (2ms)
			SetLoadedEditorAssemblies (2ms)
			BeforeProcessingInitializeOnLoad (66ms)
			ProcessInitializeOnLoadAttributes (221ms)
			ProcessInitializeOnLoadMethodAttributes (45ms)
			AfterProcessingInitializeOnLoad (1ms)
			EditorAssembliesLoaded (0ms)
		ExecutionOrderSort2 (0ms)
		AwakeInstancesAfterBackupRestoration (2ms)
Refreshing native plugins compatible for Editor in 0.20 ms, found 1 plugins.
Preloading 0 native plugins for Editor in 0.00 ms.
Unloading 1 Unused Serialized files (Serialized files now loaded: 0)
Unloading 2276 unused Assets / (125.9 KB). Loaded Objects now: 3005.
Memory consumption went from 118.1 MB to 118.0 MB.
Total: 4.743625 ms (FindLiveObjects: 0.131792 ms CreateObjectMapping: 0.044042 ms MarkObjects: 4.152500 ms  DeleteObjects: 0.414958 ms)

Prepare: number of updated asset objects reloaded= 0
========================================================================
Received Prepare
Begin MonoManager ReloadAssembly
Thread 0x16d4e3000 may have been prematurely finalized
Symbol file LoadedFromMemory is not a mono symbol file
- Loaded All Assemblies, in  0.251 seconds
Refreshing native plugins compatible for Editor in 0.33 ms, found 1 plugins.
Native extension for WindowsStandalone target not found
Native extension for OSXStandalone target not found
Native extension for WebGL target not found
[Package Manager] Failed to launch server process. Reason: Unity was launched with the -noUpm command-line argument
[Package Manager] Unable to send message (not connected to server process).
[Package Manager] Cannot connect to Unity Package Manager local server
[Package Manager] Failed to launch server process. Reason: Unity was launched with the -noUpm command-line argument
[Package Manager] Unable to send message (not connected to server process).
[Package Manager] Cannot connect to Unity Package Manager local server
ScheduleIndexationOnStartup MainProcess:False IndexOnStartup:True
Mono: successfully reloaded assembly
- Finished resetting the current domain, in  0.367 seconds
Domain Reload Profiling: 620ms
	BeginReloadAssembly (87ms)
		ExecutionOrderSort (0ms)
		DisableScriptedObjects (3ms)
		BackupInstance (0ms)
		ReleaseScriptingObjects (0ms)
		CreateAndSetChildDomain (25ms)
	RebuildCommonClasses (22ms)
	RebuildNativeTypeToScriptingClass (8ms)
	initialDomainReloadingComplete (11ms)
	LoadAllAssembliesAndSetupDomain (124ms)
		LoadAssemblies (95ms)
		RebuildTransferFunctionScriptingTraits (0ms)
		AnalyzeDomain (56ms)
			TypeCache.Refresh (4ms)
				TypeCache.ScanAssembly (0ms)
			BuildScriptInfoCaches (48ms)
			ResolveRequiredComponents (2ms)
	FinalizeReload (367ms)
		ReleaseScriptCaches (0ms)
		RebuildScriptCaches (0ms)
		SetupLoadedEditorAssemblies (290ms)
			LogAssemblyErrors (0ms)
			InitializePlatformSupportModulesInManaged (2ms)
			SetLoadedEditorAssemblies (2ms)
			BeforeProcessingInitializeOnLoad (66ms)
			ProcessInitializeOnLoadAttributes (197ms)
			ProcessInitializeOnLoadMethodAttributes (22ms)
			AfterProcessingInitializeOnLoad (1ms)
			EditorAssembliesLoaded (0ms)
		ExecutionOrderSort2 (0ms)
		AwakeInstancesAfterBackupRestoration (2ms)
Refreshing native plugins compatible for Editor in 0.28 ms, found 1 plugins.
Preloading 0 native plugins for Editor in 0.00 ms.
Unloading 1 Unused Serialized files (Serialized files now loaded: 0)
Unloading 2276 unused Assets / (380.8 KB). Loaded Objects now: 3006.
Memory consumption went from 118.1 MB to 117.7 MB.
Total: 5.162041 ms (FindLiveObjects: 0.275125 ms CreateObjectMapping: 0.060042 ms MarkObjects: 4.371375 ms  DeleteObjects: 0.455167 ms)

Prepare: number of updated asset objects reloaded= 0
========================================================================
Received Prepare
Refreshing native plugins compatible for Editor in 0.18 ms, found 1 plugins.
Preloading 0 native plugins for Editor in 0.00 ms.
Unloading 1 Unused Serialized files (Serialized files now loaded: 0)
Unloading 2272 unused Assets / (275.2 KB). Loaded Objects now: 3006.
Memory consumption went from 108.9 MB to 108.7 MB.
Total: 22.594959 ms (FindLiveObjects: 0.176291 ms CreateObjectMapping: 0.047125 ms MarkObjects: 21.970750 ms  DeleteObjects: 0.400709 ms)

Prepare: number of updated asset objects reloaded= 0
========================================================================
Received Prepare
Begin MonoManager ReloadAssembly
[Licensing::Client] Successfully resolved entitlement details
[Licensing::Module] License group:
  Id: F4-QKKD-GK3D-QK4Z-FWRN-XXXX
  Product: Unity Personal
  Type: ULF
  Expiration: Unlimited
[Licensing::Module] License group:
  Id: 5773889045670-UnityPersXXXX
  Product: Unity Personal
  Type: Assigned
  Expiration: Unlimited
Thread 0x16d4e3000 may have been prematurely finalized
Symbol file LoadedFromMemory is not a mono symbol file
- Loaded All Assemblies, in  0.505 seconds
Refreshing native plugins compatible for Editor in 0.52 ms, found 1 plugins.
Native extension for WindowsStandalone target not found
Native extension for OSXStandalone target not found
Native extension for WebGL target not found
[Package Manager] Failed to launch server process. Reason: Unity was launched with the -noUpm command-line argument
[Package Manager] Unable to send message (not connected to server process).
[Package Manager] Cannot connect to Unity Package Manager local server
[Package Manager] Failed to launch server process. Reason: Unity was launched with the -noUpm command-line argument
[Package Manager] Unable to send message (not connected to server process).
[Package Manager] Cannot connect to Unity Package Manager local server
ScheduleIndexationOnStartup MainProcess:False IndexOnStartup:True
Mono: successfully reloaded assembly
- Finished resetting the current domain, in  0.411 seconds
Domain Reload Profiling: 918ms
	BeginReloadAssembly (182ms)
		ExecutionOrderSort (0ms)
		DisableScriptedObjects (9ms)
		BackupInstance (0ms)
		ReleaseScriptingObjects (0ms)
		CreateAndSetChildDomain (61ms)
	RebuildCommonClasses (25ms)
	RebuildNativeTypeToScriptingClass (9ms)
	initialDomainReloadingComplete (21ms)
	LoadAllAssembliesAndSetupDomain (269ms)
		LoadAssemblies (238ms)
		RebuildTransferFunctionScriptingTraits (0ms)
		AnalyzeDomain (84ms)
			TypeCache.Refresh (12ms)
				TypeCache.ScanAssembly (1ms)
			BuildScriptInfoCaches (67ms)
			ResolveRequiredComponents (2ms)
	FinalizeReload (412ms)
		ReleaseScriptCaches (0ms)
		RebuildScriptCaches (0ms)
		SetupLoadedEditorAssemblies (330ms)
			LogAssemblyErrors (0ms)
			InitializePlatformSupportModulesInManaged (2ms)
			SetLoadedEditorAssemblies (3ms)
			BeforeProcessingInitializeOnLoad (70ms)
			ProcessInitializeOnLoadAttributes (226ms)
			ProcessInitializeOnLoadMethodAttributes (28ms)
			AfterProcessingInitializeOnLoad (1ms)
			EditorAssembliesLoaded (0ms)
		ExecutionOrderSort2 (0ms)
		AwakeInstancesAfterBackupRestoration (2ms)
Refreshing native plugins compatible for Editor in 0.20 ms, found 1 plugins.
Preloading 0 native plugins for Editor in 0.00 ms.
Unloading 1 Unused Serialized files (Serialized files now loaded: 0)
Unloading 2276 unused Assets / (100.3 KB). Loaded Objects now: 3007.
Memory consumption went from 118.1 MB to 118.0 MB.
Total: 6.604417 ms (FindLiveObjects: 0.156625 ms CreateObjectMapping: 0.050709 ms MarkObjects: 6.047166 ms  DeleteObjects: 0.349375 ms)

Prepare: number of updated asset objects reloaded= 0
========================================================================
Received Prepare
Begin MonoManager ReloadAssembly
Thread 0x16d4e3000 may have been prematurely finalized
Symbol file LoadedFromMemory is not a mono symbol file
- Loaded All Assemblies, in  0.277 seconds
Refreshing native plugins compatible for Editor in 0.12 ms, found 1 plugins.
Native extension for WindowsStandalone target not found
Native extension for OSXStandalone target not found
Native extension for WebGL target not found
[Package Manager] Failed to launch server process. Reason: Unity was launched with the -noUpm command-line argument
[Package Manager] Unable to send message (not connected to server process).
[Package Manager] Cannot connect to Unity Package Manager local server
[Package Manager] Failed to launch server process. Reason: Unity was launched with the -noUpm command-line argument
[Package Manager] Unable to send message (not connected to server process).
[Package Manager] Cannot connect to Unity Package Manager local server
ScheduleIndexationOnStartup MainProcess:False IndexOnStartup:True
Mono: successfully reloaded assembly
- Finished resetting the current domain, in  0.348 seconds
Domain Reload Profiling: 627ms
	BeginReloadAssembly (100ms)
		ExecutionOrderSort (0ms)
		DisableScriptedObjects (3ms)
		BackupInstance (0ms)
		ReleaseScriptingObjects (0ms)
		CreateAndSetChildDomain (29ms)
	RebuildCommonClasses (24ms)
	RebuildNativeTypeToScriptingClass (7ms)
	initialDomainReloadingComplete (12ms)
	LoadAllAssembliesAndSetupDomain (135ms)
		LoadAssemblies (115ms)
		RebuildTransferFunctionScriptingTraits (0ms)
		AnalyzeDomain (54ms)
			TypeCache.Refresh (4ms)
				TypeCache.ScanAssembly (0ms)
			BuildScriptInfoCaches (47ms)
			ResolveRequiredComponents (2ms)
	FinalizeReload (348ms)
		ReleaseScriptCaches (0ms)
		RebuildScriptCaches (0ms)
		SetupLoadedEditorAssemblies (278ms)
			LogAssemblyErrors (0ms)
			InitializePlatformSupportModulesInManaged (3ms)
			SetLoadedEditorAssemblies (2ms)
			BeforeProcessingInitializeOnLoad (65ms)
			ProcessInitializeOnLoadAttributes (185ms)
			ProcessInitializeOnLoadMethodAttributes (23ms)
			AfterProcessingInitializeOnLoad (1ms)
			EditorAssembliesLoaded (0ms)
		ExecutionOrderSort2 (0ms)
		AwakeInstancesAfterBackupRestoration (2ms)
Refreshing native plugins compatible for Editor in 0.43 ms, found 1 plugins.
Preloading 0 native plugins for Editor in 0.00 ms.
Unloading 1 Unused Serialized files (Serialized files now loaded: 0)
Unloading 2276 unused Assets / (100.2 KB). Loaded Objects now: 3008.
Memory consumption went from 118.1 MB to 118.0 MB.
Total: 6.985709 ms (FindLiveObjects: 0.171458 ms CreateObjectMapping: 0.047709 ms MarkObjects: 6.260250 ms  DeleteObjects: 0.504958 ms)

Prepare: number of updated asset objects reloaded= 0
========================================================================
Received Prepare
Refreshing native plugins compatible for Editor in 0.17 ms, found 1 plugins.
Preloading 0 native plugins for Editor in 0.00 ms.
Unloading 1 Unused Serialized files (Serialized files now loaded: 0)
Unloading 2272 unused Assets / (0.5 MB). Loaded Objects now: 3008.
Memory consumption went from 108.9 MB to 108.4 MB.
Total: 4.713542 ms (FindLiveObjects: 0.132708 ms CreateObjectMapping: 0.043833 ms MarkObjects: 4.030209 ms  DeleteObjects: 0.506500 ms)

Prepare: number of updated asset objects reloaded= 0
========================================================================
Received Prepare
Begin MonoManager ReloadAssembly
Thread 0x16d4e3000 may have been prematurely finalized
Symbol file LoadedFromMemory is not a mono symbol file
- Loaded All Assemblies, in  0.348 seconds
Refreshing native plugins compatible for Editor in 0.17 ms, found 1 plugins.
Native extension for WindowsStandalone target not found
Native extension for OSXStandalone target not found
Native extension for WebGL target not found
[Package Manager] Failed to launch server process. Reason: Unity was launched with the -noUpm command-line argument
[Package Manager] Unable to send message (not connected to server process).
[Package Manager] Cannot connect to Unity Package Manager local server
[Package Manager] Failed to launch server process. Reason: Unity was launched with the -noUpm command-line argument
[Package Manager] Unable to send message (not connected to server process).
[Package Manager] Cannot connect to Unity Package Manager local server
ScheduleIndexationOnStartup MainProcess:False IndexOnStartup:True
Mono: successfully reloaded assembly
- Finished resetting the current domain, in  0.371 seconds
Domain Reload Profiling: 721ms
	BeginReloadAssembly (111ms)
		ExecutionOrderSort (0ms)
		DisableScriptedObjects (3ms)
		BackupInstance (0ms)
		ReleaseScriptingObjects (0ms)
		CreateAndSetChildDomain (27ms)
	RebuildCommonClasses (24ms)
	RebuildNativeTypeToScriptingClass (8ms)
	initialDomainReloadingComplete (11ms)
	LoadAllAssembliesAndSetupDomain (196ms)
		LoadAssemblies (167ms)
		RebuildTransferFunctionScriptingTraits (0ms)
		AnalyzeDomain (74ms)
			TypeCache.Refresh (10ms)
				TypeCache.ScanAssembly (1ms)
			BuildScriptInfoCaches (60ms)
			ResolveRequiredComponents (2ms)
	FinalizeReload (372ms)
		ReleaseScriptCaches (0ms)
		RebuildScriptCaches (0ms)
		SetupLoadedEditorAssemblies (298ms)
			LogAssemblyErrors (0ms)
			InitializePlatformSupportModulesInManaged (2ms)
			SetLoadedEditorAssemblies (3ms)
			BeforeProcessingInitializeOnLoad (66ms)
			ProcessInitializeOnLoadAttributes (204ms)
			ProcessInitializeOnLoadMethodAttributes (23ms)
			AfterProcessingInitializeOnLoad (1ms)
			EditorAssembliesLoaded (0ms)
		ExecutionOrderSort2 (0ms)
		AwakeInstancesAfterBackupRestoration (2ms)
Refreshing native plugins compatible for Editor in 0.21 ms, found 1 plugins.
Preloading 0 native plugins for Editor in 0.00 ms.
Unloading 1 Unused Serialized files (Serialized files now loaded: 0)
Unloading 2276 unused Assets / (289.5 KB). Loaded Objects now: 3009.
Memory consumption went from 118.1 MB to 117.8 MB.
Total: 5.226250 ms (FindLiveObjects: 0.157209 ms CreateObjectMapping: 0.046166 ms MarkObjects: 4.504625 ms  DeleteObjects: 0.517958 ms)

Prepare: number of updated asset objects reloaded= 0
========================================================================
Received Prepare
Begin MonoManager ReloadAssembly
Thread 0x16d4e3000 may have been prematurely finalized
Symbol file LoadedFromMemory is not a mono symbol file
- Loaded All Assemblies, in  0.244 seconds
Refreshing native plugins compatible for Editor in 0.11 ms, found 1 plugins.
Native extension for WindowsStandalone target not found
Native extension for OSXStandalone target not found
Native extension for WebGL target not found
[Package Manager] Failed to launch server process. Reason: Unity was launched with the -noUpm command-line argument
[Package Manager] Unable to send message (not connected to server process).
[Package Manager] Cannot connect to Unity Package Manager local server
[Package Manager] Failed to launch server process. Reason: Unity was launched with the -noUpm command-line argument
[Package Manager] Unable to send message (not connected to server process).
[Package Manager] Cannot connect to Unity Package Manager local server
ScheduleIndexationOnStartup MainProcess:False IndexOnStartup:True
Mono: successfully reloaded assembly
- Finished resetting the current domain, in  0.350 seconds
Domain Reload Profiling: 595ms
	BeginReloadAssembly (85ms)
		ExecutionOrderSort (0ms)
		DisableScriptedObjects (3ms)
		BackupInstance (0ms)
		ReleaseScriptingObjects (0ms)
		CreateAndSetChildDomain (24ms)
	RebuildCommonClasses (23ms)
	RebuildNativeTypeToScriptingClass (8ms)
	initialDomainReloadingComplete (11ms)
	LoadAllAssembliesAndSetupDomain (118ms)
		LoadAssemblies (93ms)
		RebuildTransferFunctionScriptingTraits (0ms)
		AnalyzeDomain (54ms)
			TypeCache.Refresh (4ms)
				TypeCache.ScanAssembly (0ms)
			BuildScriptInfoCaches (47ms)
			ResolveRequiredComponents (1ms)
	FinalizeReload (350ms)
		ReleaseScriptCaches (0ms)
		RebuildScriptCaches (0ms)
		SetupLoadedEditorAssemblies (277ms)
			LogAssemblyErrors (0ms)
			InitializePlatformSupportModulesInManaged (2ms)
			SetLoadedEditorAssemblies (2ms)
			BeforeProcessingInitializeOnLoad (64ms)
			ProcessInitializeOnLoadAttributes (184ms)
			ProcessInitializeOnLoadMethodAttributes (24ms)
			AfterProcessingInitializeOnLoad (1ms)
			EditorAssembliesLoaded (0ms)
		ExecutionOrderSort2 (0ms)
		AwakeInstancesAfterBackupRestoration (2ms)
Refreshing native plugins compatible for Editor in 0.22 ms, found 1 plugins.
Preloading 0 native plugins for Editor in 0.00 ms.
Unloading 1 Unused Serialized files (Serialized files now loaded: 0)
Unloading 2276 unused Assets / (100.2 KB). Loaded Objects now: 3010.
Memory consumption went from 118.1 MB to 118.0 MB.
Total: 6.591208 ms (FindLiveObjects: 0.315375 ms CreateObjectMapping: 0.209416 ms MarkObjects: 5.631084 ms  DeleteObjects: 0.434541 ms)

Prepare: number of updated asset objects reloaded= 0
========================================================================
Received Prepare
Begin MonoManager ReloadAssembly
[Licensing::Client] Successfully resolved entitlement details
[Licensing::Module] License group:
  Id: F4-QKKD-GK3D-QK4Z-FWRN-XXXX
  Product: Unity Personal
  Type: ULF
  Expiration: Unlimited
[Licensing::Module] License group:
  Id: 5773889045670-UnityPersXXXX
  Product: Unity Personal
  Type: Assigned
  Expiration: Unlimited
Thread 0x16d4e3000 may have been prematurely finalized
Symbol file LoadedFromMemory is not a mono symbol file
- Loaded All Assemblies, in  0.288 seconds
Refreshing native plugins compatible for Editor in 0.10 ms, found 1 plugins.
Native extension for WindowsStandalone target not found
Native extension for OSXStandalone target not found
Native extension for WebGL target not found
[Package Manager] Failed to launch server process. Reason: Unity was launched with the -noUpm command-line argument
[Package Manager] Unable to send message (not connected to server process).
[Package Manager] Cannot connect to Unity Package Manager local server
[Package Manager] Failed to launch server process. Reason: Unity was launched with the -noUpm command-line argument
[Package Manager] Unable to send message (not connected to server process).
[Package Manager] Cannot connect to Unity Package Manager local server
ScheduleIndexationOnStartup MainProcess:False IndexOnStartup:True
Mono: successfully reloaded assembly
- Finished resetting the current domain, in  0.392 seconds
Domain Reload Profiling: 682ms
	BeginReloadAssembly (98ms)
		ExecutionOrderSort (0ms)
		DisableScriptedObjects (3ms)
		BackupInstance (0ms)
		ReleaseScriptingObjects (0ms)
		CreateAndSetChildDomain (28ms)
	RebuildCommonClasses (23ms)
	RebuildNativeTypeToScriptingClass (8ms)
	initialDomainReloadingComplete (11ms)
	LoadAllAssembliesAndSetupDomain (151ms)
		LoadAssemblies (119ms)
		RebuildTransferFunctionScriptingTraits (0ms)
		AnalyzeDomain (64ms)
			TypeCache.Refresh (7ms)
				TypeCache.ScanAssembly (0ms)
			BuildScriptInfoCaches (54ms)
			ResolveRequiredComponents (2ms)
	FinalizeReload (393ms)
		ReleaseScriptCaches (0ms)
		RebuildScriptCaches (0ms)
		SetupLoadedEditorAssemblies (323ms)
			LogAssemblyErrors (0ms)
			InitializePlatformSupportModulesInManaged (2ms)
			SetLoadedEditorAssemblies (2ms)
			BeforeProcessingInitializeOnLoad (63ms)
			ProcessInitializeOnLoadAttributes (230ms)
			ProcessInitializeOnLoadMethodAttributes (25ms)
			AfterProcessingInitializeOnLoad (1ms)
			EditorAssembliesLoaded (0ms)
		ExecutionOrderSort2 (0ms)
		AwakeInstancesAfterBackupRestoration (2ms)
Refreshing native plugins compatible for Editor in 0.20 ms, found 1 plugins.
Preloading 0 native plugins for Editor in 0.00 ms.
Unloading 1 Unused Serialized files (Serialized files now loaded: 0)
Unloading 2276 unused Assets / (204.4 KB). Loaded Objects now: 3011.
Memory consumption went from 118.1 MB to 117.9 MB.
Total: 5.813417 ms (FindLiveObjects: 0.170292 ms CreateObjectMapping: 0.045000 ms MarkObjects: 5.246292 ms  DeleteObjects: 0.351083 ms)

Prepare: number of updated asset objects reloaded= 0
========================================================================
Received Prepare
Begin MonoManager ReloadAssembly
Thread 0x16d4e3000 may have been prematurely finalized
Symbol file LoadedFromMemory is not a mono symbol file
- Loaded All Assemblies, in  0.449 seconds
Refreshing native plugins compatible for Editor in 0.12 ms, found 1 plugins.
Native extension for WindowsStandalone target not found
Native extension for OSXStandalone target not found
Native extension for WebGL target not found
[Package Manager] Failed to launch server process. Reason: Unity was launched with the -noUpm command-line argument
[Package Manager] Unable to send message (not connected to server process).
[Package Manager] Cannot connect to Unity Package Manager local server
[Package Manager] Failed to launch server process. Reason: Unity was launched with the -noUpm command-line argument
[Package Manager] Unable to send message (not connected to server process).
[Package Manager] Cannot connect to Unity Package Manager local server
ScheduleIndexationOnStartup MainProcess:False IndexOnStartup:True
Mono: successfully reloaded assembly
- Finished resetting the current domain, in  0.455 seconds
Domain Reload Profiling: 906ms
	BeginReloadAssembly (208ms)
		ExecutionOrderSort (0ms)
		DisableScriptedObjects (13ms)
		BackupInstance (0ms)
		ReleaseScriptingObjects (0ms)
		CreateAndSetChildDomain (83ms)
	RebuildCommonClasses (26ms)
	RebuildNativeTypeToScriptingClass (8ms)
	initialDomainReloadingComplete (16ms)
	LoadAllAssembliesAndSetupDomain (192ms)
		LoadAssemblies (182ms)
		RebuildTransferFunctionScriptingTraits (0ms)
		AnalyzeDomain (74ms)
			TypeCache.Refresh (9ms)
				TypeCache.ScanAssembly (0ms)
			BuildScriptInfoCaches (61ms)
			ResolveRequiredComponents (2ms)
	FinalizeReload (456ms)
		ReleaseScriptCaches (0ms)
		RebuildScriptCaches (0ms)
		SetupLoadedEditorAssemblies (374ms)
			LogAssemblyErrors (0ms)
			InitializePlatformSupportModulesInManaged (2ms)
			SetLoadedEditorAssemblies (16ms)
			BeforeProcessingInitializeOnLoad (73ms)
			ProcessInitializeOnLoadAttributes (250ms)
			ProcessInitializeOnLoadMethodAttributes (32ms)
			AfterProcessingInitializeOnLoad (1ms)
			EditorAssembliesLoaded (0ms)
		ExecutionOrderSort2 (0ms)
		AwakeInstancesAfterBackupRestoration (4ms)
Refreshing native plugins compatible for Editor in 0.29 ms, found 1 plugins.
Preloading 0 native plugins for Editor in 0.00 ms.
Unloading 1 Unused Serialized files (Serialized files now loaded: 0)
Unloading 2276 unused Assets / (125.9 KB). Loaded Objects now: 3012.
Memory consumption went from 118.1 MB to 118.0 MB.
Total: 6.933250 ms (FindLiveObjects: 0.174666 ms CreateObjectMapping: 0.048000 ms MarkObjects: 5.216417 ms  DeleteObjects: 1.493292 ms)

Prepare: number of updated asset objects reloaded= 0
========================================================================
Received Prepare
Begin MonoManager ReloadAssembly
[Licensing::Client] Successfully resolved entitlement details
[Licensing::Module] License group:
  Id: F4-QKKD-GK3D-QK4Z-FWRN-XXXX
  Product: Unity Personal
  Type: ULF
  Expiration: Unlimited
[Licensing::Module] License group:
  Id: 5773889045670-UnityPersXXXX
  Product: Unity Personal
  Type: Assigned
  Expiration: Unlimited
Thread 0x16d4e3000 may have been prematurely finalized
Symbol file LoadedFromMemory is not a mono symbol file
- Loaded All Assemblies, in  0.435 seconds
Refreshing native plugins compatible for Editor in 0.11 ms, found 1 plugins.
Native extension for WindowsStandalone target not found
Native extension for OSXStandalone target not found
Native extension for WebGL target not found
[Package Manager] Failed to launch server process. Reason: Unity was launched with the -noUpm command-line argument
[Package Manager] Unable to send message (not connected to server process).
[Package Manager] Cannot connect to Unity Package Manager local server
[Package Manager] Failed to launch server process. Reason: Unity was launched with the -noUpm command-line argument
[Package Manager] Unable to send message (not connected to server process).
[Package Manager] Cannot connect to Unity Package Manager local server
ScheduleIndexationOnStartup MainProcess:False IndexOnStartup:True
Mono: successfully reloaded assembly
- Finished resetting the current domain, in  0.404 seconds
Domain Reload Profiling: 840ms
	BeginReloadAssembly (181ms)
		ExecutionOrderSort (0ms)
		DisableScriptedObjects (11ms)
		BackupInstance (0ms)
		ReleaseScriptingObjects (0ms)
		CreateAndSetChildDomain (64ms)
	RebuildCommonClasses (24ms)
	RebuildNativeTypeToScriptingClass (9ms)
	initialDomainReloadingComplete (20ms)
	LoadAllAssembliesAndSetupDomain (202ms)
		LoadAssemblies (180ms)
		RebuildTransferFunctionScriptingTraits (0ms)
		AnalyzeDomain (80ms)
			TypeCache.Refresh (7ms)
				TypeCache.ScanAssembly (0ms)
			BuildScriptInfoCaches (68ms)
			ResolveRequiredComponents (2ms)
	FinalizeReload (404ms)
		ReleaseScriptCaches (0ms)
		RebuildScriptCaches (0ms)
		SetupLoadedEditorAssemblies (322ms)
			LogAssemblyErrors (0ms)
			InitializePlatformSupportModulesInManaged (3ms)
			SetLoadedEditorAssemblies (3ms)
			BeforeProcessingInitializeOnLoad (78ms)
			ProcessInitializeOnLoadAttributes (206ms)
			ProcessInitializeOnLoadMethodAttributes (31ms)
			AfterProcessingInitializeOnLoad (1ms)
			EditorAssembliesLoaded (0ms)
		ExecutionOrderSort2 (0ms)
		AwakeInstancesAfterBackupRestoration (1ms)
Refreshing native plugins compatible for Editor in 0.18 ms, found 1 plugins.
Preloading 0 native plugins for Editor in 0.00 ms.
Unloading 1 Unused Serialized files (Serialized files now loaded: 0)
Unloading 2276 unused Assets / (465.2 KB). Loaded Objects now: 3013.
Memory consumption went from 118.1 MB to 117.7 MB.
Total: 5.673458 ms (FindLiveObjects: 0.128375 ms CreateObjectMapping: 0.042542 ms MarkObjects: 4.757208 ms  DeleteObjects: 0.744917 ms)

Prepare: number of updated asset objects reloaded= 0
========================================================================
Received Prepare
Begin MonoManager ReloadAssembly
[Licensing::Client] Successfully resolved entitlement details
[Licensing::Module] License group:
  Id: F4-QKKD-GK3D-QK4Z-FWRN-XXXX
  Product: Unity Personal
  Type: ULF
  Expiration: Unlimited
[Licensing::Module] License group:
  Id: 5773889045670-UnityPersXXXX
  Product: Unity Personal
  Type: Assigned
  Expiration: Unlimited
Thread 0x16d4e3000 may have been prematurely finalized
Symbol file LoadedFromMemory is not a mono symbol file
- Loaded All Assemblies, in  0.266 seconds
Refreshing native plugins compatible for Editor in 0.09 ms, found 1 plugins.
Native extension for WindowsStandalone target not found
Native extension for OSXStandalone target not found
Native extension for WebGL target not found
[Package Manager] Failed to launch server process. Reason: Unity was launched with the -noUpm command-line argument
[Package Manager] Unable to send message (not connected to server process).
[Package Manager] Cannot connect to Unity Package Manager local server
[Package Manager] Failed to launch server process. Reason: Unity was launched with the -noUpm command-line argument
[Package Manager] Unable to send message (not connected to server process).
[Package Manager] Cannot connect to Unity Package Manager local server
ScheduleIndexationOnStartup MainProcess:False IndexOnStartup:True
Mono: successfully reloaded assembly
- Finished resetting the current domain, in  0.300 seconds
Domain Reload Profiling: 568ms
	BeginReloadAssembly (97ms)
		ExecutionOrderSort (0ms)
		DisableScriptedObjects (4ms)
		BackupInstance (0ms)
		ReleaseScriptingObjects (0ms)
		CreateAndSetChildDomain (27ms)
	RebuildCommonClasses (19ms)
	RebuildNativeTypeToScriptingClass (7ms)
	initialDomainReloadingComplete (10ms)
	LoadAllAssembliesAndSetupDomain (134ms)
		LoadAssemblies (117ms)
		RebuildTransferFunctionScriptingTraits (0ms)
		AnalyzeDomain (49ms)
			TypeCache.Refresh (5ms)
				TypeCache.ScanAssembly (0ms)
			BuildScriptInfoCaches (42ms)
			ResolveRequiredComponents (2ms)
	FinalizeReload (300ms)
		ReleaseScriptCaches (0ms)
		RebuildScriptCaches (0ms)
		SetupLoadedEditorAssemblies (243ms)
			LogAssemblyErrors (0ms)
			InitializePlatformSupportModulesInManaged (2ms)
			SetLoadedEditorAssemblies (2ms)
			BeforeProcessingInitializeOnLoad (60ms)
			ProcessInitializeOnLoadAttributes (162ms)
			ProcessInitializeOnLoadMethodAttributes (17ms)
			AfterProcessingInitializeOnLoad (1ms)
			EditorAssembliesLoaded (0ms)
		ExecutionOrderSort2 (0ms)
		AwakeInstancesAfterBackupRestoration (1ms)
Refreshing native plugins compatible for Editor in 0.16 ms, found 1 plugins.
Preloading 0 native plugins for Editor in 0.00 ms.
Unloading 1 Unused Serialized files (Serialized files now loaded: 0)
Unloading 2276 unused Assets / (285.1 KB). Loaded Objects now: 3014.
Memory consumption went from 118.1 MB to 117.9 MB.
Total: 3.881875 ms (FindLiveObjects: 0.110667 ms CreateObjectMapping: 0.044083 ms MarkObjects: 3.404000 ms  DeleteObjects: 0.322875 ms)

Prepare: number of updated asset objects reloaded= 0
========================================================================
Received Prepare
Begin MonoManager ReloadAssembly
[Licensing::Client] Successfully resolved entitlement details
[Licensing::Module] License group:
  Id: F4-QKKD-GK3D-QK4Z-FWRN-XXXX
  Product: Unity Personal
  Type: ULF
  Expiration: Unlimited
[Licensing::Module] License group:
  Id: 5773889045670-UnityPersXXXX
  Product: Unity Personal
  Type: Assigned
  Expiration: Unlimited
Thread 0x16d56f000 may have been prematurely finalized
Symbol file LoadedFromMemory is not a mono symbol file
- Loaded All Assemblies, in  0.215 seconds
Refreshing native plugins compatible for Editor in 0.10 ms, found 1 plugins.
Native extension for WindowsStandalone target not found
Native extension for OSXStandalone target not found
Native extension for WebGL target not found
[Package Manager] Failed to launch server process. Reason: Unity was launched with the -noUpm command-line argument
[Package Manager] Unable to send message (not connected to server process).
[Package Manager] Cannot connect to Unity Package Manager local server
[Package Manager] Failed to launch server process. Reason: Unity was launched with the -noUpm command-line argument
[Package Manager] Unable to send message (not connected to server process).
[Package Manager] Cannot connect to Unity Package Manager local server
ScheduleIndexationOnStartup MainProcess:False IndexOnStartup:True
Mono: successfully reloaded assembly
- Finished resetting the current domain, in  0.290 seconds
Domain Reload Profiling: 506ms
	BeginReloadAssembly (72ms)
		ExecutionOrderSort (0ms)
		DisableScriptedObjects (2ms)
		BackupInstance (0ms)
		ReleaseScriptingObjects (0ms)
		CreateAndSetChildDomain (18ms)
	RebuildCommonClasses (19ms)
	RebuildNativeTypeToScriptingClass (7ms)
	initialDomainReloadingComplete (10ms)
	LoadAllAssembliesAndSetupDomain (109ms)
		LoadAssemblies (86ms)
		RebuildTransferFunctionScriptingTraits (0ms)
		AnalyzeDomain (46ms)
			TypeCache.Refresh (4ms)
				TypeCache.ScanAssembly (0ms)
			BuildScriptInfoCaches (40ms)
			ResolveRequiredComponents (1ms)
	FinalizeReload (290ms)
		ReleaseScriptCaches (0ms)
		RebuildScriptCaches (0ms)
		SetupLoadedEditorAssemblies (230ms)
			LogAssemblyErrors (0ms)
			InitializePlatformSupportModulesInManaged (1ms)
			SetLoadedEditorAssemblies (2ms)
			BeforeProcessingInitializeOnLoad (55ms)
			ProcessInitializeOnLoadAttributes (155ms)
			ProcessInitializeOnLoadMethodAttributes (17ms)
			AfterProcessingInitializeOnLoad (0ms)
			EditorAssembliesLoaded (0ms)
		ExecutionOrderSort2 (0ms)
		AwakeInstancesAfterBackupRestoration (1ms)
Refreshing native plugins compatible for Editor in 0.16 ms, found 1 plugins.
Preloading 0 native plugins for Editor in 0.00 ms.
Unloading 1 Unused Serialized files (Serialized files now loaded: 0)
Unloading 2276 unused Assets / (100.4 KB). Loaded Objects now: 3015.
Memory consumption went from 118.1 MB to 118.0 MB.
Total: 3.773417 ms (FindLiveObjects: 0.112166 ms CreateObjectMapping: 0.042959 ms MarkObjects: 3.331709 ms  DeleteObjects: 0.285959 ms)

Prepare: number of updated asset objects reloaded= 0
========================================================================
Received Prepare
Begin MonoManager ReloadAssembly
Thread 0x16d56f000 may have been prematurely finalized
Symbol file LoadedFromMemory is not a mono symbol file
- Loaded All Assemblies, in  0.203 seconds
Refreshing native plugins compatible for Editor in 0.11 ms, found 1 plugins.
Native extension for WindowsStandalone target not found
Native extension for OSXStandalone target not found
Native extension for WebGL target not found
[Package Manager] Failed to launch server process. Reason: Unity was launched with the -noUpm command-line argument
[Package Manager] Unable to send message (not connected to server process).
[Package Manager] Cannot connect to Unity Package Manager local server
[Package Manager] Failed to launch server process. Reason: Unity was launched with the -noUpm command-line argument
[Package Manager] Unable to send message (not connected to server process).
[Package Manager] Cannot connect to Unity Package Manager local server
ScheduleIndexationOnStartup MainProcess:False IndexOnStartup:True
Mono: successfully reloaded assembly
- Finished resetting the current domain, in  0.290 seconds
Domain Reload Profiling: 494ms
	BeginReloadAssembly (72ms)
		ExecutionOrderSort (0ms)
		DisableScriptedObjects (2ms)
		BackupInstance (0ms)
		ReleaseScriptingObjects (0ms)
		CreateAndSetChildDomain (18ms)
	RebuildCommonClasses (19ms)
	RebuildNativeTypeToScriptingClass (7ms)
	initialDomainReloadingComplete (9ms)
	LoadAllAssembliesAndSetupDomain (97ms)
		LoadAssemblies (75ms)
		RebuildTransferFunctionScriptingTraits (0ms)
		AnalyzeDomain (45ms)
			TypeCache.Refresh (3ms)
				TypeCache.ScanAssembly (0ms)
			BuildScriptInfoCaches (39ms)
			ResolveRequiredComponents (1ms)
	FinalizeReload (290ms)
		ReleaseScriptCaches (0ms)
		RebuildScriptCaches (0ms)
		SetupLoadedEditorAssemblies (233ms)
			LogAssemblyErrors (0ms)
			InitializePlatformSupportModulesInManaged (1ms)
			SetLoadedEditorAssemblies (2ms)
			BeforeProcessingInitializeOnLoad (53ms)
			ProcessInitializeOnLoadAttributes (158ms)
			ProcessInitializeOnLoadMethodAttributes (19ms)
			AfterProcessingInitializeOnLoad (0ms)
			EditorAssembliesLoaded (0ms)
		ExecutionOrderSort2 (0ms)
		AwakeInstancesAfterBackupRestoration (1ms)
Refreshing native plugins compatible for Editor in 0.15 ms, found 1 plugins.
Preloading 0 native plugins for Editor in 0.00 ms.
Unloading 1 Unused Serialized files (Serialized files now loaded: 0)
Unloading 2276 unused Assets / (0.5 MB). Loaded Objects now: 3016.
Memory consumption went from 118.2 MB to 117.6 MB.
Total: 4.033459 ms (FindLiveObjects: 0.113000 ms CreateObjectMapping: 0.040375 ms MarkObjects: 3.613917 ms  DeleteObjects: 0.265959 ms)

Prepare: number of updated asset objects reloaded= 0
========================================================================
Received Prepare
Begin MonoManager ReloadAssembly
[Licensing::Client] Successfully resolved entitlement details
[Licensing::Module] License group:
  Id: F4-QKKD-GK3D-QK4Z-FWRN-XXXX
  Product: Unity Personal
  Type: ULF
  Expiration: Unlimited
[Licensing::Module] License group:
  Id: 5773889045670-UnityPersXXXX
  Product: Unity Personal
  Type: Assigned
  Expiration: Unlimited
Thread 0x16d56f000 may have been prematurely finalized
Symbol file LoadedFromMemory is not a mono symbol file
- Loaded All Assemblies, in  0.207 seconds
Refreshing native plugins compatible for Editor in 0.11 ms, found 1 plugins.
Native extension for WindowsStandalone target not found
Native extension for OSXStandalone target not found
Native extension for WebGL target not found
[Package Manager] Failed to launch server process. Reason: Unity was launched with the -noUpm command-line argument
[Package Manager] Unable to send message (not connected to server process).
[Package Manager] Cannot connect to Unity Package Manager local server
[Package Manager] Failed to launch server process. Reason: Unity was launched with the -noUpm command-line argument
[Package Manager] Unable to send message (not connected to server process).
[Package Manager] Cannot connect to Unity Package Manager local server
ScheduleIndexationOnStartup MainProcess:False IndexOnStartup:True
Mono: successfully reloaded assembly
- Finished resetting the current domain, in  0.291 seconds
Domain Reload Profiling: 500ms
	BeginReloadAssembly (72ms)
		ExecutionOrderSort (0ms)
		DisableScriptedObjects (2ms)
		BackupInstance (0ms)
		ReleaseScriptingObjects (0ms)
		CreateAndSetChildDomain (18ms)
	RebuildCommonClasses (19ms)
	RebuildNativeTypeToScriptingClass (7ms)
	initialDomainReloadingComplete (9ms)
	LoadAllAssembliesAndSetupDomain (100ms)
		LoadAssemblies (77ms)
		RebuildTransferFunctionScriptingTraits (0ms)
		AnalyzeDomain (46ms)
			TypeCache.Refresh (3ms)
				TypeCache.ScanAssembly (0ms)
			BuildScriptInfoCaches (40ms)
			ResolveRequiredComponents (2ms)
	FinalizeReload (291ms)
		ReleaseScriptCaches (0ms)
		RebuildScriptCaches (0ms)
		SetupLoadedEditorAssemblies (234ms)
			LogAssemblyErrors (0ms)
			InitializePlatformSupportModulesInManaged (2ms)
			SetLoadedEditorAssemblies (2ms)
			BeforeProcessingInitializeOnLoad (55ms)
			ProcessInitializeOnLoadAttributes (158ms)
			ProcessInitializeOnLoadMethodAttributes (18ms)
			AfterProcessingInitializeOnLoad (0ms)
			EditorAssembliesLoaded (0ms)
		ExecutionOrderSort2 (0ms)
		AwakeInstancesAfterBackupRestoration (1ms)
Refreshing native plugins compatible for Editor in 0.15 ms, found 1 plugins.
Preloading 0 native plugins for Editor in 0.00 ms.
Unloading 1 Unused Serialized files (Serialized files now loaded: 0)
Unloading 2276 unused Assets / (375.1 KB). Loaded Objects now: 3017.
Memory consumption went from 118.2 MB to 117.8 MB.
Total: 5.338791 ms (FindLiveObjects: 0.113417 ms CreateObjectMapping: 0.041792 ms MarkObjects: 4.830833 ms  DeleteObjects: 0.352416 ms)

Prepare: number of updated asset objects reloaded= 0
========================================================================
Received Prepare
Begin MonoManager ReloadAssembly
[Licensing::Client] Successfully resolved entitlement details
[Licensing::Module] License group:
  Id: F4-QKKD-GK3D-QK4Z-FWRN-XXXX
  Product: Unity Personal
  Type: ULF
  Expiration: Unlimited
[Licensing::Module] License group:
  Id: 5773889045670-UnityPersXXXX
  Product: Unity Personal
  Type: Assigned
  Expiration: Unlimited
Thread 0x16d56f000 may have been prematurely finalized
Symbol file LoadedFromMemory is not a mono symbol file
- Loaded All Assemblies, in  0.209 seconds
Refreshing native plugins compatible for Editor in 0.12 ms, found 1 plugins.
Native extension for WindowsStandalone target not found
Native extension for OSXStandalone target not found
Native extension for WebGL target not found
[Package Manager] Failed to launch server process. Reason: Unity was launched with the -noUpm command-line argument
[Package Manager] Unable to send message (not connected to server process).
[Package Manager] Cannot connect to Unity Package Manager local server
[Package Manager] Failed to launch server process. Reason: Unity was launched with the -noUpm command-line argument
[Package Manager] Unable to send message (not connected to server process).
[Package Manager] Cannot connect to Unity Package Manager local server
ScheduleIndexationOnStartup MainProcess:False IndexOnStartup:True
Mono: successfully reloaded assembly
- Finished resetting the current domain, in  0.291 seconds
Domain Reload Profiling: 501ms
	BeginReloadAssembly (72ms)
		ExecutionOrderSort (0ms)
		DisableScriptedObjects (2ms)
		BackupInstance (0ms)
		ReleaseScriptingObjects (0ms)
		CreateAndSetChildDomain (18ms)
	RebuildCommonClasses (20ms)
	RebuildNativeTypeToScriptingClass (7ms)
	initialDomainReloadingComplete (10ms)
	LoadAllAssembliesAndSetupDomain (101ms)
		LoadAssemblies (78ms)
		RebuildTransferFunctionScriptingTraits (0ms)
		AnalyzeDomain (47ms)
			TypeCache.Refresh (3ms)
				TypeCache.ScanAssembly (0ms)
			BuildScriptInfoCaches (41ms)
			ResolveRequiredComponents (1ms)
	FinalizeReload (291ms)
		ReleaseScriptCaches (0ms)
		RebuildScriptCaches (0ms)
		SetupLoadedEditorAssemblies (233ms)
			LogAssemblyErrors (0ms)
			InitializePlatformSupportModulesInManaged (2ms)
			SetLoadedEditorAssemblies (2ms)
			BeforeProcessingInitializeOnLoad (54ms)
			ProcessInitializeOnLoadAttributes (157ms)
			ProcessInitializeOnLoadMethodAttributes (18ms)
			AfterProcessingInitializeOnLoad (1ms)
			EditorAssembliesLoaded (0ms)
		ExecutionOrderSort2 (0ms)
		AwakeInstancesAfterBackupRestoration (1ms)
Refreshing native plugins compatible for Editor in 0.15 ms, found 1 plugins.
Preloading 0 native plugins for Editor in 0.00 ms.
Unloading 1 Unused Serialized files (Serialized files now loaded: 0)
Unloading 2276 unused Assets / (0.6 MB). Loaded Objects now: 3018.
Memory consumption went from 118.2 MB to 117.6 MB.
Total: 3.421833 ms (FindLiveObjects: 0.100083 ms CreateObjectMapping: 0.044333 ms MarkObjects: 3.012000 ms  DeleteObjects: 0.265000 ms)

Prepare: number of updated asset objects reloaded= 0
========================================================================
Received Prepare
Begin MonoManager ReloadAssembly
[Licensing::Client] Successfully resolved entitlement details
[Licensing::Module] License group:
  Id: F4-QKKD-GK3D-QK4Z-FWRN-XXXX
  Product: Unity Personal
  Type: ULF
  Expiration: Unlimited
[Licensing::Module] License group:
  Id: 5773889045670-UnityPersXXXX
  Product: Unity Personal
  Type: Assigned
  Expiration: Unlimited
Thread 0x16d56f000 may have been prematurely finalized
Symbol file LoadedFromMemory is not a mono symbol file
- Loaded All Assemblies, in  0.217 seconds
Refreshing native plugins compatible for Editor in 0.11 ms, found 1 plugins.
Native extension for WindowsStandalone target not found
Native extension for OSXStandalone target not found
Native extension for WebGL target not found
[Package Manager] Failed to launch server process. Reason: Unity was launched with the -noUpm command-line argument
[Package Manager] Unable to send message (not connected to server process).
[Package Manager] Cannot connect to Unity Package Manager local server
[Package Manager] Failed to launch server process. Reason: Unity was launched with the -noUpm command-line argument
[Package Manager] Unable to send message (not connected to server process).
[Package Manager] Cannot connect to Unity Package Manager local server
ScheduleIndexationOnStartup MainProcess:False IndexOnStartup:True
Mono: successfully reloaded assembly
- Finished resetting the current domain, in  0.289 seconds
Domain Reload Profiling: 507ms
	BeginReloadAssembly (72ms)
		ExecutionOrderSort (0ms)
		DisableScriptedObjects (2ms)
		BackupInstance (0ms)
		ReleaseScriptingObjects (0ms)
		CreateAndSetChildDomain (17ms)
	RebuildCommonClasses (19ms)
	RebuildNativeTypeToScriptingClass (7ms)
	initialDomainReloadingComplete (10ms)
	LoadAllAssembliesAndSetupDomain (110ms)
		LoadAssemblies (89ms)
		RebuildTransferFunctionScriptingTraits (0ms)
		AnalyzeDomain (46ms)
			TypeCache.Refresh (3ms)
				TypeCache.ScanAssembly (0ms)
			BuildScriptInfoCaches (39ms)
			ResolveRequiredComponents (1ms)
	FinalizeReload (289ms)
		ReleaseScriptCaches (0ms)
		RebuildScriptCaches (0ms)
		SetupLoadedEditorAssemblies (233ms)
			LogAssemblyErrors (0ms)
			InitializePlatformSupportModulesInManaged (2ms)
			SetLoadedEditorAssemblies (2ms)
			BeforeProcessingInitializeOnLoad (54ms)
			ProcessInitializeOnLoadAttributes (159ms)
			ProcessInitializeOnLoadMethodAttributes (17ms)
			AfterProcessingInitializeOnLoad (1ms)
			EditorAssembliesLoaded (0ms)
		ExecutionOrderSort2 (0ms)
		AwakeInstancesAfterBackupRestoration (1ms)
Refreshing native plugins compatible for Editor in 0.16 ms, found 1 plugins.
Preloading 0 native plugins for Editor in 0.00 ms.
Unloading 1 Unused Serialized files (Serialized files now loaded: 0)
Unloading 2276 unused Assets / (280.5 KB). Loaded Objects now: 3019.
Memory consumption went from 118.2 MB to 117.9 MB.
Total: 3.829917 ms (FindLiveObjects: 0.111792 ms CreateObjectMapping: 0.042417 ms MarkObjects: 3.351375 ms  DeleteObjects: 0.324042 ms)

Prepare: number of updated asset objects reloaded= 0
========================================================================
Received Prepare
Begin MonoManager ReloadAssembly
[Licensing::Client] Successfully resolved entitlement details
[Licensing::Module] License group:
  Id: F4-QKKD-GK3D-QK4Z-FWRN-XXXX
  Product: Unity Personal
  Type: ULF
  Expiration: Unlimited
[Licensing::Module] License group:
  Id: 5773889045670-UnityPersXXXX
  Product: Unity Personal
  Type: Assigned
  Expiration: Unlimited
Thread 0x16d56f000 may have been prematurely finalized
Symbol file LoadedFromMemory is not a mono symbol file
- Loaded All Assemblies, in  0.211 seconds
Refreshing native plugins compatible for Editor in 0.12 ms, found 1 plugins.
Native extension for WindowsStandalone target not found
Native extension for OSXStandalone target not found
Native extension for WebGL target not found
[Package Manager] Failed to launch server process. Reason: Unity was launched with the -noUpm command-line argument
[Package Manager] Unable to send message (not connected to server process).
[Package Manager] Cannot connect to Unity Package Manager local server
[Package Manager] Failed to launch server process. Reason: Unity was launched with the -noUpm command-line argument
[Package Manager] Unable to send message (not connected to server process).
[Package Manager] Cannot connect to Unity Package Manager local server
ScheduleIndexationOnStartup MainProcess:False IndexOnStartup:True
Mono: successfully reloaded assembly
- Finished resetting the current domain, in  0.288 seconds
Domain Reload Profiling: 500ms
	BeginReloadAssembly (69ms)
		ExecutionOrderSort (0ms)
		DisableScriptedObjects (2ms)
		BackupInstance (0ms)
		ReleaseScriptingObjects (0ms)
		CreateAndSetChildDomain (16ms)
	RebuildCommonClasses (19ms)
	RebuildNativeTypeToScriptingClass (7ms)
	initialDomainReloadingComplete (9ms)
	LoadAllAssembliesAndSetupDomain (108ms)
		LoadAssemblies (85ms)
		RebuildTransferFunctionScriptingTraits (0ms)
		AnalyzeDomain (45ms)
			TypeCache.Refresh (3ms)
				TypeCache.ScanAssembly (0ms)
			BuildScriptInfoCaches (39ms)
			ResolveRequiredComponents (1ms)
	FinalizeReload (288ms)
		ReleaseScriptCaches (0ms)
		RebuildScriptCaches (0ms)
		SetupLoadedEditorAssemblies (234ms)
			LogAssemblyErrors (0ms)
			InitializePlatformSupportModulesInManaged (1ms)
			SetLoadedEditorAssemblies (2ms)
			BeforeProcessingInitializeOnLoad (54ms)
			ProcessInitializeOnLoadAttributes (160ms)
			ProcessInitializeOnLoadMethodAttributes (17ms)
			AfterProcessingInitializeOnLoad (0ms)
			EditorAssembliesLoaded (0ms)
		ExecutionOrderSort2 (0ms)
		AwakeInstancesAfterBackupRestoration (1ms)
Refreshing native plugins compatible for Editor in 0.15 ms, found 1 plugins.
Preloading 0 native plugins for Editor in 0.00 ms.
Unloading 1 Unused Serialized files (Serialized files now loaded: 0)
Unloading 2276 unused Assets / (0.5 MB). Loaded Objects now: 3020.
Memory consumption went from 118.2 MB to 117.6 MB.
Total: 3.663500 ms (FindLiveObjects: 0.117625 ms CreateObjectMapping: 0.041167 ms MarkObjects: 3.191459 ms  DeleteObjects: 0.312958 ms)

Prepare: number of updated asset objects reloaded= 0
========================================================================
Received Prepare
Refreshing native plugins compatible for Editor in 0.15 ms, found 1 plugins.
Preloading 0 native plugins for Editor in 0.00 ms.
Unloading 1 Unused Serialized files (Serialized files now loaded: 0)
Unloading 2272 unused Assets / (0.6 MB). Loaded Objects now: 3020.
Memory consumption went from 109.0 MB to 108.4 MB.
Total: 3.494291 ms (FindLiveObjects: 0.099666 ms CreateObjectMapping: 0.047084 ms MarkObjects: 3.076416 ms  DeleteObjects: 0.270958 ms)

Prepare: number of updated asset objects reloaded= 0
========================================================================
Received Prepare
Begin MonoManager ReloadAssembly
[Licensing::Client] Successfully resolved entitlement details
[Licensing::Module] License group:
  Id: F4-QKKD-GK3D-QK4Z-FWRN-XXXX
  Product: Unity Personal
  Type: ULF
  Expiration: Unlimited
[Licensing::Module] License group:
  Id: 5773889045670-UnityPersXXXX
  Product: Unity Personal
  Type: Assigned
  Expiration: Unlimited
Thread 0x16d56f000 may have been prematurely finalized
Symbol file LoadedFromMemory is not a mono symbol file
- Loaded All Assemblies, in  0.220 seconds
Refreshing native plugins compatible for Editor in 0.09 ms, found 1 plugins.
Native extension for WindowsStandalone target not found
Native extension for OSXStandalone target not found
Native extension for WebGL target not found
[Package Manager] Failed to launch server process. Reason: Unity was launched with the -noUpm command-line argument
[Package Manager] Unable to send message (not connected to server process).
[Package Manager] Cannot connect to Unity Package Manager local server
[Package Manager] Failed to launch server process. Reason: Unity was launched with the -noUpm command-line argument
[Package Manager] Unable to send message (not connected to server process).
[Package Manager] Cannot connect to Unity Package Manager local server
ScheduleIndexationOnStartup MainProcess:False IndexOnStartup:True
Mono: successfully reloaded assembly
- Finished resetting the current domain, in  0.289 seconds
Domain Reload Profiling: 511ms
	BeginReloadAssembly (71ms)
		ExecutionOrderSort (0ms)
		DisableScriptedObjects (2ms)
		BackupInstance (0ms)
		ReleaseScriptingObjects (0ms)
		CreateAndSetChildDomain (19ms)
	RebuildCommonClasses (19ms)
	RebuildNativeTypeToScriptingClass (7ms)
	initialDomainReloadingComplete (9ms)
	LoadAllAssembliesAndSetupDomain (114ms)
		LoadAssemblies (90ms)
		RebuildTransferFunctionScriptingTraits (0ms)
		AnalyzeDomain (47ms)
			TypeCache.Refresh (5ms)
				TypeCache.ScanAssembly (1ms)
			BuildScriptInfoCaches (39ms)
			ResolveRequiredComponents (1ms)
	FinalizeReload (290ms)
		ReleaseScriptCaches (0ms)
		RebuildScriptCaches (0ms)
		SetupLoadedEditorAssemblies (235ms)
			LogAssemblyErrors (0ms)
			InitializePlatformSupportModulesInManaged (1ms)
			SetLoadedEditorAssemblies (2ms)
			BeforeProcessingInitializeOnLoad (53ms)
			ProcessInitializeOnLoadAttributes (158ms)
			ProcessInitializeOnLoadMethodAttributes (20ms)
			AfterProcessingInitializeOnLoad (1ms)
			EditorAssembliesLoaded (0ms)
		ExecutionOrderSort2 (0ms)
		AwakeInstancesAfterBackupRestoration (1ms)
Refreshing native plugins compatible for Editor in 0.14 ms, found 1 plugins.
Preloading 0 native plugins for Editor in 0.00 ms.
Unloading 1 Unused Serialized files (Serialized files now loaded: 0)
Unloading 2276 unused Assets / (0.6 MB). Loaded Objects now: 3021.
Memory consumption went from 118.2 MB to 117.6 MB.
Total: 3.515416 ms (FindLiveObjects: 0.103250 ms CreateObjectMapping: 0.046083 ms MarkObjects: 3.086750 ms  DeleteObjects: 0.278958 ms)

Prepare: number of updated asset objects reloaded= 0
========================================================================
Received Prepare
Begin MonoManager ReloadAssembly
[Licensing::Client] Successfully resolved entitlement details
[Licensing::Module] License group:
  Id: F4-QKKD-GK3D-QK4Z-FWRN-XXXX
  Product: Unity Personal
  Type: ULF
  Expiration: Unlimited
[Licensing::Module] License group:
  Id: 5773889045670-UnityPersXXXX
  Product: Unity Personal
  Type: Assigned
  Expiration: Unlimited
Thread 0x16d56f000 may have been prematurely finalized
Symbol file LoadedFromMemory is not a mono symbol file
- Loaded All Assemblies, in  0.212 seconds
Refreshing native plugins compatible for Editor in 0.11 ms, found 1 plugins.
Native extension for WindowsStandalone target not found
Native extension for OSXStandalone target not found
Native extension for WebGL target not found
[Package Manager] Failed to launch server process. Reason: Unity was launched with the -noUpm command-line argument
[Package Manager] Unable to send message (not connected to server process).
[Package Manager] Cannot connect to Unity Package Manager local server
[Package Manager] Failed to launch server process. Reason: Unity was launched with the -noUpm command-line argument
[Package Manager] Unable to send message (not connected to server process).
[Package Manager] Cannot connect to Unity Package Manager local server
ScheduleIndexationOnStartup MainProcess:False IndexOnStartup:True
Mono: successfully reloaded assembly
- Finished resetting the current domain, in  0.288 seconds
Domain Reload Profiling: 500ms
	BeginReloadAssembly (75ms)
		ExecutionOrderSort (0ms)
		DisableScriptedObjects (2ms)
		BackupInstance (0ms)
		ReleaseScriptingObjects (0ms)
		CreateAndSetChildDomain (19ms)
	RebuildCommonClasses (20ms)
	RebuildNativeTypeToScriptingClass (7ms)
	initialDomainReloadingComplete (10ms)
	LoadAllAssembliesAndSetupDomain (101ms)
		LoadAssemblies (77ms)
		RebuildTransferFunctionScriptingTraits (0ms)
		AnalyzeDomain (46ms)
			TypeCache.Refresh (3ms)
				TypeCache.ScanAssembly (0ms)
			BuildScriptInfoCaches (40ms)
			ResolveRequiredComponents (2ms)
	FinalizeReload (288ms)
		ReleaseScriptCaches (0ms)
		RebuildScriptCaches (0ms)
		SetupLoadedEditorAssemblies (232ms)
			LogAssemblyErrors (0ms)
			InitializePlatformSupportModulesInManaged (2ms)
			SetLoadedEditorAssemblies (2ms)
			BeforeProcessingInitializeOnLoad (52ms)
			ProcessInitializeOnLoadAttributes (158ms)
			ProcessInitializeOnLoadMethodAttributes (18ms)
			AfterProcessingInitializeOnLoad (1ms)
			EditorAssembliesLoaded (0ms)
		ExecutionOrderSort2 (0ms)
		AwakeInstancesAfterBackupRestoration (1ms)
Refreshing native plugins compatible for Editor in 0.15 ms, found 1 plugins.
Preloading 0 native plugins for Editor in 0.00 ms.
Unloading 1 Unused Serialized files (Serialized files now loaded: 0)
Unloading 2276 unused Assets / (0.5 MB). Loaded Objects now: 3022.
Memory consumption went from 118.2 MB to 117.6 MB.
Total: 3.214125 ms (FindLiveObjects: 0.099375 ms CreateObjectMapping: 0.039917 ms MarkObjects: 2.802208 ms  DeleteObjects: 0.272333 ms)

Prepare: number of updated asset objects reloaded= 0
========================================================================
Received Prepare
Refreshing native plugins compatible for Editor in 0.16 ms, found 1 plugins.
Preloading 0 native plugins for Editor in 0.00 ms.
Unloading 1 Unused Serialized files (Serialized files now loaded: 0)
Unloading 2272 unused Assets / (472.7 KB). Loaded Objects now: 3022.
Memory consumption went from 109.0 MB to 108.5 MB.
Total: 4.152833 ms (FindLiveObjects: 0.153833 ms CreateObjectMapping: 0.122542 ms MarkObjects: 3.498291 ms  DeleteObjects: 0.377708 ms)

Prepare: number of updated asset objects reloaded= 0
========================================================================
Received Prepare
Begin MonoManager ReloadAssembly
[Licensing::Client] Successfully resolved entitlement details
[Licensing::Module] License group:
  Id: F4-QKKD-GK3D-QK4Z-FWRN-XXXX
  Product: Unity Personal
  Type: ULF
  Expiration: Unlimited
[Licensing::Module] License group:
  Id: 5773889045670-UnityPersXXXX
  Product: Unity Personal
  Type: Assigned
  Expiration: Unlimited
Thread 0x16d56f000 may have been prematurely finalized
Symbol file LoadedFromMemory is not a mono symbol file
- Loaded All Assemblies, in  0.225 seconds
Refreshing native plugins compatible for Editor in 0.10 ms, found 1 plugins.
Native extension for WindowsStandalone target not found
Native extension for OSXStandalone target not found
Native extension for WebGL target not found
[Package Manager] Failed to launch server process. Reason: Unity was launched with the -noUpm command-line argument
[Package Manager] Unable to send message (not connected to server process).
[Package Manager] Cannot connect to Unity Package Manager local server
[Package Manager] Failed to launch server process. Reason: Unity was launched with the -noUpm command-line argument
[Package Manager] Unable to send message (not connected to server process).
[Package Manager] Cannot connect to Unity Package Manager local server
ScheduleIndexationOnStartup MainProcess:False IndexOnStartup:True
Mono: successfully reloaded assembly
- Finished resetting the current domain, in  0.293 seconds
Domain Reload Profiling: 519ms
	BeginReloadAssembly (79ms)
		ExecutionOrderSort (0ms)
		DisableScriptedObjects (2ms)
		BackupInstance (0ms)
		ReleaseScriptingObjects (0ms)
		CreateAndSetChildDomain (21ms)
	RebuildCommonClasses (19ms)
	RebuildNativeTypeToScriptingClass (7ms)
	initialDomainReloadingComplete (10ms)
	LoadAllAssembliesAndSetupDomain (112ms)
		LoadAssemblies (90ms)
		RebuildTransferFunctionScriptingTraits (0ms)
		AnalyzeDomain (47ms)
			TypeCache.Refresh (5ms)
				TypeCache.ScanAssembly (1ms)
			BuildScriptInfoCaches (39ms)
			ResolveRequiredComponents (1ms)
	FinalizeReload (293ms)
		ReleaseScriptCaches (0ms)
		RebuildScriptCaches (0ms)
		SetupLoadedEditorAssemblies (235ms)
			LogAssemblyErrors (0ms)
			InitializePlatformSupportModulesInManaged (1ms)
			SetLoadedEditorAssemblies (2ms)
			BeforeProcessingInitializeOnLoad (55ms)
			ProcessInitializeOnLoadAttributes (158ms)
			ProcessInitializeOnLoadMethodAttributes (19ms)
			AfterProcessingInitializeOnLoad (1ms)
			EditorAssembliesLoaded (0ms)
		ExecutionOrderSort2 (0ms)
		AwakeInstancesAfterBackupRestoration (1ms)
Refreshing native plugins compatible for Editor in 0.13 ms, found 1 plugins.
Preloading 0 native plugins for Editor in 0.00 ms.
Unloading 1 Unused Serialized files (Serialized files now loaded: 0)
Unloading 2276 unused Assets / (0.5 MB). Loaded Objects now: 3023.
Memory consumption went from 118.2 MB to 117.7 MB.
Total: 3.635292 ms (FindLiveObjects: 0.112042 ms CreateObjectMapping: 0.043041 ms MarkObjects: 3.188625 ms  DeleteObjects: 0.291417 ms)

Prepare: number of updated asset objects reloaded= 0
========================================================================
Received Prepare
Begin MonoManager ReloadAssembly
Thread 0x16d56f000 may have been prematurely finalized
Symbol file LoadedFromMemory is not a mono symbol file
- Loaded All Assemblies, in  0.217 seconds
Refreshing native plugins compatible for Editor in 0.27 ms, found 1 plugins.
Native extension for WindowsStandalone target not found
Native extension for OSXStandalone target not found
Native extension for WebGL target not found
[Package Manager] Failed to launch server process. Reason: Unity was launched with the -noUpm command-line argument
[Package Manager] Unable to send message (not connected to server process).
[Package Manager] Cannot connect to Unity Package Manager local server
[Package Manager] Failed to launch server process. Reason: Unity was launched with the -noUpm command-line argument
[Package Manager] Unable to send message (not connected to server process).
[Package Manager] Cannot connect to Unity Package Manager local server
ScheduleIndexationOnStartup MainProcess:False IndexOnStartup:True
Mono: successfully reloaded assembly
- Finished resetting the current domain, in  0.301 seconds
Domain Reload Profiling: 519ms
	BeginReloadAssembly (74ms)
		ExecutionOrderSort (0ms)
		DisableScriptedObjects (2ms)
		BackupInstance (0ms)
		ReleaseScriptingObjects (0ms)
		CreateAndSetChildDomain (19ms)
	RebuildCommonClasses (20ms)
	RebuildNativeTypeToScriptingClass (7ms)
	initialDomainReloadingComplete (10ms)
	LoadAllAssembliesAndSetupDomain (108ms)
		LoadAssemblies (84ms)
		RebuildTransferFunctionScriptingTraits (0ms)
		AnalyzeDomain (49ms)
			TypeCache.Refresh (5ms)
				TypeCache.ScanAssembly (0ms)
			BuildScriptInfoCaches (40ms)
			ResolveRequiredComponents (1ms)
	FinalizeReload (301ms)
		ReleaseScriptCaches (0ms)
		RebuildScriptCaches (0ms)
		SetupLoadedEditorAssemblies (239ms)
			LogAssemblyErrors (0ms)
			InitializePlatformSupportModulesInManaged (2ms)
			SetLoadedEditorAssemblies (2ms)
			BeforeProcessingInitializeOnLoad (57ms)
			ProcessInitializeOnLoadAttributes (161ms)
			ProcessInitializeOnLoadMethodAttributes (17ms)
			AfterProcessingInitializeOnLoad (0ms)
			EditorAssembliesLoaded (0ms)
		ExecutionOrderSort2 (0ms)
		AwakeInstancesAfterBackupRestoration (1ms)
Refreshing native plugins compatible for Editor in 0.12 ms, found 1 plugins.
Preloading 0 native plugins for Editor in 0.00 ms.
Unloading 1 Unused Serialized files (Serialized files now loaded: 0)
Unloading 2276 unused Assets / (455.1 KB). Loaded Objects now: 3024.
Memory consumption went from 118.2 MB to 117.7 MB.
Total: 3.716833 ms (FindLiveObjects: 0.110250 ms CreateObjectMapping: 0.043084 ms MarkObjects: 3.224000 ms  DeleteObjects: 0.339333 ms)

Prepare: number of updated asset objects reloaded= 0
========================================================================
Received Prepare
Begin MonoManager ReloadAssembly
[Licensing::Client] Successfully resolved entitlement details
[Licensing::Module] License group:
  Id: F4-QKKD-GK3D-QK4Z-FWRN-XXXX
  Product: Unity Personal
  Type: ULF
  Expiration: Unlimited
[Licensing::Module] License group:
  Id: 5773889045670-UnityPersXXXX
  Product: Unity Personal
  Type: Assigned
  Expiration: Unlimited
Thread 0x16d56f000 may have been prematurely finalized
Symbol file LoadedFromMemory is not a mono symbol file
- Loaded All Assemblies, in  0.301 seconds
Refreshing native plugins compatible for Editor in 0.13 ms, found 1 plugins.
Native extension for WindowsStandalone target not found
Native extension for OSXStandalone target not found
Native extension for WebGL target not found
[Package Manager] Failed to launch server process. Reason: Unity was launched with the -noUpm command-line argument
[Package Manager] Unable to send message (not connected to server process).
[Package Manager] Cannot connect to Unity Package Manager local server
[Package Manager] Failed to launch server process. Reason: Unity was launched with the -noUpm command-line argument
[Package Manager] Unable to send message (not connected to server process).
[Package Manager] Cannot connect to Unity Package Manager local server
ScheduleIndexationOnStartup MainProcess:False IndexOnStartup:True
Mono: successfully reloaded assembly
- Finished resetting the current domain, in  0.305 seconds
Domain Reload Profiling: 607ms
	BeginReloadAssembly (117ms)
		ExecutionOrderSort (0ms)
		DisableScriptedObjects (5ms)
		BackupInstance (0ms)
		ReleaseScriptingObjects (0ms)
		CreateAndSetChildDomain (34ms)
	RebuildCommonClasses (20ms)
	RebuildNativeTypeToScriptingClass (7ms)
	initialDomainReloadingComplete (13ms)
	LoadAllAssembliesAndSetupDomain (144ms)
		LoadAssemblies (135ms)
		RebuildTransferFunctionScriptingTraits (0ms)
		AnalyzeDomain (50ms)
			TypeCache.Refresh (6ms)
				TypeCache.ScanAssembly (1ms)
			BuildScriptInfoCaches (40ms)
			ResolveRequiredComponents (1ms)
	FinalizeReload (305ms)
		ReleaseScriptCaches (0ms)
		RebuildScriptCaches (0ms)
		SetupLoadedEditorAssemblies (243ms)
			LogAssemblyErrors (0ms)
			InitializePlatformSupportModulesInManaged (2ms)
			SetLoadedEditorAssemblies (2ms)
			BeforeProcessingInitializeOnLoad (56ms)
			ProcessInitializeOnLoadAttributes (164ms)
			ProcessInitializeOnLoadMethodAttributes (18ms)
			AfterProcessingInitializeOnLoad (0ms)
			EditorAssembliesLoaded (0ms)
		ExecutionOrderSort2 (0ms)
		AwakeInstancesAfterBackupRestoration (1ms)
Refreshing native plugins compatible for Editor in 0.15 ms, found 1 plugins.
Preloading 0 native plugins for Editor in 0.00 ms.
Unloading 1 Unused Serialized files (Serialized files now loaded: 0)
Unloading 2276 unused Assets / (0.6 MB). Loaded Objects now: 3025.
Memory consumption went from 118.2 MB to 117.6 MB.
Total: 3.720208 ms (FindLiveObjects: 0.093375 ms CreateObjectMapping: 0.043416 ms MarkObjects: 3.283250 ms  DeleteObjects: 0.300000 ms)

Prepare: number of updated asset objects reloaded= 0
========================================================================
Received Prepare
Begin MonoManager ReloadAssembly
Thread 0x16d56f000 may have been prematurely finalized
Symbol file LoadedFromMemory is not a mono symbol file
- Loaded All Assemblies, in  0.215 seconds
Refreshing native plugins compatible for Editor in 0.10 ms, found 1 plugins.
Native extension for WindowsStandalone target not found
Native extension for OSXStandalone target not found
Native extension for WebGL target not found
[Package Manager] Failed to launch server process. Reason: Unity was launched with the -noUpm command-line argument
[Package Manager] Unable to send message (not connected to server process).
[Package Manager] Cannot connect to Unity Package Manager local server
[Package Manager] Failed to launch server process. Reason: Unity was launched with the -noUpm command-line argument
[Package Manager] Unable to send message (not connected to server process).
[Package Manager] Cannot connect to Unity Package Manager local server
ScheduleIndexationOnStartup MainProcess:False IndexOnStartup:True
Mono: successfully reloaded assembly
- Finished resetting the current domain, in  0.309 seconds
Domain Reload Profiling: 525ms
	BeginReloadAssembly (73ms)
		ExecutionOrderSort (0ms)
		DisableScriptedObjects (2ms)
		BackupInstance (0ms)
		ReleaseScriptingObjects (0ms)
		CreateAndSetChildDomain (17ms)
	RebuildCommonClasses (21ms)
	RebuildNativeTypeToScriptingClass (8ms)
	initialDomainReloadingComplete (10ms)
	LoadAllAssembliesAndSetupDomain (104ms)
		LoadAssemblies (83ms)
		RebuildTransferFunctionScriptingTraits (0ms)
		AnalyzeDomain (46ms)
			TypeCache.Refresh (4ms)
				TypeCache.ScanAssembly (0ms)
			BuildScriptInfoCaches (40ms)
			ResolveRequiredComponents (1ms)
	FinalizeReload (309ms)
		ReleaseScriptCaches (0ms)
		RebuildScriptCaches (0ms)
		SetupLoadedEditorAssemblies (250ms)
			LogAssemblyErrors (0ms)
			InitializePlatformSupportModulesInManaged (2ms)
			SetLoadedEditorAssemblies (2ms)
			BeforeProcessingInitializeOnLoad (64ms)
			ProcessInitializeOnLoadAttributes (163ms)
			ProcessInitializeOnLoadMethodAttributes (20ms)
			AfterProcessingInitializeOnLoad (1ms)
			EditorAssembliesLoaded (0ms)
		ExecutionOrderSort2 (0ms)
		AwakeInstancesAfterBackupRestoration (1ms)
Refreshing native plugins compatible for Editor in 0.12 ms, found 1 plugins.
Preloading 0 native plugins for Editor in 0.00 ms.
Unloading 1 Unused Serialized files (Serialized files now loaded: 0)
Unloading 2276 unused Assets / (0.6 MB). Loaded Objects now: 3026.
Memory consumption went from 118.2 MB to 117.6 MB.
Total: 3.617292 ms (FindLiveObjects: 0.106667 ms CreateObjectMapping: 0.042291 ms MarkObjects: 3.175542 ms  DeleteObjects: 0.292458 ms)

Prepare: number of updated asset objects reloaded= 0
========================================================================
Received Prepare
Begin MonoManager ReloadAssembly
[Licensing::Client] Successfully resolved entitlement details
[Licensing::Module] License group:
  Id: F4-QKKD-GK3D-QK4Z-FWRN-XXXX
  Product: Unity Personal
  Type: ULF
  Expiration: Unlimited
[Licensing::Module] License group:
  Id: 5773889045670-UnityPersXXXX
  Product: Unity Personal
  Type: Assigned
  Expiration: Unlimited
Thread 0x16d56f000 may have been prematurely finalized
Symbol file LoadedFromMemory is not a mono symbol file
- Loaded All Assemblies, in  0.220 seconds
Refreshing native plugins compatible for Editor in 0.10 ms, found 1 plugins.
Native extension for WindowsStandalone target not found
Native extension for OSXStandalone target not found
Native extension for WebGL target not found
[Package Manager] Failed to launch server process. Reason: Unity was launched with the -noUpm command-line argument
[Package Manager] Unable to send message (not connected to server process).
[Package Manager] Cannot connect to Unity Package Manager local server
[Package Manager] Failed to launch server process. Reason: Unity was launched with the -noUpm command-line argument
[Package Manager] Unable to send message (not connected to server process).
[Package Manager] Cannot connect to Unity Package Manager local server
ScheduleIndexationOnStartup MainProcess:False IndexOnStartup:True
Mono: successfully reloaded assembly
- Finished resetting the current domain, in  0.288 seconds
Domain Reload Profiling: 509ms
	BeginReloadAssembly (70ms)
		ExecutionOrderSort (0ms)
		DisableScriptedObjects (2ms)
		BackupInstance (0ms)
		ReleaseScriptingObjects (0ms)
		CreateAndSetChildDomain (16ms)
	RebuildCommonClasses (20ms)
	RebuildNativeTypeToScriptingClass (7ms)
	initialDomainReloadingComplete (10ms)
	LoadAllAssembliesAndSetupDomain (114ms)
		LoadAssemblies (90ms)
		RebuildTransferFunctionScriptingTraits (0ms)
		AnalyzeDomain (48ms)
			TypeCache.Refresh (4ms)
				TypeCache.ScanAssembly (0ms)
			BuildScriptInfoCaches (41ms)
			ResolveRequiredComponents (1ms)
	FinalizeReload (288ms)
		ReleaseScriptCaches (0ms)
		RebuildScriptCaches (0ms)
		SetupLoadedEditorAssemblies (233ms)
			LogAssemblyErrors (0ms)
			InitializePlatformSupportModulesInManaged (1ms)
			SetLoadedEditorAssemblies (2ms)
			BeforeProcessingInitializeOnLoad (54ms)
			ProcessInitializeOnLoadAttributes (157ms)
			ProcessInitializeOnLoadMethodAttributes (18ms)
			AfterProcessingInitializeOnLoad (0ms)
			EditorAssembliesLoaded (0ms)
		ExecutionOrderSort2 (0ms)
		AwakeInstancesAfterBackupRestoration (1ms)
Refreshing native plugins compatible for Editor in 0.16 ms, found 1 plugins.
Preloading 0 native plugins for Editor in 0.00 ms.
Unloading 1 Unused Serialized files (Serialized files now loaded: 0)
Unloading 2276 unused Assets / (0.6 MB). Loaded Objects now: 3027.
Memory consumption went from 118.2 MB to 117.6 MB.
Total: 3.649250 ms (FindLiveObjects: 0.095167 ms CreateObjectMapping: 0.043708 ms MarkObjects: 3.208584 ms  DeleteObjects: 0.301583 ms)

Prepare: number of updated asset objects reloaded= 0
========================================================================
Received Prepare
Refreshing native plugins compatible for Editor in 0.15 ms, found 1 plugins.
Preloading 0 native plugins for Editor in 0.00 ms.
Unloading 1 Unused Serialized files (Serialized files now loaded: 0)
Unloading 2272 unused Assets / (0.6 MB). Loaded Objects now: 3027.
Memory consumption went from 109.0 MB to 108.4 MB.
Total: 3.416375 ms (FindLiveObjects: 0.100875 ms CreateObjectMapping: 0.046041 ms MarkObjects: 2.988792 ms  DeleteObjects: 0.280375 ms)

Prepare: number of updated asset objects reloaded= 0
========================================================================
Received Prepare
Begin MonoManager ReloadAssembly
[Licensing::Client] Successfully resolved entitlement details
[Licensing::Module] License group:
  Id: F4-QKKD-GK3D-QK4Z-FWRN-XXXX
  Product: Unity Personal
  Type: ULF
  Expiration: Unlimited
[Licensing::Module] License group:
  Id: 5773889045670-UnityPersXXXX
  Product: Unity Personal
  Type: Assigned
  Expiration: Unlimited
Thread 0x16d56f000 may have been prematurely finalized
Symbol file LoadedFromMemory is not a mono symbol file
- Loaded All Assemblies, in  0.225 seconds
Refreshing native plugins compatible for Editor in 0.12 ms, found 1 plugins.
Native extension for WindowsStandalone target not found
Native extension for OSXStandalone target not found
Native extension for WebGL target not found
[Package Manager] Failed to launch server process. Reason: Unity was launched with the -noUpm command-line argument
[Package Manager] Unable to send message (not connected to server process).
[Package Manager] Cannot connect to Unity Package Manager local server
[Package Manager] Failed to launch server process. Reason: Unity was launched with the -noUpm command-line argument
[Package Manager] Unable to send message (not connected to server process).
[Package Manager] Cannot connect to Unity Package Manager local server
ScheduleIndexationOnStartup MainProcess:False IndexOnStartup:True
Mono: successfully reloaded assembly
- Finished resetting the current domain, in  0.296 seconds
Domain Reload Profiling: 522ms
	BeginReloadAssembly (74ms)
		ExecutionOrderSort (0ms)
		DisableScriptedObjects (2ms)
		BackupInstance (0ms)
		ReleaseScriptingObjects (0ms)
		CreateAndSetChildDomain (17ms)
	RebuildCommonClasses (19ms)
	RebuildNativeTypeToScriptingClass (7ms)
	initialDomainReloadingComplete (10ms)
	LoadAllAssembliesAndSetupDomain (116ms)
		LoadAssemblies (94ms)
		RebuildTransferFunctionScriptingTraits (0ms)
		AnalyzeDomain (48ms)
			TypeCache.Refresh (6ms)
				TypeCache.ScanAssembly (1ms)
			BuildScriptInfoCaches (39ms)
			ResolveRequiredComponents (1ms)
	FinalizeReload (296ms)
		ReleaseScriptCaches (0ms)
		RebuildScriptCaches (0ms)
		SetupLoadedEditorAssemblies (240ms)
			LogAssemblyErrors (0ms)
			InitializePlatformSupportModulesInManaged (1ms)
			SetLoadedEditorAssemblies (2ms)
			BeforeProcessingInitializeOnLoad (55ms)
			ProcessInitializeOnLoadAttributes (163ms)
			ProcessInitializeOnLoadMethodAttributes (18ms)
			AfterProcessingInitializeOnLoad (0ms)
			EditorAssembliesLoaded (0ms)
		ExecutionOrderSort2 (0ms)
		AwakeInstancesAfterBackupRestoration (1ms)
Refreshing native plugins compatible for Editor in 0.13 ms, found 1 plugins.
Preloading 0 native plugins for Editor in 0.00 ms.
Unloading 1 Unused Serialized files (Serialized files now loaded: 0)
Unloading 2276 unused Assets / (100.7 KB). Loaded Objects now: 3028.
Memory consumption went from 118.2 MB to 118.1 MB.
Total: 3.935000 ms (FindLiveObjects: 0.118250 ms CreateObjectMapping: 0.041667 ms MarkObjects: 3.470875 ms  DeleteObjects: 0.303708 ms)

Prepare: number of updated asset objects reloaded= 0
========================================================================
Received Prepare
Refreshing native plugins compatible for Editor in 0.13 ms, found 1 plugins.
Preloading 0 native plugins for Editor in 0.00 ms.
Unloading 1 Unused Serialized files (Serialized files now loaded: 0)
Unloading 2272 unused Assets / (0.6 MB). Loaded Objects now: 3028.
Memory consumption went from 109.0 MB to 108.5 MB.
Total: 3.280584 ms (FindLiveObjects: 0.119042 ms CreateObjectMapping: 0.044083 ms MarkObjects: 2.853292 ms  DeleteObjects: 0.263833 ms)

Prepare: number of updated asset objects reloaded= 0
========================================================================
Received Prepare
Begin MonoManager ReloadAssembly
Thread 0x16d56f000 may have been prematurely finalized
Symbol file LoadedFromMemory is not a mono symbol file
- Loaded All Assemblies, in  0.229 seconds
Refreshing native plugins compatible for Editor in 0.10 ms, found 1 plugins.
Native extension for WindowsStandalone target not found
Native extension for OSXStandalone target not found
Native extension for WebGL target not found
[Package Manager] Failed to launch server process. Reason: Unity was launched with the -noUpm command-line argument
[Package Manager] Unable to send message (not connected to server process).
[Package Manager] Cannot connect to Unity Package Manager local server
[Package Manager] Failed to launch server process. Reason: Unity was launched with the -noUpm command-line argument
[Package Manager] Unable to send message (not connected to server process).
[Package Manager] Cannot connect to Unity Package Manager local server
ScheduleIndexationOnStartup MainProcess:False IndexOnStartup:True
Mono: successfully reloaded assembly
- Finished resetting the current domain, in  0.292 seconds
Domain Reload Profiling: 522ms
	BeginReloadAssembly (72ms)
		ExecutionOrderSort (0ms)
		DisableScriptedObjects (2ms)
		BackupInstance (0ms)
		ReleaseScriptingObjects (0ms)
		CreateAndSetChildDomain (18ms)
	RebuildCommonClasses (19ms)
	RebuildNativeTypeToScriptingClass (7ms)
	initialDomainReloadingComplete (10ms)
	LoadAllAssembliesAndSetupDomain (123ms)
		LoadAssemblies (93ms)
		RebuildTransferFunctionScriptingTraits (0ms)
		AnalyzeDomain (53ms)
			TypeCache.Refresh (7ms)
				TypeCache.ScanAssembly (1ms)
			BuildScriptInfoCaches (42ms)
			ResolveRequiredComponents (2ms)
	FinalizeReload (292ms)
		ReleaseScriptCaches (0ms)
		RebuildScriptCaches (0ms)
		SetupLoadedEditorAssemblies (234ms)
			LogAssemblyErrors (0ms)
			InitializePlatformSupportModulesInManaged (1ms)
			SetLoadedEditorAssemblies (2ms)
			BeforeProcessingInitializeOnLoad (54ms)
			ProcessInitializeOnLoadAttributes (159ms)
			ProcessInitializeOnLoadMethodAttributes (17ms)
			AfterProcessingInitializeOnLoad (0ms)
			EditorAssembliesLoaded (0ms)
		ExecutionOrderSort2 (0ms)
		AwakeInstancesAfterBackupRestoration (1ms)
Refreshing native plugins compatible for Editor in 0.12 ms, found 1 plugins.
Preloading 0 native plugins for Editor in 0.00 ms.
Unloading 1 Unused Serialized files (Serialized files now loaded: 0)
Unloading 2276 unused Assets / (0.6 MB). Loaded Objects now: 3029.
Memory consumption went from 118.2 MB to 117.6 MB.
Total: 4.158791 ms (FindLiveObjects: 0.120959 ms CreateObjectMapping: 0.041000 ms MarkObjects: 3.690500 ms  DeleteObjects: 0.306125 ms)

Prepare: number of updated asset objects reloaded= 0
========================================================================
Received Prepare
Begin MonoManager ReloadAssembly
[Licensing::Client] Successfully resolved entitlement details
[Licensing::Module] License group:
  Id: F4-QKKD-GK3D-QK4Z-FWRN-XXXX
  Product: Unity Personal
  Type: ULF
  Expiration: Unlimited
[Licensing::Module] License group:
  Id: 5773889045670-UnityPersXXXX
  Product: Unity Personal
  Type: Assigned
  Expiration: Unlimited
Thread 0x16d56f000 may have been prematurely finalized
Symbol file LoadedFromMemory is not a mono symbol file
- Loaded All Assemblies, in  0.224 seconds
Refreshing native plugins compatible for Editor in 0.09 ms, found 1 plugins.
Native extension for WindowsStandalone target not found
Native extension for OSXStandalone target not found
Native extension for WebGL target not found
[Package Manager] Failed to launch server process. Reason: Unity was launched with the -noUpm command-line argument
[Package Manager] Unable to send message (not connected to server process).
[Package Manager] Cannot connect to Unity Package Manager local server
[Package Manager] Failed to launch server process. Reason: Unity was launched with the -noUpm command-line argument
[Package Manager] Unable to send message (not connected to server process).
[Package Manager] Cannot connect to Unity Package Manager local server
ScheduleIndexationOnStartup MainProcess:False IndexOnStartup:True
Mono: successfully reloaded assembly
- Finished resetting the current domain, in  0.299 seconds
Domain Reload Profiling: 524ms
	BeginReloadAssembly (76ms)
		ExecutionOrderSort (0ms)
		DisableScriptedObjects (2ms)
		BackupInstance (0ms)
		ReleaseScriptingObjects (0ms)
		CreateAndSetChildDomain (18ms)
	RebuildCommonClasses (19ms)
	RebuildNativeTypeToScriptingClass (7ms)
	initialDomainReloadingComplete (10ms)
	LoadAllAssembliesAndSetupDomain (114ms)
		LoadAssemblies (94ms)
		RebuildTransferFunctionScriptingTraits (0ms)
		AnalyzeDomain (46ms)
			TypeCache.Refresh (4ms)
				TypeCache.ScanAssembly (0ms)
			BuildScriptInfoCaches (40ms)
			ResolveRequiredComponents (1ms)
	FinalizeReload (300ms)
		ReleaseScriptCaches (0ms)
		RebuildScriptCaches (0ms)
		SetupLoadedEditorAssemblies (246ms)
			LogAssemblyErrors (0ms)
			InitializePlatformSupportModulesInManaged (2ms)
			SetLoadedEditorAssemblies (2ms)
			BeforeProcessingInitializeOnLoad (56ms)
			ProcessInitializeOnLoadAttributes (169ms)
			ProcessInitializeOnLoadMethodAttributes (17ms)
			AfterProcessingInitializeOnLoad (1ms)
			EditorAssembliesLoaded (0ms)
		ExecutionOrderSort2 (0ms)
		AwakeInstancesAfterBackupRestoration (1ms)
Refreshing native plugins compatible for Editor in 0.16 ms, found 1 plugins.
Preloading 0 native plugins for Editor in 0.00 ms.
Unloading 1 Unused Serialized files (Serialized files now loaded: 0)
Unloading 2276 unused Assets / (0.6 MB). Loaded Objects now: 3030.
Memory consumption went from 118.2 MB to 117.6 MB.
Total: 3.660791 ms (FindLiveObjects: 0.102375 ms CreateObjectMapping: 0.043292 ms MarkObjects: 3.222791 ms  DeleteObjects: 0.292042 ms)

Prepare: number of updated asset objects reloaded= 0
========================================================================
Received Import Request.
  Time since last request: 130656.506919 seconds.
  path: Assets/Materials/UI/Blur.shader
  artifactKey: Guid(8843b813fedff4693b38e78843110d51) Importer(2089858483,b0f066a214c2f5e87bad3c948f4d605d)
Start importing Assets/Materials/UI/Blur.shader using Guid(8843b813fedff4693b38e78843110d51) Importer(2089858483,b0f066a214c2f5e87bad3c948f4d605d) (ScriptedImporter) -> (artifact id: 'd846334bbd464e341ebbf9ce2004dcc2') in 0.029615292 seconds
Number of updated asset objects reloaded before import = 0Number of asset objects unloaded after import = 1

========================================================================
Received Import Request.
  Time since last request: 0.000099 seconds.
  path: Assets/SFNS SDF.asset
  artifactKey: Guid(894511cab5c9945e0aac72d78eb7d080) Importer(2089858483,b0f066a214c2f5e87bad3c948f4d605d)
Start importing Assets/SFNS SDF.asset using Guid(894511cab5c9945e0aac72d78eb7d080) Importer(2089858483,b0f066a214c2f5e87bad3c948f4d605d) (ScriptedImporter) -> (artifact id: '59310b83b71b2e9a36cfd6a457a5fec7') in 0.0431985 seconds
Number of updated asset objects reloaded before import = 0Number of asset objects unloaded after import = 5

========================================================================
Received Prepare
Refreshing native plugins compatible for Editor in 0.16 ms, found 1 plugins.
Preloading 0 native plugins for Editor in 0.00 ms.
Unloading 1 Unused Serialized files (Serialized files now loaded: 0)
Unloading 2272 unused Assets / (0.6 MB). Loaded Objects now: 3030.
Memory consumption went from 109.4 MB to 108.8 MB.
Total: 7.690333 ms (FindLiveObjects: 0.149500 ms CreateObjectMapping: 0.042375 ms MarkObjects: 7.189458 ms  DeleteObjects: 0.308625 ms)

Prepare: number of updated asset objects reloaded= 0
========================================================================
Received Prepare
Begin MonoManager ReloadAssembly
[Licensing::Client] Successfully resolved entitlement details
[Licensing::Module] License group:
  Id: F4-QKKD-GK3D-QK4Z-FWRN-XXXX
  Product: Unity Personal
  Type: ULF
  Expiration: Unlimited
[Licensing::Module] License group:
  Id: 5773889045670-UnityPersXXXX
  Product: Unity Personal
  Type: Assigned
  Expiration: Unlimited
Thread 0x16d56f000 may have been prematurely finalized
Symbol file LoadedFromMemory is not a mono symbol file
- Loaded All Assemblies, in  0.250 seconds
Refreshing native plugins compatible for Editor in 0.14 ms, found 1 plugins.
Native extension for WindowsStandalone target not found
Native extension for OSXStandalone target not found
Native extension for WebGL target not found
[Package Manager] Failed to launch server process. Reason: Unity was launched with the -noUpm command-line argument
[Package Manager] Unable to send message (not connected to server process).
[Package Manager] Cannot connect to Unity Package Manager local server
[Package Manager] Failed to launch server process. Reason: Unity was launched with the -noUpm command-line argument
[Package Manager] Unable to send message (not connected to server process).
[Package Manager] Cannot connect to Unity Package Manager local server
ScheduleIndexationOnStartup MainProcess:False IndexOnStartup:True
Mono: successfully reloaded assembly
- Finished resetting the current domain, in  0.296 seconds
Domain Reload Profiling: 547ms
	BeginReloadAssembly (91ms)
		ExecutionOrderSort (0ms)
		DisableScriptedObjects (3ms)
		BackupInstance (0ms)
		ReleaseScriptingObjects (0ms)
		CreateAndSetChildDomain (25ms)
	RebuildCommonClasses (20ms)
	RebuildNativeTypeToScriptingClass (7ms)
	initialDomainReloadingComplete (11ms)
	LoadAllAssembliesAndSetupDomain (123ms)
		LoadAssemblies (107ms)
		RebuildTransferFunctionScriptingTraits (0ms)
		AnalyzeDomain (48ms)
			TypeCache.Refresh (6ms)
				TypeCache.ScanAssembly (1ms)
			BuildScriptInfoCaches (39ms)
			ResolveRequiredComponents (1ms)
	FinalizeReload (296ms)
		ReleaseScriptCaches (0ms)
		RebuildScriptCaches (0ms)
		SetupLoadedEditorAssemblies (236ms)
			LogAssemblyErrors (0ms)
			InitializePlatformSupportModulesInManaged (2ms)
			SetLoadedEditorAssemblies (2ms)
			BeforeProcessingInitializeOnLoad (56ms)
			ProcessInitializeOnLoadAttributes (159ms)
			ProcessInitializeOnLoadMethodAttributes (18ms)
			AfterProcessingInitializeOnLoad (0ms)
			EditorAssembliesLoaded (0ms)
		ExecutionOrderSort2 (0ms)
		AwakeInstancesAfterBackupRestoration (2ms)
Refreshing native plugins compatible for Editor in 0.13 ms, found 1 plugins.
Preloading 0 native plugins for Editor in 0.00 ms.
Unloading 1 Unused Serialized files (Serialized files now loaded: 0)
Unloading 2276 unused Assets / (0.5 MB). Loaded Objects now: 3031.
Memory consumption went from 118.2 MB to 117.6 MB.
Total: 3.961833 ms (FindLiveObjects: 0.105541 ms CreateObjectMapping: 0.044084 ms MarkObjects: 3.543833 ms  DeleteObjects: 0.268208 ms)

Prepare: number of updated asset objects reloaded= 0
========================================================================
Received Prepare
Refreshing native plugins compatible for Editor in 0.12 ms, found 1 plugins.
Preloading 0 native plugins for Editor in 0.00 ms.
Unloading 1 Unused Serialized files (Serialized files now loaded: 0)
Unloading 2272 unused Assets / (0.5 MB). Loaded Objects now: 3031.
Memory consumption went from 109.0 MB to 108.5 MB.
Total: 3.119875 ms (FindLiveObjects: 0.089917 ms CreateObjectMapping: 0.037875 ms MarkObjects: 2.758791 ms  DeleteObjects: 0.233125 ms)

Prepare: number of updated asset objects reloaded= 0
========================================================================
Received Prepare
Refreshing native plugins compatible for Editor in 0.13 ms, found 1 plugins.
Preloading 0 native plugins for Editor in 0.00 ms.
Unloading 1 Unused Serialized files (Serialized files now loaded: 0)
Unloading 2272 unused Assets / (473.6 KB). Loaded Objects now: 3031.
Memory consumption went from 109.0 MB to 108.6 MB.
Total: 3.449042 ms (FindLiveObjects: 0.110292 ms CreateObjectMapping: 0.051292 ms MarkObjects: 3.000291 ms  DeleteObjects: 0.287000 ms)

Prepare: number of updated asset objects reloaded= 0
========================================================================
Received Prepare
Begin MonoManager ReloadAssembly
Thread 0x16d56f000 may have been prematurely finalized
Symbol file LoadedFromMemory is not a mono symbol file
- Loaded All Assemblies, in  0.221 seconds
Refreshing native plugins compatible for Editor in 0.11 ms, found 1 plugins.
Native extension for WindowsStandalone target not found
Native extension for OSXStandalone target not found
Native extension for WebGL target not found
[Package Manager] Failed to launch server process. Reason: Unity was launched with the -noUpm command-line argument
[Package Manager] Unable to send message (not connected to server process).
[Package Manager] Cannot connect to Unity Package Manager local server
[Package Manager] Failed to launch server process. Reason: Unity was launched with the -noUpm command-line argument
[Package Manager] Unable to send message (not connected to server process).
[Package Manager] Cannot connect to Unity Package Manager local server
ScheduleIndexationOnStartup MainProcess:False IndexOnStartup:True
Mono: successfully reloaded assembly
- Finished resetting the current domain, in  0.306 seconds
Domain Reload Profiling: 528ms
	BeginReloadAssembly (72ms)
		ExecutionOrderSort (0ms)
		DisableScriptedObjects (2ms)
		BackupInstance (0ms)
		ReleaseScriptingObjects (0ms)
		CreateAndSetChildDomain (17ms)
	RebuildCommonClasses (19ms)
	RebuildNativeTypeToScriptingClass (7ms)
	initialDomainReloadingComplete (10ms)
	LoadAllAssembliesAndSetupDomain (113ms)
		LoadAssemblies (90ms)
		RebuildTransferFunctionScriptingTraits (0ms)
		AnalyzeDomain (48ms)
			TypeCache.Refresh (6ms)
				TypeCache.ScanAssembly (1ms)
			BuildScriptInfoCaches (39ms)
			ResolveRequiredComponents (1ms)
	FinalizeReload (306ms)
		ReleaseScriptCaches (0ms)
		RebuildScriptCaches (0ms)
		SetupLoadedEditorAssemblies (247ms)
			LogAssemblyErrors (0ms)
			InitializePlatformSupportModulesInManaged (2ms)
			SetLoadedEditorAssemblies (2ms)
			BeforeProcessingInitializeOnLoad (58ms)
			ProcessInitializeOnLoadAttributes (166ms)
			ProcessInitializeOnLoadMethodAttributes (19ms)
			AfterProcessingInitializeOnLoad (1ms)
			EditorAssembliesLoaded (0ms)
		ExecutionOrderSort2 (0ms)
		AwakeInstancesAfterBackupRestoration (1ms)
Refreshing native plugins compatible for Editor in 0.15 ms, found 1 plugins.
Preloading 0 native plugins for Editor in 0.00 ms.
Unloading 1 Unused Serialized files (Serialized files now loaded: 0)
Unloading 2276 unused Assets / (0.6 MB). Loaded Objects now: 3032.
Memory consumption went from 118.2 MB to 117.6 MB.
Total: 3.670500 ms (FindLiveObjects: 0.116292 ms CreateObjectMapping: 0.044292 ms MarkObjects: 3.210375 ms  DeleteObjects: 0.299166 ms)

Prepare: number of updated asset objects reloaded= 0
========================================================================
Received Prepare
Begin MonoManager ReloadAssembly
[Licensing::Client] Successfully resolved entitlement details
[Licensing::Module] License group:
  Id: F4-QKKD-GK3D-QK4Z-FWRN-XXXX
  Product: Unity Personal
  Type: ULF
  Expiration: Unlimited
[Licensing::Module] License group:
  Id: 5773889045670-UnityPersXXXX
  Product: Unity Personal
  Type: Assigned
  Expiration: Unlimited
Thread 0x16d56f000 may have been prematurely finalized
Symbol file LoadedFromMemory is not a mono symbol file
- Loaded All Assemblies, in  0.207 seconds
Refreshing native plugins compatible for Editor in 0.09 ms, found 1 plugins.
Native extension for WindowsStandalone target not found
Native extension for OSXStandalone target not found
Native extension for WebGL target not found
[Package Manager] Failed to launch server process. Reason: Unity was launched with the -noUpm command-line argument
[Package Manager] Unable to send message (not connected to server process).
[Package Manager] Cannot connect to Unity Package Manager local server
[Package Manager] Failed to launch server process. Reason: Unity was launched with the -noUpm command-line argument
[Package Manager] Unable to send message (not connected to server process).
[Package Manager] Cannot connect to Unity Package Manager local server
ScheduleIndexationOnStartup MainProcess:False IndexOnStartup:True
Mono: successfully reloaded assembly
- Finished resetting the current domain, in  0.305 seconds
Domain Reload Profiling: 513ms
	BeginReloadAssembly (71ms)
		ExecutionOrderSort (0ms)
		DisableScriptedObjects (2ms)
		BackupInstance (0ms)
		ReleaseScriptingObjects (0ms)
		CreateAndSetChildDomain (17ms)
	RebuildCommonClasses (19ms)
	RebuildNativeTypeToScriptingClass (7ms)
	initialDomainReloadingComplete (10ms)
	LoadAllAssembliesAndSetupDomain (101ms)
		LoadAssemblies (79ms)
		RebuildTransferFunctionScriptingTraits (0ms)
		AnalyzeDomain (46ms)
			TypeCache.Refresh (4ms)
				TypeCache.ScanAssembly (0ms)
			BuildScriptInfoCaches (39ms)
			ResolveRequiredComponents (1ms)
	FinalizeReload (305ms)
		ReleaseScriptCaches (0ms)
		RebuildScriptCaches (0ms)
		SetupLoadedEditorAssemblies (246ms)
			LogAssemblyErrors (0ms)
			InitializePlatformSupportModulesInManaged (2ms)
			SetLoadedEditorAssemblies (2ms)
			BeforeProcessingInitializeOnLoad (64ms)
			ProcessInitializeOnLoadAttributes (161ms)
			ProcessInitializeOnLoadMethodAttributes (17ms)
			AfterProcessingInitializeOnLoad (0ms)
			EditorAssembliesLoaded (0ms)
		ExecutionOrderSort2 (0ms)
		AwakeInstancesAfterBackupRestoration (1ms)
Refreshing native plugins compatible for Editor in 0.13 ms, found 1 plugins.
Preloading 0 native plugins for Editor in 0.00 ms.
Unloading 1 Unused Serialized files (Serialized files now loaded: 0)
Unloading 2276 unused Assets / (0.6 MB). Loaded Objects now: 3033.
Memory consumption went from 118.2 MB to 117.6 MB.
Total: 3.530041 ms (FindLiveObjects: 0.099542 ms CreateObjectMapping: 0.045458 ms MarkObjects: 3.088542 ms  DeleteObjects: 0.296250 ms)

Prepare: number of updated asset objects reloaded= 0
========================================================================
Received Prepare
Begin MonoManager ReloadAssembly
Thread 0x16d56f000 may have been prematurely finalized
Symbol file LoadedFromMemory is not a mono symbol file
- Loaded All Assemblies, in  0.222 seconds
Refreshing native plugins compatible for Editor in 0.09 ms, found 1 plugins.
Native extension for WindowsStandalone target not found
Native extension for OSXStandalone target not found
Native extension for WebGL target not found
[Package Manager] Failed to launch server process. Reason: Unity was launched with the -noUpm command-line argument
[Package Manager] Unable to send message (not connected to server process).
[Package Manager] Cannot connect to Unity Package Manager local server
[Package Manager] Failed to launch server process. Reason: Unity was launched with the -noUpm command-line argument
[Package Manager] Unable to send message (not connected to server process).
[Package Manager] Cannot connect to Unity Package Manager local server
ScheduleIndexationOnStartup MainProcess:False IndexOnStartup:True
Mono: successfully reloaded assembly
- Finished resetting the current domain, in  0.290 seconds
Domain Reload Profiling: 512ms
	BeginReloadAssembly (72ms)
		ExecutionOrderSort (0ms)
		DisableScriptedObjects (2ms)
		BackupInstance (0ms)
		ReleaseScriptingObjects (0ms)
		CreateAndSetChildDomain (16ms)
	RebuildCommonClasses (20ms)
	RebuildNativeTypeToScriptingClass (7ms)
	initialDomainReloadingComplete (10ms)
	LoadAllAssembliesAndSetupDomain (114ms)
		LoadAssemblies (91ms)
		RebuildTransferFunctionScriptingTraits (0ms)
		AnalyzeDomain (49ms)
			TypeCache.Refresh (6ms)
				TypeCache.ScanAssembly (1ms)
			BuildScriptInfoCaches (40ms)
			ResolveRequiredComponents (2ms)
	FinalizeReload (290ms)
		ReleaseScriptCaches (0ms)
		RebuildScriptCaches (0ms)
		SetupLoadedEditorAssemblies (233ms)
			LogAssemblyErrors (0ms)
			InitializePlatformSupportModulesInManaged (1ms)
			SetLoadedEditorAssemblies (2ms)
			BeforeProcessingInitializeOnLoad (55ms)
			ProcessInitializeOnLoadAttributes (158ms)
			ProcessInitializeOnLoadMethodAttributes (16ms)
			AfterProcessingInitializeOnLoad (1ms)
			EditorAssembliesLoaded (0ms)
		ExecutionOrderSort2 (0ms)
		AwakeInstancesAfterBackupRestoration (1ms)
Refreshing native plugins compatible for Editor in 0.16 ms, found 1 plugins.
Preloading 0 native plugins for Editor in 0.00 ms.
Unloading 1 Unused Serialized files (Serialized files now loaded: 0)
Unloading 2276 unused Assets / (0.6 MB). Loaded Objects now: 3034.
Memory consumption went from 118.2 MB to 117.6 MB.
Total: 3.689500 ms (FindLiveObjects: 0.103000 ms CreateObjectMapping: 0.044667 ms MarkObjects: 3.258291 ms  DeleteObjects: 0.283375 ms)

Prepare: number of updated asset objects reloaded= 0
========================================================================
Received Prepare
Begin MonoManager ReloadAssembly
[Licensing::Client] Successfully resolved entitlement details
[Licensing::Module] License group:
  Id: F4-QKKD-GK3D-QK4Z-FWRN-XXXX
  Product: Unity Personal
  Type: ULF
  Expiration: Unlimited
[Licensing::Module] License group:
  Id: 5773889045670-UnityPersXXXX
  Product: Unity Personal
  Type: Assigned
  Expiration: Unlimited
Thread 0x16d56f000 may have been prematurely finalized
Symbol file LoadedFromMemory is not a mono symbol file
- Loaded All Assemblies, in  0.334 seconds
Refreshing native plugins compatible for Editor in 0.11 ms, found 1 plugins.
Native extension for WindowsStandalone target not found
Native extension for OSXStandalone target not found
Native extension for WebGL target not found
[Package Manager] Failed to launch server process. Reason: Unity was launched with the -noUpm command-line argument
[Package Manager] Unable to send message (not connected to server process).
[Package Manager] Cannot connect to Unity Package Manager local server
[Package Manager] Failed to launch server process. Reason: Unity was launched with the -noUpm command-line argument
[Package Manager] Unable to send message (not connected to server process).
[Package Manager] Cannot connect to Unity Package Manager local server
ScheduleIndexationOnStartup MainProcess:False IndexOnStartup:True
Mono: successfully reloaded assembly
- Finished resetting the current domain, in  0.299 seconds
Domain Reload Profiling: 634ms
	BeginReloadAssembly (129ms)
		ExecutionOrderSort (0ms)
		DisableScriptedObjects (6ms)
		BackupInstance (0ms)
		ReleaseScriptingObjects (0ms)
		CreateAndSetChildDomain (40ms)
	RebuildCommonClasses (19ms)
	RebuildNativeTypeToScriptingClass (7ms)
	initialDomainReloadingComplete (16ms)
	LoadAllAssembliesAndSetupDomain (165ms)
		LoadAssemblies (152ms)
		RebuildTransferFunctionScriptingTraits (0ms)
		AnalyzeDomain (57ms)
			TypeCache.Refresh (5ms)
				TypeCache.ScanAssembly (0ms)
			BuildScriptInfoCaches (46ms)
			ResolveRequiredComponents (3ms)
	FinalizeReload (299ms)
		ReleaseScriptCaches (0ms)
		RebuildScriptCaches (0ms)
		SetupLoadedEditorAssemblies (239ms)
			LogAssemblyErrors (0ms)
			InitializePlatformSupportModulesInManaged (2ms)
			SetLoadedEditorAssemblies (2ms)
			BeforeProcessingInitializeOnLoad (56ms)
			ProcessInitializeOnLoadAttributes (160ms)
			ProcessInitializeOnLoadMethodAttributes (19ms)
			AfterProcessingInitializeOnLoad (1ms)
			EditorAssembliesLoaded (0ms)
		ExecutionOrderSort2 (0ms)
		AwakeInstancesAfterBackupRestoration (2ms)
Refreshing native plugins compatible for Editor in 0.16 ms, found 1 plugins.
Preloading 0 native plugins for Editor in 0.00 ms.
Unloading 1 Unused Serialized files (Serialized files now loaded: 0)
Unloading 2276 unused Assets / (0.7 MB). Loaded Objects now: 3035.
Memory consumption went from 118.2 MB to 117.5 MB.
Total: 3.992750 ms (FindLiveObjects: 0.115500 ms CreateObjectMapping: 0.042083 ms MarkObjects: 3.511417 ms  DeleteObjects: 0.323459 ms)

Prepare: number of updated asset objects reloaded= 0
========================================================================
Received Prepare
Refreshing native plugins compatible for Editor in 0.17 ms, found 1 plugins.
Preloading 0 native plugins for Editor in 0.00 ms.
Unloading 1 Unused Serialized files (Serialized files now loaded: 0)
Unloading 2272 unused Assets / (0.5 MB). Loaded Objects now: 3035.
Memory consumption went from 109.1 MB to 108.5 MB.
Total: 3.751667 ms (FindLiveObjects: 0.098709 ms CreateObjectMapping: 0.048083 ms MarkObjects: 3.319167 ms  DeleteObjects: 0.285500 ms)

Prepare: number of updated asset objects reloaded= 0
========================================================================
Received Prepare
Begin MonoManager ReloadAssembly
Thread 0x16d56f000 may have been prematurely finalized
Symbol file LoadedFromMemory is not a mono symbol file
- Loaded All Assemblies, in  0.238 seconds
Refreshing native plugins compatible for Editor in 0.11 ms, found 1 plugins.
Native extension for WindowsStandalone target not found
Native extension for OSXStandalone target not found
Native extension for WebGL target not found
[Package Manager] Failed to launch server process. Reason: Unity was launched with the -noUpm command-line argument
[Package Manager] Unable to send message (not connected to server process).
[Package Manager] Cannot connect to Unity Package Manager local server
[Package Manager] Failed to launch server process. Reason: Unity was launched with the -noUpm command-line argument
[Package Manager] Unable to send message (not connected to server process).
[Package Manager] Cannot connect to Unity Package Manager local server
ScheduleIndexationOnStartup MainProcess:False IndexOnStartup:True
Mono: successfully reloaded assembly
- Finished resetting the current domain, in  0.298 seconds
Domain Reload Profiling: 538ms
	BeginReloadAssembly (83ms)
		ExecutionOrderSort (0ms)
		DisableScriptedObjects (3ms)
		BackupInstance (0ms)
		ReleaseScriptingObjects (0ms)
		CreateAndSetChildDomain (25ms)
	RebuildCommonClasses (19ms)
	RebuildNativeTypeToScriptingClass (7ms)
	initialDomainReloadingComplete (10ms)
	LoadAllAssembliesAndSetupDomain (119ms)
		LoadAssemblies (98ms)
		RebuildTransferFunctionScriptingTraits (0ms)
		AnalyzeDomain (50ms)
			TypeCache.Refresh (6ms)
				TypeCache.ScanAssembly (1ms)
			BuildScriptInfoCaches (39ms)
			ResolveRequiredComponents (1ms)
	FinalizeReload (298ms)
		ReleaseScriptCaches (0ms)
		RebuildScriptCaches (0ms)
		SetupLoadedEditorAssemblies (239ms)
			LogAssemblyErrors (0ms)
			InitializePlatformSupportModulesInManaged (1ms)
			SetLoadedEditorAssemblies (2ms)
			BeforeProcessingInitializeOnLoad (57ms)
			ProcessInitializeOnLoadAttributes (160ms)
			ProcessInitializeOnLoadMethodAttributes (19ms)
			AfterProcessingInitializeOnLoad (1ms)
			EditorAssembliesLoaded (0ms)
		ExecutionOrderSort2 (0ms)
		AwakeInstancesAfterBackupRestoration (1ms)
Refreshing native plugins compatible for Editor in 0.16 ms, found 1 plugins.
Preloading 0 native plugins for Editor in 0.00 ms.
Unloading 1 Unused Serialized files (Serialized files now loaded: 0)
Unloading 2276 unused Assets / (0.6 MB). Loaded Objects now: 3036.
Memory consumption went from 118.2 MB to 117.6 MB.
Total: 3.589625 ms (FindLiveObjects: 0.103541 ms CreateObjectMapping: 0.045167 ms MarkObjects: 3.137208 ms  DeleteObjects: 0.303458 ms)

Prepare: number of updated asset objects reloaded= 0
========================================================================
Received Prepare
Refreshing native plugins compatible for Editor in 0.15 ms, found 1 plugins.
Preloading 0 native plugins for Editor in 0.00 ms.
Unloading 1 Unused Serialized files (Serialized files now loaded: 0)
Unloading 2272 unused Assets / (0.6 MB). Loaded Objects now: 3036.
Memory consumption went from 109.1 MB to 108.5 MB.
Total: 3.672958 ms (FindLiveObjects: 0.095250 ms CreateObjectMapping: 0.044292 ms MarkObjects: 3.249208 ms  DeleteObjects: 0.283958 ms)

Prepare: number of updated asset objects reloaded= 0
========================================================================
Received Prepare
Begin MonoManager ReloadAssembly
[Licensing::Client] Successfully resolved entitlement details
[Licensing::Module] License group:
  Id: F4-QKKD-GK3D-QK4Z-FWRN-XXXX
  Product: Unity Personal
  Type: ULF
  Expiration: Unlimited
[Licensing::Module] License group:
  Id: 5773889045670-UnityPersXXXX
  Product: Unity Personal
  Type: Assigned
  Expiration: Unlimited
Thread 0x16d56f000 may have been prematurely finalized
Symbol file LoadedFromMemory is not a mono symbol file
- Loaded All Assemblies, in  0.229 seconds
Refreshing native plugins compatible for Editor in 0.14 ms, found 1 plugins.
Native extension for WindowsStandalone target not found
Native extension for OSXStandalone target not found
Native extension for WebGL target not found
[Package Manager] Failed to launch server process. Reason: Unity was launched with the -noUpm command-line argument
[Package Manager] Unable to send message (not connected to server process).
[Package Manager] Cannot connect to Unity Package Manager local server
[Package Manager] Failed to launch server process. Reason: Unity was launched with the -noUpm command-line argument
[Package Manager] Unable to send message (not connected to server process).
[Package Manager] Cannot connect to Unity Package Manager local server
ScheduleIndexationOnStartup MainProcess:False IndexOnStartup:True
Mono: successfully reloaded assembly
- Finished resetting the current domain, in  0.296 seconds
Domain Reload Profiling: 526ms
	BeginReloadAssembly (73ms)
		ExecutionOrderSort (0ms)
		DisableScriptedObjects (3ms)
		BackupInstance (0ms)
		ReleaseScriptingObjects (0ms)
		CreateAndSetChildDomain (20ms)
	RebuildCommonClasses (19ms)
	RebuildNativeTypeToScriptingClass (7ms)
	initialDomainReloadingComplete (10ms)
	LoadAllAssembliesAndSetupDomain (120ms)
		LoadAssemblies (90ms)
		RebuildTransferFunctionScriptingTraits (0ms)
		AnalyzeDomain (53ms)
			TypeCache.Refresh (6ms)
				TypeCache.ScanAssembly (1ms)
			BuildScriptInfoCaches (43ms)
			ResolveRequiredComponents (1ms)
	FinalizeReload (296ms)
		ReleaseScriptCaches (0ms)
		RebuildScriptCaches (0ms)
		SetupLoadedEditorAssemblies (240ms)
			LogAssemblyErrors (0ms)
			InitializePlatformSupportModulesInManaged (2ms)
			SetLoadedEditorAssemblies (2ms)
			BeforeProcessingInitializeOnLoad (56ms)
			ProcessInitializeOnLoadAttributes (162ms)
			ProcessInitializeOnLoadMethodAttributes (18ms)
			AfterProcessingInitializeOnLoad (0ms)
			EditorAssembliesLoaded (0ms)
		ExecutionOrderSort2 (0ms)
		AwakeInstancesAfterBackupRestoration (1ms)
Refreshing native plugins compatible for Editor in 0.14 ms, found 1 plugins.
Preloading 0 native plugins for Editor in 0.00 ms.
Unloading 1 Unused Serialized files (Serialized files now loaded: 0)
Unloading 2276 unused Assets / (0.6 MB). Loaded Objects now: 3037.
Memory consumption went from 118.2 MB to 117.6 MB.
Total: 3.659166 ms (FindLiveObjects: 0.110000 ms CreateObjectMapping: 0.043917 ms MarkObjects: 3.215083 ms  DeleteObjects: 0.289875 ms)

Prepare: number of updated asset objects reloaded= 0
========================================================================
Received Prepare
Begin MonoManager ReloadAssembly
Thread 0x16d56f000 may have been prematurely finalized
Symbol file LoadedFromMemory is not a mono symbol file
- Loaded All Assemblies, in  0.209 seconds
Refreshing native plugins compatible for Editor in 0.12 ms, found 1 plugins.
Native extension for WindowsStandalone target not found
Native extension for OSXStandalone target not found
Native extension for WebGL target not found
[Package Manager] Failed to launch server process. Reason: Unity was launched with the -noUpm command-line argument
[Package Manager] Unable to send message (not connected to server process).
[Package Manager] Cannot connect to Unity Package Manager local server
[Package Manager] Failed to launch server process. Reason: Unity was launched with the -noUpm command-line argument
[Package Manager] Unable to send message (not connected to server process).
[Package Manager] Cannot connect to Unity Package Manager local server
ScheduleIndexationOnStartup MainProcess:False IndexOnStartup:True
Mono: successfully reloaded assembly
- Finished resetting the current domain, in  0.305 seconds
Domain Reload Profiling: 516ms
	BeginReloadAssembly (72ms)
		ExecutionOrderSort (0ms)
		DisableScriptedObjects (2ms)
		BackupInstance (0ms)
		ReleaseScriptingObjects (0ms)
		CreateAndSetChildDomain (18ms)
	RebuildCommonClasses (19ms)
	RebuildNativeTypeToScriptingClass (7ms)
	initialDomainReloadingComplete (10ms)
	LoadAllAssembliesAndSetupDomain (102ms)
		LoadAssemblies (80ms)
		RebuildTransferFunctionScriptingTraits (0ms)
		AnalyzeDomain (45ms)
			TypeCache.Refresh (3ms)
				TypeCache.ScanAssembly (0ms)
			BuildScriptInfoCaches (39ms)
			ResolveRequiredComponents (1ms)
	FinalizeReload (305ms)
		ReleaseScriptCaches (0ms)
		RebuildScriptCaches (0ms)
		SetupLoadedEditorAssemblies (242ms)
			LogAssemblyErrors (0ms)
			InitializePlatformSupportModulesInManaged (2ms)
			SetLoadedEditorAssemblies (2ms)
			BeforeProcessingInitializeOnLoad (54ms)
			ProcessInitializeOnLoadAttributes (164ms)
			ProcessInitializeOnLoadMethodAttributes (19ms)
			AfterProcessingInitializeOnLoad (1ms)
			EditorAssembliesLoaded (0ms)
		ExecutionOrderSort2 (0ms)
		AwakeInstancesAfterBackupRestoration (1ms)
Refreshing native plugins compatible for Editor in 0.16 ms, found 1 plugins.
Preloading 0 native plugins for Editor in 0.00 ms.
Unloading 1 Unused Serialized files (Serialized files now loaded: 0)
Unloading 2276 unused Assets / (0.6 MB). Loaded Objects now: 3038.
Memory consumption went from 118.2 MB to 117.6 MB.
Total: 3.767875 ms (FindLiveObjects: 0.112417 ms CreateObjectMapping: 0.043375 ms MarkObjects: 3.299709 ms  DeleteObjects: 0.312208 ms)

Prepare: number of updated asset objects reloaded= 0
========================================================================
Received Prepare
Refreshing native plugins compatible for Editor in 0.14 ms, found 1 plugins.
Preloading 0 native plugins for Editor in 0.00 ms.
Unloading 1 Unused Serialized files (Serialized files now loaded: 0)
Unloading 2272 unused Assets / (0.5 MB). Loaded Objects now: 3038.
Memory consumption went from 109.1 MB to 108.5 MB.
Total: 3.730792 ms (FindLiveObjects: 0.099084 ms CreateObjectMapping: 0.042625 ms MarkObjects: 3.297458 ms  DeleteObjects: 0.291291 ms)

Prepare: number of updated asset objects reloaded= 0
========================================================================
Received Prepare
Begin MonoManager ReloadAssembly
[Licensing::Client] Successfully resolved entitlement details
[Licensing::Module] License group:
  Id: F4-QKKD-GK3D-QK4Z-FWRN-XXXX
  Product: Unity Personal
  Type: ULF
  Expiration: Unlimited
[Licensing::Module] License group:
  Id: 5773889045670-UnityPersXXXX
  Product: Unity Personal
  Type: Assigned
  Expiration: Unlimited
Thread 0x16d56f000 may have been prematurely finalized
Symbol file LoadedFromMemory is not a mono symbol file
- Loaded All Assemblies, in  0.227 seconds
Refreshing native plugins compatible for Editor in 0.12 ms, found 1 plugins.
Native extension for WindowsStandalone target not found
Native extension for OSXStandalone target not found
Native extension for WebGL target not found
[Package Manager] Failed to launch server process. Reason: Unity was launched with the -noUpm command-line argument
[Package Manager] Unable to send message (not connected to server process).
[Package Manager] Cannot connect to Unity Package Manager local server
[Package Manager] Failed to launch server process. Reason: Unity was launched with the -noUpm command-line argument
[Package Manager] Unable to send message (not connected to server process).
[Package Manager] Cannot connect to Unity Package Manager local server
ScheduleIndexationOnStartup MainProcess:False IndexOnStartup:True
Mono: successfully reloaded assembly
- Finished resetting the current domain, in  0.303 seconds
Domain Reload Profiling: 531ms
	BeginReloadAssembly (72ms)
		ExecutionOrderSort (0ms)
		DisableScriptedObjects (2ms)
		BackupInstance (0ms)
		ReleaseScriptingObjects (0ms)
		CreateAndSetChildDomain (17ms)
	RebuildCommonClasses (19ms)
	RebuildNativeTypeToScriptingClass (7ms)
	initialDomainReloadingComplete (10ms)
	LoadAllAssembliesAndSetupDomain (119ms)
		LoadAssemblies (93ms)
		RebuildTransferFunctionScriptingTraits (0ms)
		AnalyzeDomain (50ms)
			TypeCache.Refresh (7ms)
				TypeCache.ScanAssembly (1ms)
			BuildScriptInfoCaches (41ms)
			ResolveRequiredComponents (1ms)
	FinalizeReload (303ms)
		ReleaseScriptCaches (0ms)
		RebuildScriptCaches (0ms)
		SetupLoadedEditorAssemblies (246ms)
			LogAssemblyErrors (0ms)
			InitializePlatformSupportModulesInManaged (2ms)
			SetLoadedEditorAssemblies (2ms)
			BeforeProcessingInitializeOnLoad (56ms)
			ProcessInitializeOnLoadAttributes (166ms)
			ProcessInitializeOnLoadMethodAttributes (19ms)
			AfterProcessingInitializeOnLoad (0ms)
			EditorAssembliesLoaded (0ms)
		ExecutionOrderSort2 (0ms)
		AwakeInstancesAfterBackupRestoration (1ms)
Refreshing native plugins compatible for Editor in 0.13 ms, found 1 plugins.
Preloading 0 native plugins for Editor in 0.00 ms.
Unloading 1 Unused Serialized files (Serialized files now loaded: 0)
Unloading 2276 unused Assets / (270.0 KB). Loaded Objects now: 3039.
Memory consumption went from 118.2 MB to 118.0 MB.
Total: 3.729792 ms (FindLiveObjects: 0.114250 ms CreateObjectMapping: 0.044833 ms MarkObjects: 3.245625 ms  DeleteObjects: 0.324875 ms)

Prepare: number of updated asset objects reloaded= 0
========================================================================
Received Prepare
Begin MonoManager ReloadAssembly
[Licensing::Client] Successfully resolved entitlement details
[Licensing::Module] License group:
  Id: F4-QKKD-GK3D-QK4Z-FWRN-XXXX
  Product: Unity Personal
  Type: ULF
  Expiration: Unlimited
[Licensing::Module] License group:
  Id: 5773889045670-UnityPersXXXX
  Product: Unity Personal
  Type: Assigned
  Expiration: Unlimited
Thread 0x16d56f000 may have been prematurely finalized
Symbol file LoadedFromMemory is not a mono symbol file
- Loaded All Assemblies, in  0.290 seconds
Refreshing native plugins compatible for Editor in 0.10 ms, found 1 plugins.
Native extension for WindowsStandalone target not found
Native extension for OSXStandalone target not found
Native extension for WebGL target not found
[Package Manager] Failed to launch server process. Reason: Unity was launched with the -noUpm command-line argument
[Package Manager] Unable to send message (not connected to server process).
[Package Manager] Cannot connect to Unity Package Manager local server
[Package Manager] Failed to launch server process. Reason: Unity was launched with the -noUpm command-line argument
[Package Manager] Unable to send message (not connected to server process).
[Package Manager] Cannot connect to Unity Package Manager local server
ScheduleIndexationOnStartup MainProcess:False IndexOnStartup:True
Mono: successfully reloaded assembly
- Finished resetting the current domain, in  0.307 seconds
Domain Reload Profiling: 598ms
	BeginReloadAssembly (112ms)
		ExecutionOrderSort (0ms)
		DisableScriptedObjects (4ms)
		BackupInstance (0ms)
		ReleaseScriptingObjects (0ms)
		CreateAndSetChildDomain (33ms)
	RebuildCommonClasses (20ms)
	RebuildNativeTypeToScriptingClass (7ms)
	initialDomainReloadingComplete (12ms)
	LoadAllAssembliesAndSetupDomain (140ms)
		LoadAssemblies (127ms)
		RebuildTransferFunctionScriptingTraits (0ms)
		AnalyzeDomain (48ms)
			TypeCache.Refresh (5ms)
				TypeCache.ScanAssembly (0ms)
			BuildScriptInfoCaches (40ms)
			ResolveRequiredComponents (1ms)
	FinalizeReload (307ms)
		ReleaseScriptCaches (0ms)
		RebuildScriptCaches (0ms)
		SetupLoadedEditorAssemblies (247ms)
			LogAssemblyErrors (0ms)
			InitializePlatformSupportModulesInManaged (2ms)
			SetLoadedEditorAssemblies (2ms)
			BeforeProcessingInitializeOnLoad (61ms)
			ProcessInitializeOnLoadAttributes (163ms)
			ProcessInitializeOnLoadMethodAttributes (18ms)
			AfterProcessingInitializeOnLoad (0ms)
			EditorAssembliesLoaded (0ms)
		ExecutionOrderSort2 (0ms)
		AwakeInstancesAfterBackupRestoration (1ms)
Refreshing native plugins compatible for Editor in 0.16 ms, found 1 plugins.
Preloading 0 native plugins for Editor in 0.00 ms.
Unloading 1 Unused Serialized files (Serialized files now loaded: 0)
Unloading 2276 unused Assets / (297.3 KB). Loaded Objects now: 3040.
Memory consumption went from 118.2 MB to 117.9 MB.
Total: 3.860083 ms (FindLiveObjects: 0.110125 ms CreateObjectMapping: 0.045750 ms MarkObjects: 3.369542 ms  DeleteObjects: 0.334458 ms)

Prepare: number of updated asset objects reloaded= 0
