Unity Editor version:    6000.3.12f1 (fca03ac9b0d5)
Branch:                  6000.3/staging
Build type:              Release
Batch mode:              YES
macOS version:           Version 26.5.2 (Build 25F84)
Darwin version:          25.5.0
Architecture:            arm64
Running under Rosetta:   NO
Available memory:        24576 MB
Date:                    2026-08-14T12:44:23Z
[Licensing::Module] Trying to connect to existing licensing client channel...
[Licensing::IpcConnector] Successfully connected to: "LicenseClient-ayaan" at "2026-08-14T12:44:23.201718Z"

COMMAND LINE ARGUMENTS:
/Applications/Unity/Hub/Editor/6000.3.12f1/Unity.app/Contents/MacOS/Unity
-adb2
-batchMode
-noUpm
-name
AssetImportWorker1
-projectPath
/Users/ayaan/UnityProjects/Catch the Chickens!
-logFile
Logs/AssetImportWorker1.log
-srvPort
52047
-licensingIpc
LicenseClient-ayaan
-job-worker-count
4
-background-job-worker-count
8
-gc-helper-count
1
-name AssetImport
Successfully changed project path to: /Users/ayaan/UnityProjects/Catch the Chickens!
/Users/ayaan/UnityProjects/Catch the Chickens!
[UnityMemory] Configuration Parameters - Can be set up in boot.config
    "memorysetup-allocator-temp-initial-block-size-main=262144"
    "memorysetup-allocator-temp-initial-block-size-worker=262144"
    "memorysetup-temp-allocator-size-background-worker=32768"
    "memorysetup-temp-allocator-size-job-worker=262144"
    "memorysetup-temp-allocator-size-preload-manager=33554432"
    "memorysetup-temp-allocator-size-nav-mesh-worker=65536"
    "memorysetup-temp-allocator-size-audio-worker=65536"
    "memorysetup-temp-allocator-size-cloud-worker=32768"
    "memorysetup-bucket-allocator-granularity=16"
    "memorysetup-bucket-allocator-bucket-count=8"
    "memorysetup-bucket-allocator-block-size=33554432"
    "memorysetup-bucket-allocator-block-count=8"
    "memorysetup-main-allocator-block-size=16777216"
    "memorysetup-thread-allocator-block-size=16777216"
    "memorysetup-gfx-main-allocator-block-size=16777216"
    "memorysetup-gfx-thread-allocator-block-size=16777216"
    "memorysetup-cache-allocator-block-size=4194304"
    "memorysetup-typetree-allocator-block-size=2097152"
    "memorysetup-profiler-bucket-allocator-granularity=16"
    "memorysetup-profiler-bucket-allocator-bucket-count=8"
    "memorysetup-profiler-bucket-allocator-block-size=33554432"
    "memorysetup-profiler-bucket-allocator-block-count=8"
    "memorysetup-profiler-allocator-block-size=16777216"
    "memorysetup-profiler-editor-allocator-block-size=1048576"
    "memorysetup-temp-allocator-size-main=16777216"
    "memorysetup-job-temp-allocator-block-size=2097152"
    "memorysetup-job-temp-allocator-block-size-background=1048576"
    "memorysetup-job-temp-allocator-reduction-small-platforms=262144"
    "memorysetup-temp-allocator-size-gi-baking-worker=262144"
    "memorysetup-temp-allocator-size-gi-baking-worker=262144"
    "memorysetup-temp-allocator-size-gi-baking-worker=262144"
    "memorysetup-temp-allocator-size-gi-baking-worker=262144"
    "memorysetup-temp-allocator-size-gi-baking-worker=262144"
    "memorysetup-temp-allocator-size-gfx=262144"
Player connection [8514411904]  Target information:

Player connection [8514411904]  * "[IP] 192.168.0.144 [Port] 0 [Flags] 2 [Guid] 1600886786 [EditorId] 1600886786 [Version] 1048832 [Id] OSXEditor(0,Ayaans-Mac-mini.local) [Debug] 1 [PackageName] OSXEditor [ProjectName] Editor" 

Player connection [8514411904] Host joined multi-casting on [225.0.0.222:54997]...
Player connection [8514411904] Host joined alternative multi-casting on [225.0.0.222:34997]...
JobSystem: Creating JobQueue using job-worker-count value 4
Input System module state changed to: Initialized.
[Physics::Module] Initialized fallback backend.
[Physics::Module] Id: 0xdecafbad
Library Redirect Path: Library/
[Physics::Module] Selected backend.
[Physics::Module] Name: PhysX
[Physics::Module] Id: 0xf2b8ea05
[Physics::Module] SDK Version: 4.1.2
[Physics::Module] Integration Version: 1.0.0
[Physics::Module] Threading Mode: Multi-Threaded
Refreshing native plugins compatible for Editor in 1.21 ms, found 1 plugins.
Preloading 0 native plugins for Editor in 0.00 ms.
Initialize engine version: 6000.3.12f1 (fca03ac9b0d5)
[Subsystems] Discovering subsystems at path /Applications/Unity/Hub/Editor/6000.3.12f1/Unity.app/Contents/Resources/UnitySubsystems
[Subsystems] Discovering subsystems at path /Users/ayaan/UnityProjects/Catch the Chickens!/Assets
GfxDevice: creating device client; kGfxThreadingModeNonThreaded
 preferred device: Apple M4 (high power)
Metal devices available: 1
0: Apple M4 (high power)
Using device Apple M4 (high power)
Initializing Metal device caps: Apple M4
Mac GPU Family: 2
Apple GPU Family: 9
MSL Version: 3.0
Has Float MSAA: 1
Has Float Filtering: 1
ReadWrite Texture Tier: 2
Initialize mono
Mono path[0] = '/Applications/Unity/Hub/Editor/6000.3.12f1/Unity.app/Contents/Resources/Scripting/Managed'
Mono path[1] = '/Applications/Unity/Hub/Editor/6000.3.12f1/Unity.app/Contents/Resources/Scripting/MonoBleedingEdge/lib/mono/unityjit-macos'
Mono config path = '/Applications/Unity/Hub/Editor/6000.3.12f1/Unity.app/Contents/Resources/Scripting/MonoBleedingEdge/etc'
Using monoOptions --debugger-agent=transport=dt_socket,embedding=1,server=y,suspend=n,address=127.0.0.1:56437
Begin MonoManager ReloadAssembly
Registering precompiled unity dll's ...
Register platform support module: /Applications/Unity/Hub/Editor/6000.3.12f1/PlaybackEngines/WebGLSupport/UnityEditor.WebGL.Extensions.dll
Register platform support module: /Applications/Unity/Hub/Editor/6000.3.12f1/Unity.app/Contents/PlaybackEngines/MacStandaloneSupport/UnityEditor.OSXStandalone.Extensions.dll
Register platform support module: /Applications/Unity/Hub/Editor/6000.3.12f1/PlaybackEngines/WindowsStandaloneSupport/UnityEditor.WindowsStandalone.Extensions.dll
Registered in 0.001326 seconds.
[Licensing::Client] Error: HandshakeResponse reported an error:
	ResponseCode: 505
	ResponseStatus: Unsupported protocol version '1.18.1'.
[Licensing::Module] Error: Failed to handshake to channel: "LicenseClient-ayaan"
[Licensing::IpcConnector] LicenseClient-ayaan channel disconnected successfully.
[Licensing::IpcConnector] Successfully connected to: "LicenseClient-ayaan-6000.3.12" at "2026-08-14T12:44:23.683983Z"
- Loaded All Assemblies, in  0.236 seconds
Native extension for WindowsStandalone target not found
Native extension for OSXStandalone target not found
Native extension for WebGL target not found
Package Manager log level set to [2]
[Package Manager] Failed to launch server process. Reason: Unity was launched with the -noUpm command-line argument
[Package Manager] Unable to send message (not connected to server process).
[Package Manager] Cannot connect to Unity Package Manager local server
ScheduleIndexationOnStartup MainProcess:False IndexOnStartup:True
Mono: successfully reloaded assembly
- Finished resetting the current domain, in  0.199 seconds
Domain Reload Profiling: 435ms
	BeginReloadAssembly (79ms)
		ExecutionOrderSort (0ms)
		DisableScriptedObjects (0ms)
		BackupInstance (0ms)
		ReleaseScriptingObjects (0ms)
		CreateAndSetChildDomain (0ms)
	RebuildCommonClasses (21ms)
	RebuildNativeTypeToScriptingClass (7ms)
	initialDomainReloadingComplete (21ms)
	LoadAllAssembliesAndSetupDomain (108ms)
		LoadAssemblies (79ms)
		RebuildTransferFunctionScriptingTraits (0ms)
		AnalyzeDomain (105ms)
			TypeCache.Refresh (104ms)
				TypeCache.ScanAssembly (95ms)
			BuildScriptInfoCaches (0ms)
			ResolveRequiredComponents (0ms)
	FinalizeReload (199ms)
		ReleaseScriptCaches (0ms)
		RebuildScriptCaches (0ms)
		SetupLoadedEditorAssemblies (177ms)
			LogAssemblyErrors (0ms)
			InitializePlatformSupportModulesInManaged (23ms)
			SetLoadedEditorAssemblies (2ms)
			BeforeProcessingInitializeOnLoad (38ms)
			ProcessInitializeOnLoadAttributes (61ms)
			ProcessInitializeOnLoadMethodAttributes (53ms)
			AfterProcessingInitializeOnLoad (0ms)
			EditorAssembliesLoaded (0ms)
		ExecutionOrderSort2 (0ms)
		AwakeInstancesAfterBackupRestoration (0ms)
[CoreBusinessMetrics] Unexpected thread when updating session info.
========================================================================
Worker process is ready to serve import requests
Import Worker Mode flag is 0x00
Begin MonoManager ReloadAssembly
[Licensing::Module] Licensing is not yet initialized.
[Licensing::Client] Handshaking with LicensingClient:
  Version:                 1.18.1+9fbee8e
  Session Id:              5040481aaf9241d7abafaeaa9dd07f14
  Correlation Id:          d9dab542a6a95f5606ede5d0025b49d4
  External correlation Id: 3433684125919753863
  Machine Id:              2fWUAZjIWSHgqXJx7JbStKuqcgg=
[Licensing::Module] Successfully connected to LicensingClient on channel: "LicenseClient-ayaan-6000.3.12" (connect: 0.00s, validation: 0.00s, handshake: 0.46s)
[Licensing::IpcConnector] Successfully connected to: "LicenseClient-ayaan-6000.3.12-notifications" at "2026-08-14T12:44:24.141493Z"
[Licensing::Module] Licensing Background thread has ended after 0.94s
[Licensing::Module] Licensing is initialized (took 0.09s).
[Licensing::Client] Successfully resolved entitlement details
[Licensing::Module] License group:
  Id: F4-QKKD-GK3D-QK4Z-FWRN-XXXX
  Product: Unity Personal
  Type: ULF
  Expiration: Unlimited
[Licensing::Module] License group:
  Id: 5773889045670-UnityPersXXXX
  Product: Unity Personal
  Type: Assigned
  Expiration: Unlimited
- Loaded All Assemblies, in  0.331 seconds
Refreshing native plugins compatible for Editor in 0.11 ms, found 1 plugins.
Native extension for WindowsStandalone target not found
Native extension for OSXStandalone target not found
Native extension for WebGL target not found
[Package Manager] Failed to launch server process. Reason: Unity was launched with the -noUpm command-line argument
[Package Manager] Unable to send message (not connected to server process).
[Package Manager] Cannot connect to Unity Package Manager local server
[Package Manager] Failed to launch server process. Reason: Unity was launched with the -noUpm command-line argument
[Package Manager] Unable to send message (not connected to server process).
[Package Manager] Cannot connect to Unity Package Manager local server
ScheduleIndexationOnStartup MainProcess:False IndexOnStartup:True
Mono: successfully reloaded assembly
- Finished resetting the current domain, in  0.281 seconds
Domain Reload Profiling: 612ms
	BeginReloadAssembly (147ms)
		ExecutionOrderSort (0ms)
		DisableScriptedObjects (2ms)
		BackupInstance (0ms)
		ReleaseScriptingObjects (0ms)
		CreateAndSetChildDomain (12ms)
	RebuildCommonClasses (20ms)
	RebuildNativeTypeToScriptingClass (7ms)
	initialDomainReloadingComplete (16ms)
	LoadAllAssembliesAndSetupDomain (141ms)
		LoadAssemblies (112ms)
		RebuildTransferFunctionScriptingTraits (0ms)
		AnalyzeDomain (55ms)
			TypeCache.Refresh (44ms)
				TypeCache.ScanAssembly (37ms)
			BuildScriptInfoCaches (8ms)
			ResolveRequiredComponents (1ms)
	FinalizeReload (281ms)
		ReleaseScriptCaches (0ms)
		RebuildScriptCaches (0ms)
		SetupLoadedEditorAssemblies (228ms)
			LogAssemblyErrors (0ms)
			InitializePlatformSupportModulesInManaged (1ms)
			SetLoadedEditorAssemblies (2ms)
			BeforeProcessingInitializeOnLoad (53ms)
			ProcessInitializeOnLoadAttributes (154ms)
			ProcessInitializeOnLoadMethodAttributes (18ms)
			AfterProcessingInitializeOnLoad (0ms)
			EditorAssembliesLoaded (0ms)
		ExecutionOrderSort2 (0ms)
		AwakeInstancesAfterBackupRestoration (1ms)
Launching external process: /Applications/Unity/Hub/Editor/6000.3.12f1/Unity.app/Contents/Helpers/UnityShaderCompiler
Launched and connected shader compiler UnityShaderCompiler after 0.02 seconds
Refreshing native plugins compatible for Editor in 0.17 ms, found 1 plugins.
Preloading 0 native plugins for Editor in 0.00 ms.
Unloading 0 Unused Serialized files (Serialized files now loaded: 0)
Unloading 2268 unused Assets / (0.5 MB). Loaded Objects now: 2923.
Memory consumption went from 103.6 MB to 103.1 MB.
Total: 3.748292 ms (FindLiveObjects: 0.213709 ms CreateObjectMapping: 0.053750 ms MarkObjects: 3.204209 ms  DeleteObjects: 0.276458 ms)

========================================================================
Received Import Request.
  Time since last request: 95714.435284 seconds.
  path: Assets/TerrainData_61fdc45d-d4d1-4866-b796-c5d751364864.asset
  artifactKey: Guid(9df3594c673f343148ca5328c6989da5) Importer(815301076,1909f56bfc062723c751e8b465ee728b)
Start importing Assets/TerrainData_61fdc45d-d4d1-4866-b796-c5d751364864.asset using Guid(9df3594c673f343148ca5328c6989da5) Importer(815301076,1909f56bfc062723c751e8b465ee728b) (PreviewImporter) -> (artifact id: '40d7ccc8bfd65291e55b0f4661804b66') in 0.085059708 seconds
Number of updated asset objects reloaded before import = 0Number of asset objects unloaded after import = 3

========================================================================
Received Import Request.
  Time since last request: 0.000025 seconds.
  path: Assets/TerrainData_81271487-0830-4ee9-b8c4-a70eeb1baa91.asset
  artifactKey: Guid(82d23306c983d4fb8a1f349e74eb9da6) Importer(815301076,1909f56bfc062723c751e8b465ee728b)
Start importing Assets/TerrainData_81271487-0830-4ee9-b8c4-a70eeb1baa91.asset using Guid(82d23306c983d4fb8a1f349e74eb9da6) Importer(815301076,1909f56bfc062723c751e8b465ee728b) (PreviewImporter) -> (artifact id: '7f8b3542a1b5eb0586e1bbe29d946aa1') in 0.007209375 seconds
Number of updated asset objects reloaded before import = 0Number of asset objects unloaded after import = 3

========================================================================
Received Import Request.
  Time since last request: 0.000041 seconds.
  path: Assets/TerrainData_53020a64-3b49-4694-b004-dd499f00b5e9.asset
  artifactKey: Guid(6a3d50d3bf747467d96607fefec2b94f) Importer(815301076,1909f56bfc062723c751e8b465ee728b)
Start importing Assets/TerrainData_53020a64-3b49-4694-b004-dd499f00b5e9.asset using Guid(6a3d50d3bf747467d96607fefec2b94f) Importer(815301076,1909f56bfc062723c751e8b465ee728b) (PreviewImporter) -> (artifact id: '38d7bb117d6982db45437180fd7e9ce3') in 0.011534958 seconds
Number of updated asset objects reloaded before import = 0Number of asset objects unloaded after import = 3

========================================================================
Received Import Request.
  Time since last request: 0.000053 seconds.
  path: Assets/SFNS.ttf
  artifactKey: Guid(5a25bd4daea1341b68aa9e9e87ff0f02) Importer(815301076,1909f56bfc062723c751e8b465ee728b)
Start importing Assets/SFNS.ttf using Guid(5a25bd4daea1341b68aa9e9e87ff0f02) Importer(815301076,1909f56bfc062723c751e8b465ee728b) (PreviewImporter) -> (artifact id: 'e506c24ed83eb00f16208de5b371ed7c') in 0.113469291 seconds
Number of updated asset objects reloaded before import = 0Number of asset objects unloaded after import = 4

========================================================================
Received Import Request.
  Time since last request: 0.000046 seconds.
  path: Assets/Farm.asset
  artifactKey: Guid(18f5a6527e1164aca9421bcdc9f2ad2d) Importer(815301076,1909f56bfc062723c751e8b465ee728b)
Start importing Assets/Farm.asset using Guid(18f5a6527e1164aca9421bcdc9f2ad2d) Importer(815301076,1909f56bfc062723c751e8b465ee728b) (PreviewImporter)The tree Fir_Tree must use the Nature/Soft Occlusion shader. Otherwise billboarding/lighting will not work correctly.
The tree Oak_Tree must use the Nature/Soft Occlusion shader. Otherwise billboarding/lighting will not work correctly.
The tree Palm_Tree must use the Nature/Soft Occlusion shader. Otherwise billboarding/lighting will not work correctly.
The tree Poplar_Tree must use the Nature/Soft Occlusion shader. Otherwise billboarding/lighting will not work correctly.
 -> (artifact id: 'd4edb5a010bda8f84c4b26e3b50da033') in 0.02414075 seconds
Number of updated asset objects reloaded before import = 0Number of asset objects unloaded after import = 38

========================================================================
Received Import Request.
  Time since last request: 0.000034 seconds.
  path: Assets/TerrainData_499ade9c-8afa-4eac-80bd-6f8be0b19874.asset
  artifactKey: Guid(6e24a905b2eb14c049e8b33c3eefe755) Importer(815301076,1909f56bfc062723c751e8b465ee728b)
Start importing Assets/TerrainData_499ade9c-8afa-4eac-80bd-6f8be0b19874.asset using Guid(6e24a905b2eb14c049e8b33c3eefe755) Importer(815301076,1909f56bfc062723c751e8b465ee728b) (PreviewImporter) -> (artifact id: '45aaf06dac37cd839bde2f057b925117') in 0.004842166 seconds
Number of updated asset objects reloaded before import = 0Number of asset objects unloaded after import = 3

========================================================================
Received Import Request.
  Time since last request: 0.000067 seconds.
  path: Assets/TerrainData_f8b99e24-ed9d-4009-bf45-8f7e22ebb973.asset
  artifactKey: Guid(1a5acc2839cb84fc9857ed44ae247097) Importer(815301076,1909f56bfc062723c751e8b465ee728b)
Start importing Assets/TerrainData_f8b99e24-ed9d-4009-bf45-8f7e22ebb973.asset using Guid(1a5acc2839cb84fc9857ed44ae247097) Importer(815301076,1909f56bfc062723c751e8b465ee728b) (PreviewImporter) -> (artifact id: 'd0e37cb610017732ceec94314732b425') in 0.004648333 seconds
Number of updated asset objects reloaded before import = 0Number of asset objects unloaded after import = 3

========================================================================
Received Import Request.
  Time since last request: 82.152037 seconds.
  path: Assets/Scripts/SceneObjects/Player
  artifactKey: Guid(73d83cf522420421b9cd7e5e5111b80f) Importer(2089858483,b0f066a214c2f5e87bad3c948f4d605d)
Start importing Assets/Scripts/SceneObjects/Player using Guid(73d83cf522420421b9cd7e5e5111b80f) Importer(2089858483,b0f066a214c2f5e87bad3c948f4d605d) (ScriptedImporter) -> (artifact id: '5a293364c2ae6e34c88bbb93ec558473') in 0.027181875 seconds
Number of updated asset objects reloaded before import = 0Number of asset objects unloaded after import = 1

========================================================================
Received Import Request.
  Time since last request: 0.000043 seconds.
  path: Assets/Scripts
  artifactKey: Guid(12030447d020c43918c9ebb410c667da) Importer(2089858483,b0f066a214c2f5e87bad3c948f4d605d)
Start importing Assets/Scripts using Guid(12030447d020c43918c9ebb410c667da) Importer(2089858483,b0f066a214c2f5e87bad3c948f4d605d) (ScriptedImporter) -> (artifact id: '9a488f6eea775775dda50a4770313283') in 0.001299208 seconds
Number of updated asset objects reloaded before import = 0Number of asset objects unloaded after import = 1

========================================================================
Received Import Request.
  Time since last request: 0.000059 seconds.
  path: Assets/Scripts/UI/Shop/ShopManagerScript.cs
  artifactKey: Guid(349dfca73f9ab4fea97cb768790c61b7) Importer(2089858483,b0f066a214c2f5e87bad3c948f4d605d)
Start importing Assets/Scripts/UI/Shop/ShopManagerScript.cs using Guid(349dfca73f9ab4fea97cb768790c61b7) Importer(2089858483,b0f066a214c2f5e87bad3c948f4d605d) (ScriptedImporter) -> (artifact id: '1a47872742c2b6ba14c9f2caefda5d4a') in 0.013250541 seconds
Number of updated asset objects reloaded before import = 0Number of asset objects unloaded after import = 0

========================================================================
Received Import Request.
  Time since last request: 0.000069 seconds.
  path: Assets/Scripts/UI/UIPointerHandler.cs
  artifactKey: Guid(27185bcd2f7a482486ad04b6178075f3) Importer(2089858483,b0f066a214c2f5e87bad3c948f4d605d)
Start importing Assets/Scripts/UI/UIPointerHandler.cs using Guid(27185bcd2f7a482486ad04b6178075f3) Importer(2089858483,b0f066a214c2f5e87bad3c948f4d605d) (ScriptedImporter) -> (artifact id: 'c87fa7b51f0fc336f5b36b3f00860d83') in 0.001267917 seconds
Number of updated asset objects reloaded before import = 0Number of asset objects unloaded after import = 0

========================================================================
Received Import Request.
  Time since last request: 0.000063 seconds.
  path: Assets/Scripts/UI/Desktop/TitleBar.cs
  artifactKey: Guid(c402ea89148c74bea9a72c2532cb4eaa) Importer(2089858483,b0f066a214c2f5e87bad3c948f4d605d)
Start importing Assets/Scripts/UI/Desktop/TitleBar.cs using Guid(c402ea89148c74bea9a72c2532cb4eaa) Importer(2089858483,b0f066a214c2f5e87bad3c948f4d605d) (ScriptedImporter) -> (artifact id: '54e670485c9f2e98bfd1644ee73bc5ca') in 0.001030208 seconds
Number of updated asset objects reloaded before import = 0Number of asset objects unloaded after import = 0

========================================================================
Received Import Request.
  Time since last request: 0.000056 seconds.
  path: Assets/SFNSMono SDF.asset
  artifactKey: Guid(b0d1dafa7a3fe4f259d71ec05f76696a) Importer(2089858483,b0f066a214c2f5e87bad3c948f4d605d)
Start importing Assets/SFNSMono SDF.asset using Guid(b0d1dafa7a3fe4f259d71ec05f76696a) Importer(2089858483,b0f066a214c2f5e87bad3c948f4d605d) (ScriptedImporter) -> (artifact id: '562788084dddbb58616a3a3d234f8969') in 0.032712625 seconds
Number of updated asset objects reloaded before import = 0Number of asset objects unloaded after import = 5

========================================================================
Received Import Request.
  Time since last request: 0.000028 seconds.
  path: Assets/TextMesh Pro/Resources/Fonts & Materials/LiberationSans SDF - Fallback.asset
  artifactKey: Guid(2e498d1c8094910479dc3e1b768306a4) Importer(2089858483,b0f066a214c2f5e87bad3c948f4d605d)
Start importing Assets/TextMesh Pro/Resources/Fonts & Materials/LiberationSans SDF - Fallback.asset using Guid(2e498d1c8094910479dc3e1b768306a4) Importer(2089858483,b0f066a214c2f5e87bad3c948f4d605d) (ScriptedImporter) -> (artifact id: '2c7462e63bfc5e1b626e1bfe8cad7495') in 0.007779791 seconds
Number of updated asset objects reloaded before import = 0Number of asset objects unloaded after import = 5

========================================================================
Received Prepare
Begin MonoManager ReloadAssembly
[Licensing::Client] Successfully resolved entitlement details
[Licensing::Module] License group:
  Id: F4-QKKD-GK3D-QK4Z-FWRN-XXXX
  Product: Unity Personal
  Type: ULF
  Expiration: Unlimited
[Licensing::Module] License group:
  Id: 5773889045670-UnityPersXXXX
  Product: Unity Personal
  Type: Assigned
  Expiration: Unlimited
Thread 0x1712f3000 may have been prematurely finalized
- Loaded All Assemblies, in  0.195 seconds
Refreshing native plugins compatible for Editor in 0.10 ms, found 1 plugins.
Native extension for WindowsStandalone target not found
Native extension for OSXStandalone target not found
Native extension for WebGL target not found
[Package Manager] Failed to launch server process. Reason: Unity was launched with the -noUpm command-line argument
[Package Manager] Unable to send message (not connected to server process).
[Package Manager] Cannot connect to Unity Package Manager local server
[Package Manager] Failed to launch server process. Reason: Unity was launched with the -noUpm command-line argument
[Package Manager] Unable to send message (not connected to server process).
[Package Manager] Cannot connect to Unity Package Manager local server
ScheduleIndexationOnStartup MainProcess:False IndexOnStartup:True
Mono: successfully reloaded assembly
- Finished resetting the current domain, in  0.279 seconds
Domain Reload Profiling: 474ms
	BeginReloadAssembly (69ms)
		ExecutionOrderSort (0ms)
		DisableScriptedObjects (2ms)
		BackupInstance (0ms)
		ReleaseScriptingObjects (0ms)
		CreateAndSetChildDomain (16ms)
	RebuildCommonClasses (19ms)
	RebuildNativeTypeToScriptingClass (7ms)
	initialDomainReloadingComplete (8ms)
	LoadAllAssembliesAndSetupDomain (92ms)
		LoadAssemblies (78ms)
		RebuildTransferFunctionScriptingTraits (0ms)
		AnalyzeDomain (37ms)
			TypeCache.Refresh (3ms)
				TypeCache.ScanAssembly (0ms)
			BuildScriptInfoCaches (31ms)
			ResolveRequiredComponents (1ms)
	FinalizeReload (279ms)
		ReleaseScriptCaches (0ms)
		RebuildScriptCaches (0ms)
		SetupLoadedEditorAssemblies (225ms)
			LogAssemblyErrors (0ms)
			InitializePlatformSupportModulesInManaged (1ms)
			SetLoadedEditorAssemblies (2ms)
			BeforeProcessingInitializeOnLoad (54ms)
			ProcessInitializeOnLoadAttributes (151ms)
			ProcessInitializeOnLoadMethodAttributes (16ms)
			AfterProcessingInitializeOnLoad (0ms)
			EditorAssembliesLoaded (0ms)
		ExecutionOrderSort2 (0ms)
		AwakeInstancesAfterBackupRestoration (1ms)
Refreshing native plugins compatible for Editor in 0.17 ms, found 1 plugins.
Preloading 0 native plugins for Editor in 0.00 ms.
Unloading 0 Unused Serialized files (Serialized files now loaded: 0)
Unloading 2266 unused Assets / (79.6 KB). Loaded Objects now: 2973.
Memory consumption went from 118.4 MB to 118.3 MB.
Total: 3.302125 ms (FindLiveObjects: 0.102292 ms CreateObjectMapping: 0.042041 ms MarkObjects: 2.986375 ms  DeleteObjects: 0.171167 ms)

Prepare: number of updated asset objects reloaded= 0
========================================================================
Received Prepare
Begin MonoManager ReloadAssembly
Thread 0x16d5b3000 may have been prematurely finalized
- Loaded All Assemblies, in  0.197 seconds
Refreshing native plugins compatible for Editor in 0.12 ms, found 1 plugins.
Native extension for WindowsStandalone target not found
Native extension for OSXStandalone target not found
Native extension for WebGL target not found
[Package Manager] Failed to launch server process. Reason: Unity was launched with the -noUpm command-line argument
[Package Manager] Unable to send message (not connected to server process).
[Package Manager] Cannot connect to Unity Package Manager local server
[Package Manager] Failed to launch server process. Reason: Unity was launched with the -noUpm command-line argument
[Package Manager] Unable to send message (not connected to server process).
[Package Manager] Cannot connect to Unity Package Manager local server
ScheduleIndexationOnStartup MainProcess:False IndexOnStartup:True
Mono: successfully reloaded assembly
- Finished resetting the current domain, in  0.274 seconds
Domain Reload Profiling: 472ms
	BeginReloadAssembly (68ms)
		ExecutionOrderSort (0ms)
		DisableScriptedObjects (2ms)
		BackupInstance (0ms)
		ReleaseScriptingObjects (0ms)
		CreateAndSetChildDomain (15ms)
	RebuildCommonClasses (19ms)
	RebuildNativeTypeToScriptingClass (7ms)
	initialDomainReloadingComplete (9ms)
	LoadAllAssembliesAndSetupDomain (95ms)
		LoadAssemblies (78ms)
		RebuildTransferFunctionScriptingTraits (0ms)
		AnalyzeDomain (40ms)
			TypeCache.Refresh (4ms)
				TypeCache.ScanAssembly (0ms)
			BuildScriptInfoCaches (34ms)
			ResolveRequiredComponents (1ms)
	FinalizeReload (275ms)
		ReleaseScriptCaches (0ms)
		RebuildScriptCaches (0ms)
		SetupLoadedEditorAssemblies (218ms)
			LogAssemblyErrors (0ms)
			InitializePlatformSupportModulesInManaged (1ms)
			SetLoadedEditorAssemblies (2ms)
			BeforeProcessingInitializeOnLoad (50ms)
			ProcessInitializeOnLoadAttributes (147ms)
			ProcessInitializeOnLoadMethodAttributes (18ms)
			AfterProcessingInitializeOnLoad (1ms)
			EditorAssembliesLoaded (0ms)
		ExecutionOrderSort2 (0ms)
		AwakeInstancesAfterBackupRestoration (1ms)
Refreshing native plugins compatible for Editor in 0.19 ms, found 1 plugins.
Preloading 0 native plugins for Editor in 0.00 ms.
Unloading 0 Unused Serialized files (Serialized files now loaded: 0)
Unloading 2266 unused Assets / (119.2 KB). Loaded Objects now: 2974.
Memory consumption went from 116.3 MB to 116.2 MB.
Total: 3.675042 ms (FindLiveObjects: 0.125208 ms CreateObjectMapping: 0.044042 ms MarkObjects: 3.290833 ms  DeleteObjects: 0.214708 ms)

Prepare: number of updated asset objects reloaded= 0
========================================================================
Received Prepare
Begin MonoManager ReloadAssembly
[Licensing::Client] Successfully resolved entitlement details
[Licensing::Module] License group:
  Id: F4-QKKD-GK3D-QK4Z-FWRN-XXXX
  Product: Unity Personal
  Type: ULF
  Expiration: Unlimited
[Licensing::Module] License group:
  Id: 5773889045670-UnityPersXXXX
  Product: Unity Personal
  Type: Assigned
  Expiration: Unlimited
Thread 0x16f10f000 may have been prematurely finalized
- Loaded All Assemblies, in  0.198 seconds
Refreshing native plugins compatible for Editor in 0.12 ms, found 1 plugins.
Native extension for WindowsStandalone target not found
Native extension for OSXStandalone target not found
Native extension for WebGL target not found
[Package Manager] Failed to launch server process. Reason: Unity was launched with the -noUpm command-line argument
[Package Manager] Unable to send message (not connected to server process).
[Package Manager] Cannot connect to Unity Package Manager local server
[Package Manager] Failed to launch server process. Reason: Unity was launched with the -noUpm command-line argument
[Package Manager] Unable to send message (not connected to server process).
[Package Manager] Cannot connect to Unity Package Manager local server
ScheduleIndexationOnStartup MainProcess:False IndexOnStartup:True
Mono: successfully reloaded assembly
- Finished resetting the current domain, in  0.298 seconds
Domain Reload Profiling: 497ms
	BeginReloadAssembly (68ms)
		ExecutionOrderSort (0ms)
		DisableScriptedObjects (2ms)
		BackupInstance (0ms)
		ReleaseScriptingObjects (0ms)
		CreateAndSetChildDomain (15ms)
	RebuildCommonClasses (19ms)
	RebuildNativeTypeToScriptingClass (7ms)
	initialDomainReloadingComplete (9ms)
	LoadAllAssembliesAndSetupDomain (95ms)
		LoadAssemblies (79ms)
		RebuildTransferFunctionScriptingTraits (0ms)
		AnalyzeDomain (40ms)
			TypeCache.Refresh (4ms)
				TypeCache.ScanAssembly (0ms)
			BuildScriptInfoCaches (34ms)
			ResolveRequiredComponents (1ms)
	FinalizeReload (298ms)
		ReleaseScriptCaches (0ms)
		RebuildScriptCaches (0ms)
		SetupLoadedEditorAssemblies (243ms)
			LogAssemblyErrors (0ms)
			InitializePlatformSupportModulesInManaged (1ms)
			SetLoadedEditorAssemblies (2ms)
			BeforeProcessingInitializeOnLoad (50ms)
			ProcessInitializeOnLoadAttributes (170ms)
			ProcessInitializeOnLoadMethodAttributes (18ms)
			AfterProcessingInitializeOnLoad (1ms)
			EditorAssembliesLoaded (0ms)
		ExecutionOrderSort2 (0ms)
		AwakeInstancesAfterBackupRestoration (1ms)
Refreshing native plugins compatible for Editor in 0.18 ms, found 1 plugins.
Preloading 0 native plugins for Editor in 0.00 ms.
Unloading 0 Unused Serialized files (Serialized files now loaded: 0)
Unloading 2266 unused Assets / (331.5 KB). Loaded Objects now: 2975.
Memory consumption went from 116.3 MB to 116.0 MB.
Total: 3.740792 ms (FindLiveObjects: 0.128500 ms CreateObjectMapping: 0.042875 ms MarkObjects: 3.325625 ms  DeleteObjects: 0.243667 ms)

Prepare: number of updated asset objects reloaded= 0
========================================================================
Received Prepare
Begin MonoManager ReloadAssembly
Thread 0x16d633000 may have been prematurely finalized
- Loaded All Assemblies, in  0.195 seconds
Refreshing native plugins compatible for Editor in 0.12 ms, found 1 plugins.
Native extension for WindowsStandalone target not found
Native extension for OSXStandalone target not found
Native extension for WebGL target not found
[Package Manager] Failed to launch server process. Reason: Unity was launched with the -noUpm command-line argument
[Package Manager] Unable to send message (not connected to server process).
[Package Manager] Cannot connect to Unity Package Manager local server
[Package Manager] Failed to launch server process. Reason: Unity was launched with the -noUpm command-line argument
[Package Manager] Unable to send message (not connected to server process).
[Package Manager] Cannot connect to Unity Package Manager local server
ScheduleIndexationOnStartup MainProcess:False IndexOnStartup:True
Mono: successfully reloaded assembly
- Finished resetting the current domain, in  0.278 seconds
Domain Reload Profiling: 474ms
	BeginReloadAssembly (68ms)
		ExecutionOrderSort (0ms)
		DisableScriptedObjects (2ms)
		BackupInstance (0ms)
		ReleaseScriptingObjects (0ms)
		CreateAndSetChildDomain (16ms)
	RebuildCommonClasses (18ms)
	RebuildNativeTypeToScriptingClass (7ms)
	initialDomainReloadingComplete (8ms)
	LoadAllAssembliesAndSetupDomain (94ms)
		LoadAssemblies (78ms)
		RebuildTransferFunctionScriptingTraits (0ms)
		AnalyzeDomain (39ms)
			TypeCache.Refresh (4ms)
				TypeCache.ScanAssembly (0ms)
			BuildScriptInfoCaches (32ms)
			ResolveRequiredComponents (1ms)
	FinalizeReload (278ms)
		ReleaseScriptCaches (0ms)
		RebuildScriptCaches (0ms)
		SetupLoadedEditorAssemblies (221ms)
			LogAssemblyErrors (0ms)
			InitializePlatformSupportModulesInManaged (1ms)
			SetLoadedEditorAssemblies (2ms)
			BeforeProcessingInitializeOnLoad (54ms)
			ProcessInitializeOnLoadAttributes (145ms)
			ProcessInitializeOnLoadMethodAttributes (17ms)
			AfterProcessingInitializeOnLoad (0ms)
			EditorAssembliesLoaded (0ms)
		ExecutionOrderSort2 (0ms)
		AwakeInstancesAfterBackupRestoration (1ms)
Refreshing native plugins compatible for Editor in 0.17 ms, found 1 plugins.
Preloading 0 native plugins for Editor in 0.00 ms.
Unloading 0 Unused Serialized files (Serialized files now loaded: 0)
Unloading 2266 unused Assets / (0.6 MB). Loaded Objects now: 2976.
Memory consumption went from 116.3 MB to 115.6 MB.
Total: 6.841667 ms (FindLiveObjects: 0.326292 ms CreateObjectMapping: 0.095000 ms MarkObjects: 5.803166 ms  DeleteObjects: 0.616208 ms)

Prepare: number of updated asset objects reloaded= 0
========================================================================
Received Prepare
Begin MonoManager ReloadAssembly
[Licensing::Client] Successfully resolved entitlement details
[Licensing::Module] License group:
  Id: F4-QKKD-GK3D-QK4Z-FWRN-XXXX
  Product: Unity Personal
  Type: ULF
  Expiration: Unlimited
[Licensing::Module] License group:
  Id: 5773889045670-UnityPersXXXX
  Product: Unity Personal
  Type: Assigned
  Expiration: Unlimited
Thread 0x16d5b3000 may have been prematurely finalized
- Loaded All Assemblies, in  0.207 seconds
Refreshing native plugins compatible for Editor in 0.14 ms, found 1 plugins.
Native extension for WindowsStandalone target not found
Native extension for OSXStandalone target not found
Native extension for WebGL target not found
[Package Manager] Failed to launch server process. Reason: Unity was launched with the -noUpm command-line argument
[Package Manager] Unable to send message (not connected to server process).
[Package Manager] Cannot connect to Unity Package Manager local server
[Package Manager] Failed to launch server process. Reason: Unity was launched with the -noUpm command-line argument
[Package Manager] Unable to send message (not connected to server process).
[Package Manager] Cannot connect to Unity Package Manager local server
ScheduleIndexationOnStartup MainProcess:False IndexOnStartup:True
Mono: successfully reloaded assembly
- Finished resetting the current domain, in  0.294 seconds
Domain Reload Profiling: 502ms
	BeginReloadAssembly (68ms)
		ExecutionOrderSort (0ms)
		DisableScriptedObjects (2ms)
		BackupInstance (0ms)
		ReleaseScriptingObjects (0ms)
		CreateAndSetChildDomain (14ms)
	RebuildCommonClasses (19ms)
	RebuildNativeTypeToScriptingClass (7ms)
	initialDomainReloadingComplete (9ms)
	LoadAllAssembliesAndSetupDomain (105ms)
		LoadAssemblies (89ms)
		RebuildTransferFunctionScriptingTraits (0ms)
		AnalyzeDomain (40ms)
			TypeCache.Refresh (4ms)
				TypeCache.ScanAssembly (0ms)
			BuildScriptInfoCaches (33ms)
			ResolveRequiredComponents (2ms)
	FinalizeReload (295ms)
		ReleaseScriptCaches (0ms)
		RebuildScriptCaches (0ms)
		SetupLoadedEditorAssemblies (241ms)
			LogAssemblyErrors (0ms)
			InitializePlatformSupportModulesInManaged (1ms)
			SetLoadedEditorAssemblies (2ms)
			BeforeProcessingInitializeOnLoad (57ms)
			ProcessInitializeOnLoadAttributes (157ms)
			ProcessInitializeOnLoadMethodAttributes (24ms)
			AfterProcessingInitializeOnLoad (1ms)
			EditorAssembliesLoaded (0ms)
		ExecutionOrderSort2 (0ms)
		AwakeInstancesAfterBackupRestoration (1ms)
Refreshing native plugins compatible for Editor in 0.26 ms, found 1 plugins.
Preloading 0 native plugins for Editor in 0.00 ms.
Unloading 0 Unused Serialized files (Serialized files now loaded: 0)
Unloading 2266 unused Assets / (170.1 KB). Loaded Objects now: 2977.
Memory consumption went from 116.3 MB to 116.1 MB.
Total: 5.416666 ms (FindLiveObjects: 0.307250 ms CreateObjectMapping: 0.137791 ms MarkObjects: 4.763792 ms  DeleteObjects: 0.207666 ms)

Prepare: number of updated asset objects reloaded= 0
========================================================================
Received Prepare
Begin MonoManager ReloadAssembly
[Licensing::Client] Successfully resolved entitlement details
[Licensing::Module] License group:
  Id: F4-QKKD-GK3D-QK4Z-FWRN-XXXX
  Product: Unity Personal
  Type: ULF
  Expiration: Unlimited
[Licensing::Module] License group:
  Id: 5773889045670-UnityPersXXXX
  Product: Unity Personal
  Type: Assigned
  Expiration: Unlimited
Thread 0x16d5b3000 may have been prematurely finalized
- Loaded All Assemblies, in  0.192 seconds
Refreshing native plugins compatible for Editor in 0.12 ms, found 1 plugins.
Native extension for WindowsStandalone target not found
Native extension for OSXStandalone target not found
Native extension for WebGL target not found
[Package Manager] Failed to launch server process. Reason: Unity was launched with the -noUpm command-line argument
[Package Manager] Unable to send message (not connected to server process).
[Package Manager] Cannot connect to Unity Package Manager local server
[Package Manager] Failed to launch server process. Reason: Unity was launched with the -noUpm command-line argument
[Package Manager] Unable to send message (not connected to server process).
[Package Manager] Cannot connect to Unity Package Manager local server
ScheduleIndexationOnStartup MainProcess:False IndexOnStartup:True
Mono: successfully reloaded assembly
- Finished resetting the current domain, in  0.277 seconds
Domain Reload Profiling: 471ms
	BeginReloadAssembly (68ms)
		ExecutionOrderSort (0ms)
		DisableScriptedObjects (2ms)
		BackupInstance (0ms)
		ReleaseScriptingObjects (0ms)
		CreateAndSetChildDomain (15ms)
	RebuildCommonClasses (18ms)
	RebuildNativeTypeToScriptingClass (7ms)
	initialDomainReloadingComplete (8ms)
	LoadAllAssembliesAndSetupDomain (92ms)
		LoadAssemblies (77ms)
		RebuildTransferFunctionScriptingTraits (0ms)
		AnalyzeDomain (38ms)
			TypeCache.Refresh (3ms)
				TypeCache.ScanAssembly (0ms)
			BuildScriptInfoCaches (32ms)
			ResolveRequiredComponents (1ms)
	FinalizeReload (278ms)
		ReleaseScriptCaches (0ms)
		RebuildScriptCaches (0ms)
		SetupLoadedEditorAssemblies (220ms)
			LogAssemblyErrors (0ms)
			InitializePlatformSupportModulesInManaged (1ms)
			SetLoadedEditorAssemblies (2ms)
			BeforeProcessingInitializeOnLoad (52ms)
			ProcessInitializeOnLoadAttributes (146ms)
			ProcessInitializeOnLoadMethodAttributes (18ms)
			AfterProcessingInitializeOnLoad (1ms)
			EditorAssembliesLoaded (0ms)
		ExecutionOrderSort2 (0ms)
		AwakeInstancesAfterBackupRestoration (1ms)
Refreshing native plugins compatible for Editor in 0.15 ms, found 1 plugins.
Preloading 0 native plugins for Editor in 0.00 ms.
Unloading 0 Unused Serialized files (Serialized files now loaded: 0)
Unloading 2266 unused Assets / (135.5 KB). Loaded Objects now: 2978.
Memory consumption went from 116.3 MB to 116.2 MB.
Total: 4.061458 ms (FindLiveObjects: 0.297916 ms CreateObjectMapping: 0.091875 ms MarkObjects: 3.480417 ms  DeleteObjects: 0.190875 ms)

Prepare: number of updated asset objects reloaded= 0
========================================================================
Received Prepare
Refreshing native plugins compatible for Editor in 0.14 ms, found 1 plugins.
Preloading 0 native plugins for Editor in 0.00 ms.
Unloading 0 Unused Serialized files (Serialized files now loaded: 0)
Unloading 2262 unused Assets / (449.9 KB). Loaded Objects now: 2978.
Memory consumption went from 105.3 MB to 104.8 MB.
Total: 3.147500 ms (FindLiveObjects: 0.097417 ms CreateObjectMapping: 0.038125 ms MarkObjects: 2.798208 ms  DeleteObjects: 0.213417 ms)

Prepare: number of updated asset objects reloaded= 0
========================================================================
Received Prepare
Refreshing native plugins compatible for Editor in 0.15 ms, found 1 plugins.
Preloading 0 native plugins for Editor in 0.00 ms.
Unloading 0 Unused Serialized files (Serialized files now loaded: 0)
Unloading 2262 unused Assets / (401.3 KB). Loaded Objects now: 2978.
Memory consumption went from 105.3 MB to 104.9 MB.
Total: 3.326084 ms (FindLiveObjects: 0.113750 ms CreateObjectMapping: 0.037875 ms MarkObjects: 2.951500 ms  DeleteObjects: 0.222667 ms)

Prepare: number of updated asset objects reloaded= 0
========================================================================
Received Prepare
Begin MonoManager ReloadAssembly
[Licensing::Client] Successfully resolved entitlement details
[Licensing::Module] License group:
  Id: F4-QKKD-GK3D-QK4Z-FWRN-XXXX
  Product: Unity Personal
  Type: ULF
  Expiration: Unlimited
[Licensing::Module] License group:
  Id: 5773889045670-UnityPersXXXX
  Product: Unity Personal
  Type: Assigned
  Expiration: Unlimited
Thread 0x16d5b3000 may have been prematurely finalized
- Loaded All Assemblies, in  0.207 seconds
Refreshing native plugins compatible for Editor in 0.11 ms, found 1 plugins.
Native extension for WindowsStandalone target not found
Native extension for OSXStandalone target not found
Native extension for WebGL target not found
[Package Manager] Failed to launch server process. Reason: Unity was launched with the -noUpm command-line argument
[Package Manager] Unable to send message (not connected to server process).
[Package Manager] Cannot connect to Unity Package Manager local server
[Package Manager] Failed to launch server process. Reason: Unity was launched with the -noUpm command-line argument
[Package Manager] Unable to send message (not connected to server process).
[Package Manager] Cannot connect to Unity Package Manager local server
ScheduleIndexationOnStartup MainProcess:False IndexOnStartup:True
Mono: successfully reloaded assembly
- Finished resetting the current domain, in  0.276 seconds
Domain Reload Profiling: 483ms
	BeginReloadAssembly (74ms)
		ExecutionOrderSort (0ms)
		DisableScriptedObjects (2ms)
		BackupInstance (0ms)
		ReleaseScriptingObjects (0ms)
		CreateAndSetChildDomain (17ms)
	RebuildCommonClasses (20ms)
	RebuildNativeTypeToScriptingClass (7ms)
	initialDomainReloadingComplete (9ms)
	LoadAllAssembliesAndSetupDomain (97ms)
		LoadAssemblies (80ms)
		RebuildTransferFunctionScriptingTraits (0ms)
		AnalyzeDomain (42ms)
			TypeCache.Refresh (6ms)
				TypeCache.ScanAssembly (1ms)
			BuildScriptInfoCaches (34ms)
			ResolveRequiredComponents (1ms)
	FinalizeReload (276ms)
		ReleaseScriptCaches (0ms)
		RebuildScriptCaches (0ms)
		SetupLoadedEditorAssemblies (222ms)
			LogAssemblyErrors (0ms)
			InitializePlatformSupportModulesInManaged (1ms)
			SetLoadedEditorAssemblies (2ms)
			BeforeProcessingInitializeOnLoad (59ms)
			ProcessInitializeOnLoadAttributes (143ms)
			ProcessInitializeOnLoadMethodAttributes (16ms)
			AfterProcessingInitializeOnLoad (0ms)
			EditorAssembliesLoaded (0ms)
		ExecutionOrderSort2 (0ms)
		AwakeInstancesAfterBackupRestoration (1ms)
Refreshing native plugins compatible for Editor in 0.15 ms, found 1 plugins.
Preloading 0 native plugins for Editor in 0.00 ms.
Unloading 0 Unused Serialized files (Serialized files now loaded: 0)
Unloading 2266 unused Assets / (376.1 KB). Loaded Objects now: 2979.
Memory consumption went from 116.3 MB to 115.9 MB.
Total: 3.184334 ms (FindLiveObjects: 0.112541 ms CreateObjectMapping: 0.039084 ms MarkObjects: 2.818208 ms  DeleteObjects: 0.214250 ms)

Prepare: number of updated asset objects reloaded= 0
========================================================================
Received Prepare
Refreshing native plugins compatible for Editor in 0.11 ms, found 1 plugins.
Preloading 0 native plugins for Editor in 0.00 ms.
Unloading 0 Unused Serialized files (Serialized files now loaded: 0)
Unloading 2262 unused Assets / (392.8 KB). Loaded Objects now: 2979.
Memory consumption went from 105.2 MB to 104.9 MB.
Total: 3.161125 ms (FindLiveObjects: 0.091083 ms CreateObjectMapping: 0.038583 ms MarkObjects: 2.850917 ms  DeleteObjects: 0.180250 ms)

Prepare: number of updated asset objects reloaded= 0
========================================================================
Received Prepare
Begin MonoManager ReloadAssembly
Thread 0x16d5b3000 may have been prematurely finalized
- Loaded All Assemblies, in  0.200 seconds
Refreshing native plugins compatible for Editor in 0.13 ms, found 1 plugins.
Native extension for WindowsStandalone target not found
Native extension for OSXStandalone target not found
Native extension for WebGL target not found
[Package Manager] Failed to launch server process. Reason: Unity was launched with the -noUpm command-line argument
[Package Manager] Unable to send message (not connected to server process).
[Package Manager] Cannot connect to Unity Package Manager local server
[Package Manager] Failed to launch server process. Reason: Unity was launched with the -noUpm command-line argument
[Package Manager] Unable to send message (not connected to server process).
[Package Manager] Cannot connect to Unity Package Manager local server
ScheduleIndexationOnStartup MainProcess:False IndexOnStartup:True
Mono: successfully reloaded assembly
- Finished resetting the current domain, in  0.277 seconds
Domain Reload Profiling: 478ms
	BeginReloadAssembly (68ms)
		ExecutionOrderSort (0ms)
		DisableScriptedObjects (2ms)
		BackupInstance (0ms)
		ReleaseScriptingObjects (0ms)
		CreateAndSetChildDomain (15ms)
	RebuildCommonClasses (19ms)
	RebuildNativeTypeToScriptingClass (7ms)
	initialDomainReloadingComplete (9ms)
	LoadAllAssembliesAndSetupDomain (98ms)
		LoadAssemblies (78ms)
		RebuildTransferFunctionScriptingTraits (0ms)
		AnalyzeDomain (44ms)
			TypeCache.Refresh (5ms)
				TypeCache.ScanAssembly (1ms)
			BuildScriptInfoCaches (35ms)
			ResolveRequiredComponents (2ms)
	FinalizeReload (277ms)
		ReleaseScriptCaches (0ms)
		RebuildScriptCaches (0ms)
		SetupLoadedEditorAssemblies (222ms)
			LogAssemblyErrors (0ms)
			InitializePlatformSupportModulesInManaged (1ms)
			SetLoadedEditorAssemblies (3ms)
			BeforeProcessingInitializeOnLoad (55ms)
			ProcessInitializeOnLoadAttributes (147ms)
			ProcessInitializeOnLoadMethodAttributes (16ms)
			AfterProcessingInitializeOnLoad (1ms)
			EditorAssembliesLoaded (0ms)
		ExecutionOrderSort2 (0ms)
		AwakeInstancesAfterBackupRestoration (1ms)
Refreshing native plugins compatible for Editor in 0.13 ms, found 1 plugins.
Preloading 0 native plugins for Editor in 0.00 ms.
Unloading 0 Unused Serialized files (Serialized files now loaded: 0)
Unloading 2266 unused Assets / (415.8 KB). Loaded Objects now: 2980.
Memory consumption went from 116.3 MB to 115.9 MB.
Total: 3.053625 ms (FindLiveObjects: 0.093584 ms CreateObjectMapping: 0.038916 ms MarkObjects: 2.731750 ms  DeleteObjects: 0.189166 ms)

Prepare: number of updated asset objects reloaded= 0
========================================================================
Received Prepare
Refreshing native plugins compatible for Editor in 0.13 ms, found 1 plugins.
Preloading 0 native plugins for Editor in 0.00 ms.
Unloading 0 Unused Serialized files (Serialized files now loaded: 0)
Unloading 2262 unused Assets / (410.9 KB). Loaded Objects now: 2980.
Memory consumption went from 105.2 MB to 104.8 MB.
Total: 3.138709 ms (FindLiveObjects: 0.115459 ms CreateObjectMapping: 0.041500 ms MarkObjects: 2.780500 ms  DeleteObjects: 0.201083 ms)

Prepare: number of updated asset objects reloaded= 0
========================================================================
Received Prepare
Begin MonoManager ReloadAssembly
Thread 0x16d5b3000 may have been prematurely finalized
- Loaded All Assemblies, in  0.195 seconds
Refreshing native plugins compatible for Editor in 0.10 ms, found 1 plugins.
Native extension for WindowsStandalone target not found
Native extension for OSXStandalone target not found
Native extension for WebGL target not found
[Package Manager] Failed to launch server process. Reason: Unity was launched with the -noUpm command-line argument
[Package Manager] Unable to send message (not connected to server process).
[Package Manager] Cannot connect to Unity Package Manager local server
[Package Manager] Failed to launch server process. Reason: Unity was launched with the -noUpm command-line argument
[Package Manager] Unable to send message (not connected to server process).
[Package Manager] Cannot connect to Unity Package Manager local server
ScheduleIndexationOnStartup MainProcess:False IndexOnStartup:True
Mono: successfully reloaded assembly
- Finished resetting the current domain, in  0.282 seconds
Domain Reload Profiling: 478ms
	BeginReloadAssembly (69ms)
		ExecutionOrderSort (0ms)
		DisableScriptedObjects (2ms)
		BackupInstance (0ms)
		ReleaseScriptingObjects (0ms)
		CreateAndSetChildDomain (15ms)
	RebuildCommonClasses (18ms)
	RebuildNativeTypeToScriptingClass (7ms)
	initialDomainReloadingComplete (9ms)
	LoadAllAssembliesAndSetupDomain (93ms)
		LoadAssemblies (78ms)
		RebuildTransferFunctionScriptingTraits (0ms)
		AnalyzeDomain (39ms)
			TypeCache.Refresh (5ms)
				TypeCache.ScanAssembly (1ms)
			BuildScriptInfoCaches (32ms)
			ResolveRequiredComponents (1ms)
	FinalizeReload (282ms)
		ReleaseScriptCaches (0ms)
		RebuildScriptCaches (0ms)
		SetupLoadedEditorAssemblies (230ms)
			LogAssemblyErrors (0ms)
			InitializePlatformSupportModulesInManaged (1ms)
			SetLoadedEditorAssemblies (2ms)
			BeforeProcessingInitializeOnLoad (54ms)
			ProcessInitializeOnLoadAttributes (154ms)
			ProcessInitializeOnLoadMethodAttributes (18ms)
			AfterProcessingInitializeOnLoad (0ms)
			EditorAssembliesLoaded (0ms)
		ExecutionOrderSort2 (0ms)
		AwakeInstancesAfterBackupRestoration (1ms)
Refreshing native plugins compatible for Editor in 0.15 ms, found 1 plugins.
Preloading 0 native plugins for Editor in 0.00 ms.
Unloading 0 Unused Serialized files (Serialized files now loaded: 0)
Unloading 2266 unused Assets / (73.0 KB). Loaded Objects now: 2981.
Memory consumption went from 116.3 MB to 116.2 MB.
Total: 3.417042 ms (FindLiveObjects: 0.109875 ms CreateObjectMapping: 0.044375 ms MarkObjects: 3.055666 ms  DeleteObjects: 0.206875 ms)

Prepare: number of updated asset objects reloaded= 0
========================================================================
Received Prepare
Begin MonoManager ReloadAssembly
Thread 0x16d5b3000 may have been prematurely finalized
- Loaded All Assemblies, in  0.192 seconds
Refreshing native plugins compatible for Editor in 0.10 ms, found 1 plugins.
Native extension for WindowsStandalone target not found
Native extension for OSXStandalone target not found
Native extension for WebGL target not found
[Package Manager] Failed to launch server process. Reason: Unity was launched with the -noUpm command-line argument
[Package Manager] Unable to send message (not connected to server process).
[Package Manager] Cannot connect to Unity Package Manager local server
[Package Manager] Failed to launch server process. Reason: Unity was launched with the -noUpm command-line argument
[Package Manager] Unable to send message (not connected to server process).
[Package Manager] Cannot connect to Unity Package Manager local server
ScheduleIndexationOnStartup MainProcess:False IndexOnStartup:True
Mono: successfully reloaded assembly
- Finished resetting the current domain, in  0.278 seconds
Domain Reload Profiling: 471ms
	BeginReloadAssembly (69ms)
		ExecutionOrderSort (0ms)
		DisableScriptedObjects (2ms)
		BackupInstance (0ms)
		ReleaseScriptingObjects (0ms)
		CreateAndSetChildDomain (17ms)
	RebuildCommonClasses (19ms)
	RebuildNativeTypeToScriptingClass (7ms)
	initialDomainReloadingComplete (9ms)
	LoadAllAssembliesAndSetupDomain (89ms)
		LoadAssemblies (76ms)
		RebuildTransferFunctionScriptingTraits (0ms)
		AnalyzeDomain (36ms)
			TypeCache.Refresh (3ms)
				TypeCache.ScanAssembly (0ms)
			BuildScriptInfoCaches (30ms)
			ResolveRequiredComponents (1ms)
	FinalizeReload (278ms)
		ReleaseScriptCaches (0ms)
		RebuildScriptCaches (0ms)
		SetupLoadedEditorAssemblies (225ms)
			LogAssemblyErrors (0ms)
			InitializePlatformSupportModulesInManaged (1ms)
			SetLoadedEditorAssemblies (2ms)
			BeforeProcessingInitializeOnLoad (56ms)
			ProcessInitializeOnLoadAttributes (147ms)
			ProcessInitializeOnLoadMethodAttributes (18ms)
			AfterProcessingInitializeOnLoad (0ms)
			EditorAssembliesLoaded (0ms)
		ExecutionOrderSort2 (0ms)
		AwakeInstancesAfterBackupRestoration (1ms)
Refreshing native plugins compatible for Editor in 0.14 ms, found 1 plugins.
Preloading 0 native plugins for Editor in 0.00 ms.
Unloading 0 Unused Serialized files (Serialized files now loaded: 0)
Unloading 2266 unused Assets / (65.0 KB). Loaded Objects now: 2982.
Memory consumption went from 116.3 MB to 116.2 MB.
Total: 3.862750 ms (FindLiveObjects: 0.125334 ms CreateObjectMapping: 0.045125 ms MarkObjects: 3.495708 ms  DeleteObjects: 0.196292 ms)

Prepare: number of updated asset objects reloaded= 0
========================================================================
Received Prepare
Begin MonoManager ReloadAssembly
[Licensing::Client] Successfully resolved entitlement details
[Licensing::Module] License group:
  Id: F4-QKKD-GK3D-QK4Z-FWRN-XXXX
  Product: Unity Personal
  Type: ULF
  Expiration: Unlimited
[Licensing::Module] License group:
  Id: 5773889045670-UnityPersXXXX
  Product: Unity Personal
  Type: Assigned
  Expiration: Unlimited
Thread 0x16d5b3000 may have been prematurely finalized
- Loaded All Assemblies, in  0.195 seconds
Refreshing native plugins compatible for Editor in 0.10 ms, found 1 plugins.
Native extension for WindowsStandalone target not found
Native extension for OSXStandalone target not found
Native extension for WebGL target not found
[Package Manager] Failed to launch server process. Reason: Unity was launched with the -noUpm command-line argument
[Package Manager] Unable to send message (not connected to server process).
[Package Manager] Cannot connect to Unity Package Manager local server
[Package Manager] Failed to launch server process. Reason: Unity was launched with the -noUpm command-line argument
[Package Manager] Unable to send message (not connected to server process).
[Package Manager] Cannot connect to Unity Package Manager local server
ScheduleIndexationOnStartup MainProcess:False IndexOnStartup:True
Mono: successfully reloaded assembly
- Finished resetting the current domain, in  0.275 seconds
Domain Reload Profiling: 471ms
	BeginReloadAssembly (68ms)
		ExecutionOrderSort (0ms)
		DisableScriptedObjects (2ms)
		BackupInstance (0ms)
		ReleaseScriptingObjects (0ms)
		CreateAndSetChildDomain (16ms)
	RebuildCommonClasses (19ms)
	RebuildNativeTypeToScriptingClass (7ms)
	initialDomainReloadingComplete (8ms)
	LoadAllAssembliesAndSetupDomain (94ms)
		LoadAssemblies (79ms)
		RebuildTransferFunctionScriptingTraits (0ms)
		AnalyzeDomain (38ms)
			TypeCache.Refresh (4ms)
				TypeCache.ScanAssembly (0ms)
			BuildScriptInfoCaches (32ms)
			ResolveRequiredComponents (1ms)
	FinalizeReload (275ms)
		ReleaseScriptCaches (0ms)
		RebuildScriptCaches (0ms)
		SetupLoadedEditorAssemblies (220ms)
			LogAssemblyErrors (0ms)
			InitializePlatformSupportModulesInManaged (1ms)
			SetLoadedEditorAssemblies (2ms)
			BeforeProcessingInitializeOnLoad (53ms)
			ProcessInitializeOnLoadAttributes (146ms)
			ProcessInitializeOnLoadMethodAttributes (17ms)
			AfterProcessingInitializeOnLoad (0ms)
			EditorAssembliesLoaded (0ms)
		ExecutionOrderSort2 (0ms)
		AwakeInstancesAfterBackupRestoration (1ms)
Refreshing native plugins compatible for Editor in 0.11 ms, found 1 plugins.
Preloading 0 native plugins for Editor in 0.00 ms.
Unloading 0 Unused Serialized files (Serialized files now loaded: 0)
Unloading 2266 unused Assets / (65.0 KB). Loaded Objects now: 2983.
Memory consumption went from 116.3 MB to 116.2 MB.
Total: 3.395167 ms (FindLiveObjects: 0.100333 ms CreateObjectMapping: 0.043875 ms MarkObjects: 3.011250 ms  DeleteObjects: 0.239459 ms)

Prepare: number of updated asset objects reloaded= 0
========================================================================
Received Prepare
Refreshing native plugins compatible for Editor in 0.15 ms, found 1 plugins.
Preloading 0 native plugins for Editor in 0.00 ms.
Unloading 0 Unused Serialized files (Serialized files now loaded: 0)
Unloading 2262 unused Assets / (418.7 KB). Loaded Objects now: 2983.
Memory consumption went from 105.2 MB to 104.8 MB.
Total: 3.229375 ms (FindLiveObjects: 0.095583 ms CreateObjectMapping: 0.047125 ms MarkObjects: 2.872375 ms  DeleteObjects: 0.214084 ms)

Prepare: number of updated asset objects reloaded= 0
========================================================================
Received Prepare
Begin MonoManager ReloadAssembly
[Licensing::Client] Successfully resolved entitlement details
[Licensing::Module] License group:
  Id: F4-QKKD-GK3D-QK4Z-FWRN-XXXX
  Product: Unity Personal
  Type: ULF
  Expiration: Unlimited
[Licensing::Module] License group:
  Id: 5773889045670-UnityPersXXXX
  Product: Unity Personal
  Type: Assigned
  Expiration: Unlimited
Thread 0x16d5b3000 may have been prematurely finalized
- Loaded All Assemblies, in  0.197 seconds
Refreshing native plugins compatible for Editor in 0.10 ms, found 1 plugins.
Native extension for WindowsStandalone target not found
Native extension for OSXStandalone target not found
Native extension for WebGL target not found
[Package Manager] Failed to launch server process. Reason: Unity was launched with the -noUpm command-line argument
[Package Manager] Unable to send message (not connected to server process).
[Package Manager] Cannot connect to Unity Package Manager local server
[Package Manager] Failed to launch server process. Reason: Unity was launched with the -noUpm command-line argument
[Package Manager] Unable to send message (not connected to server process).
[Package Manager] Cannot connect to Unity Package Manager local server
ScheduleIndexationOnStartup MainProcess:False IndexOnStartup:True
Mono: successfully reloaded assembly
- Finished resetting the current domain, in  0.282 seconds
Domain Reload Profiling: 480ms
	BeginReloadAssembly (70ms)
		ExecutionOrderSort (0ms)
		DisableScriptedObjects (2ms)
		BackupInstance (0ms)
		ReleaseScriptingObjects (0ms)
		CreateAndSetChildDomain (15ms)
	RebuildCommonClasses (19ms)
	RebuildNativeTypeToScriptingClass (7ms)
	initialDomainReloadingComplete (9ms)
	LoadAllAssembliesAndSetupDomain (93ms)
		LoadAssemblies (77ms)
		RebuildTransferFunctionScriptingTraits (0ms)
		AnalyzeDomain (40ms)
			TypeCache.Refresh (5ms)
				TypeCache.ScanAssembly (1ms)
			BuildScriptInfoCaches (32ms)
			ResolveRequiredComponents (1ms)
	FinalizeReload (283ms)
		ReleaseScriptCaches (0ms)
		RebuildScriptCaches (0ms)
		SetupLoadedEditorAssemblies (227ms)
			LogAssemblyErrors (0ms)
			InitializePlatformSupportModulesInManaged (1ms)
			SetLoadedEditorAssemblies (2ms)
			BeforeProcessingInitializeOnLoad (53ms)
			ProcessInitializeOnLoadAttributes (153ms)
			ProcessInitializeOnLoadMethodAttributes (17ms)
			AfterProcessingInitializeOnLoad (1ms)
			EditorAssembliesLoaded (0ms)
		ExecutionOrderSort2 (0ms)
		AwakeInstancesAfterBackupRestoration (1ms)
Refreshing native plugins compatible for Editor in 0.15 ms, found 1 plugins.
Preloading 0 native plugins for Editor in 0.00 ms.
Unloading 0 Unused Serialized files (Serialized files now loaded: 0)
Unloading 2266 unused Assets / (449.1 KB). Loaded Objects now: 2984.
Memory consumption went from 116.3 MB to 115.9 MB.
Total: 3.578917 ms (FindLiveObjects: 0.098333 ms CreateObjectMapping: 0.048083 ms MarkObjects: 3.220917 ms  DeleteObjects: 0.211375 ms)

Prepare: number of updated asset objects reloaded= 0
========================================================================
Received Prepare
Refreshing native plugins compatible for Editor in 0.12 ms, found 1 plugins.
Preloading 0 native plugins for Editor in 0.00 ms.
Unloading 0 Unused Serialized files (Serialized files now loaded: 0)
Unloading 2262 unused Assets / (442.9 KB). Loaded Objects now: 2984.
Memory consumption went from 105.3 MB to 104.8 MB.
Total: 3.598542 ms (FindLiveObjects: 0.103166 ms CreateObjectMapping: 0.042500 ms MarkObjects: 3.233459 ms  DeleteObjects: 0.219250 ms)

Prepare: number of updated asset objects reloaded= 0
========================================================================
Received Prepare
Begin MonoManager ReloadAssembly
Thread 0x16d5b3000 may have been prematurely finalized
- Loaded All Assemblies, in  0.196 seconds
Refreshing native plugins compatible for Editor in 0.10 ms, found 1 plugins.
Native extension for WindowsStandalone target not found
Native extension for OSXStandalone target not found
Native extension for WebGL target not found
[Package Manager] Failed to launch server process. Reason: Unity was launched with the -noUpm command-line argument
[Package Manager] Unable to send message (not connected to server process).
[Package Manager] Cannot connect to Unity Package Manager local server
[Package Manager] Failed to launch server process. Reason: Unity was launched with the -noUpm command-line argument
[Package Manager] Unable to send message (not connected to server process).
[Package Manager] Cannot connect to Unity Package Manager local server
ScheduleIndexationOnStartup MainProcess:False IndexOnStartup:True
Mono: successfully reloaded assembly
- Finished resetting the current domain, in  0.285 seconds
Domain Reload Profiling: 482ms
	BeginReloadAssembly (68ms)
		ExecutionOrderSort (0ms)
		DisableScriptedObjects (2ms)
		BackupInstance (0ms)
		ReleaseScriptingObjects (0ms)
		CreateAndSetChildDomain (14ms)
	RebuildCommonClasses (19ms)
	RebuildNativeTypeToScriptingClass (7ms)
	initialDomainReloadingComplete (9ms)
	LoadAllAssembliesAndSetupDomain (93ms)
		LoadAssemblies (78ms)
		RebuildTransferFunctionScriptingTraits (0ms)
		AnalyzeDomain (40ms)
			TypeCache.Refresh (5ms)
				TypeCache.ScanAssembly (1ms)
			BuildScriptInfoCaches (32ms)
			ResolveRequiredComponents (1ms)
	FinalizeReload (286ms)
		ReleaseScriptCaches (0ms)
		RebuildScriptCaches (0ms)
		SetupLoadedEditorAssemblies (230ms)
			LogAssemblyErrors (0ms)
			InitializePlatformSupportModulesInManaged (1ms)
			SetLoadedEditorAssemblies (2ms)
			BeforeProcessingInitializeOnLoad (53ms)
			ProcessInitializeOnLoadAttributes (148ms)
			ProcessInitializeOnLoadMethodAttributes (24ms)
			AfterProcessingInitializeOnLoad (1ms)
			EditorAssembliesLoaded (0ms)
		ExecutionOrderSort2 (0ms)
		AwakeInstancesAfterBackupRestoration (2ms)
Refreshing native plugins compatible for Editor in 0.15 ms, found 1 plugins.
Preloading 0 native plugins for Editor in 0.00 ms.
Unloading 0 Unused Serialized files (Serialized files now loaded: 0)
Unloading 2266 unused Assets / (422.8 KB). Loaded Objects now: 2985.
Memory consumption went from 116.3 MB to 115.9 MB.
Total: 3.736416 ms (FindLiveObjects: 0.132542 ms CreateObjectMapping: 0.046708 ms MarkObjects: 3.310459 ms  DeleteObjects: 0.246541 ms)

Prepare: number of updated asset objects reloaded= 0
========================================================================
Received Prepare
Begin MonoManager ReloadAssembly
Thread 0x16d5b3000 may have been prematurely finalized
- Loaded All Assemblies, in  0.188 seconds
Refreshing native plugins compatible for Editor in 0.10 ms, found 1 plugins.
Native extension for WindowsStandalone target not found
Native extension for OSXStandalone target not found
Native extension for WebGL target not found
[Package Manager] Failed to launch server process. Reason: Unity was launched with the -noUpm command-line argument
[Package Manager] Unable to send message (not connected to server process).
[Package Manager] Cannot connect to Unity Package Manager local server
[Package Manager] Failed to launch server process. Reason: Unity was launched with the -noUpm command-line argument
[Package Manager] Unable to send message (not connected to server process).
[Package Manager] Cannot connect to Unity Package Manager local server
ScheduleIndexationOnStartup MainProcess:False IndexOnStartup:True
Mono: successfully reloaded assembly
- Finished resetting the current domain, in  0.278 seconds
Domain Reload Profiling: 466ms
	BeginReloadAssembly (67ms)
		ExecutionOrderSort (0ms)
		DisableScriptedObjects (2ms)
		BackupInstance (0ms)
		ReleaseScriptingObjects (0ms)
		CreateAndSetChildDomain (15ms)
	RebuildCommonClasses (19ms)
	RebuildNativeTypeToScriptingClass (7ms)
	initialDomainReloadingComplete (8ms)
	LoadAllAssembliesAndSetupDomain (88ms)
		LoadAssemblies (73ms)
		RebuildTransferFunctionScriptingTraits (0ms)
		AnalyzeDomain (37ms)
			TypeCache.Refresh (3ms)
				TypeCache.ScanAssembly (0ms)
			BuildScriptInfoCaches (31ms)
			ResolveRequiredComponents (1ms)
	FinalizeReload (278ms)
		ReleaseScriptCaches (0ms)
		RebuildScriptCaches (0ms)
		SetupLoadedEditorAssemblies (222ms)
			LogAssemblyErrors (0ms)
			InitializePlatformSupportModulesInManaged (1ms)
			SetLoadedEditorAssemblies (2ms)
			BeforeProcessingInitializeOnLoad (53ms)
			ProcessInitializeOnLoadAttributes (148ms)
			ProcessInitializeOnLoadMethodAttributes (18ms)
			AfterProcessingInitializeOnLoad (0ms)
			EditorAssembliesLoaded (0ms)
		ExecutionOrderSort2 (0ms)
		AwakeInstancesAfterBackupRestoration (1ms)
Refreshing native plugins compatible for Editor in 0.15 ms, found 1 plugins.
Preloading 0 native plugins for Editor in 0.00 ms.
Unloading 0 Unused Serialized files (Serialized files now loaded: 0)
Unloading 2266 unused Assets / (174.1 KB). Loaded Objects now: 2986.
Memory consumption went from 116.3 MB to 116.1 MB.
Total: 3.469208 ms (FindLiveObjects: 0.098542 ms CreateObjectMapping: 0.045542 ms MarkObjects: 3.136208 ms  DeleteObjects: 0.188833 ms)

Prepare: number of updated asset objects reloaded= 0
========================================================================
Received Prepare
Refreshing native plugins compatible for Editor in 0.17 ms, found 1 plugins.
Preloading 0 native plugins for Editor in 0.00 ms.
Unloading 0 Unused Serialized files (Serialized files now loaded: 0)
Unloading 2263 unused Assets / (334.8 KB). Loaded Objects now: 2987.
Memory consumption went from 105.3 MB to 104.9 MB.
Total: 3.629542 ms (FindLiveObjects: 0.119584 ms CreateObjectMapping: 0.043833 ms MarkObjects: 3.235708 ms  DeleteObjects: 0.230083 ms)

Prepare: number of updated asset objects reloaded= 0
========================================================================
Received Prepare
Begin MonoManager ReloadAssembly
[Licensing::Client] Successfully resolved entitlement details
[Licensing::Module] License group:
  Id: F4-QKKD-GK3D-QK4Z-FWRN-XXXX
  Product: Unity Personal
  Type: ULF
  Expiration: Unlimited
[Licensing::Module] License group:
  Id: 5773889045670-UnityPersXXXX
  Product: Unity Personal
  Type: Assigned
  Expiration: Unlimited
Thread 0x16d5b3000 may have been prematurely finalized
- Loaded All Assemblies, in  0.211 seconds
Refreshing native plugins compatible for Editor in 0.10 ms, found 1 plugins.
Native extension for WindowsStandalone target not found
Native extension for OSXStandalone target not found
Native extension for WebGL target not found
[Package Manager] Failed to launch server process. Reason: Unity was launched with the -noUpm command-line argument
[Package Manager] Unable to send message (not connected to server process).
[Package Manager] Cannot connect to Unity Package Manager local server
[Package Manager] Failed to launch server process. Reason: Unity was launched with the -noUpm command-line argument
[Package Manager] Unable to send message (not connected to server process).
[Package Manager] Cannot connect to Unity Package Manager local server
ScheduleIndexationOnStartup MainProcess:False IndexOnStartup:True
Mono: successfully reloaded assembly
- Finished resetting the current domain, in  0.284 seconds
Domain Reload Profiling: 496ms
	BeginReloadAssembly (69ms)
		ExecutionOrderSort (0ms)
		DisableScriptedObjects (2ms)
		BackupInstance (0ms)
		ReleaseScriptingObjects (0ms)
		CreateAndSetChildDomain (16ms)
	RebuildCommonClasses (19ms)
	RebuildNativeTypeToScriptingClass (7ms)
	initialDomainReloadingComplete (9ms)
	LoadAllAssembliesAndSetupDomain (108ms)
		LoadAssemblies (87ms)
		RebuildTransferFunctionScriptingTraits (0ms)
		AnalyzeDomain (45ms)
			TypeCache.Refresh (5ms)
				TypeCache.ScanAssembly (1ms)
			BuildScriptInfoCaches (37ms)
			ResolveRequiredComponents (1ms)
	FinalizeReload (284ms)
		ReleaseScriptCaches (0ms)
		RebuildScriptCaches (0ms)
		SetupLoadedEditorAssemblies (230ms)
			LogAssemblyErrors (0ms)
			InitializePlatformSupportModulesInManaged (1ms)
			SetLoadedEditorAssemblies (2ms)
			BeforeProcessingInitializeOnLoad (56ms)
			ProcessInitializeOnLoadAttributes (152ms)
			ProcessInitializeOnLoadMethodAttributes (18ms)
			AfterProcessingInitializeOnLoad (1ms)
			EditorAssembliesLoaded (0ms)
		ExecutionOrderSort2 (0ms)
		AwakeInstancesAfterBackupRestoration (1ms)
Refreshing native plugins compatible for Editor in 0.18 ms, found 1 plugins.
Preloading 0 native plugins for Editor in 0.00 ms.
Unloading 0 Unused Serialized files (Serialized files now loaded: 0)
Unloading 2267 unused Assets / (140.3 KB). Loaded Objects now: 2988.
Memory consumption went from 116.3 MB to 116.2 MB.
Total: 3.732125 ms (FindLiveObjects: 0.124125 ms CreateObjectMapping: 0.049292 ms MarkObjects: 3.316500 ms  DeleteObjects: 0.241958 ms)

Prepare: number of updated asset objects reloaded= 0
========================================================================
Received Prepare
Begin MonoManager ReloadAssembly
Thread 0x16d5b3000 may have been prematurely finalized
- Loaded All Assemblies, in  0.188 seconds
Refreshing native plugins compatible for Editor in 0.11 ms, found 1 plugins.
Native extension for WindowsStandalone target not found
Native extension for OSXStandalone target not found
Native extension for WebGL target not found
[Package Manager] Failed to launch server process. Reason: Unity was launched with the -noUpm command-line argument
[Package Manager] Unable to send message (not connected to server process).
[Package Manager] Cannot connect to Unity Package Manager local server
[Package Manager] Failed to launch server process. Reason: Unity was launched with the -noUpm command-line argument
[Package Manager] Unable to send message (not connected to server process).
[Package Manager] Cannot connect to Unity Package Manager local server
ScheduleIndexationOnStartup MainProcess:False IndexOnStartup:True
Mono: successfully reloaded assembly
- Finished resetting the current domain, in  0.281 seconds
Domain Reload Profiling: 470ms
	BeginReloadAssembly (66ms)
		ExecutionOrderSort (0ms)
		DisableScriptedObjects (2ms)
		BackupInstance (0ms)
		ReleaseScriptingObjects (0ms)
		CreateAndSetChildDomain (15ms)
	RebuildCommonClasses (19ms)
	RebuildNativeTypeToScriptingClass (7ms)
	initialDomainReloadingComplete (8ms)
	LoadAllAssembliesAndSetupDomain (89ms)
		LoadAssemblies (74ms)
		RebuildTransferFunctionScriptingTraits (0ms)
		AnalyzeDomain (38ms)
			TypeCache.Refresh (3ms)
				TypeCache.ScanAssembly (0ms)
			BuildScriptInfoCaches (32ms)
			ResolveRequiredComponents (1ms)
	FinalizeReload (281ms)
		ReleaseScriptCaches (0ms)
		RebuildScriptCaches (0ms)
		SetupLoadedEditorAssemblies (223ms)
			LogAssemblyErrors (0ms)
			InitializePlatformSupportModulesInManaged (1ms)
			SetLoadedEditorAssemblies (2ms)
			BeforeProcessingInitializeOnLoad (53ms)
			ProcessInitializeOnLoadAttributes (147ms)
			ProcessInitializeOnLoadMethodAttributes (20ms)
			AfterProcessingInitializeOnLoad (1ms)
			EditorAssembliesLoaded (0ms)
		ExecutionOrderSort2 (0ms)
		AwakeInstancesAfterBackupRestoration (1ms)
Refreshing native plugins compatible for Editor in 0.15 ms, found 1 plugins.
Preloading 0 native plugins for Editor in 0.00 ms.
Unloading 0 Unused Serialized files (Serialized files now loaded: 0)
Unloading 2267 unused Assets / (65.0 KB). Loaded Objects now: 2989.
Memory consumption went from 116.3 MB to 116.3 MB.
Total: 3.245375 ms (FindLiveObjects: 0.103333 ms CreateObjectMapping: 0.043209 ms MarkObjects: 2.930041 ms  DeleteObjects: 0.168625 ms)

Prepare: number of updated asset objects reloaded= 0
========================================================================
Received Prepare
Refreshing native plugins compatible for Editor in 0.18 ms, found 1 plugins.
Preloading 0 native plugins for Editor in 0.00 ms.
Unloading 0 Unused Serialized files (Serialized files now loaded: 0)
Unloading 2262 unused Assets / (225.8 KB). Loaded Objects now: 2988.
Memory consumption went from 105.3 MB to 105.1 MB.
Total: 3.715083 ms (FindLiveObjects: 0.115833 ms CreateObjectMapping: 0.039333 ms MarkObjects: 3.324208 ms  DeleteObjects: 0.235209 ms)

Prepare: number of updated asset objects reloaded= 0
========================================================================
Received Prepare
Begin MonoManager ReloadAssembly
[Licensing::Client] Successfully resolved entitlement details
[Licensing::Module] License group:
  Id: F4-QKKD-GK3D-QK4Z-FWRN-XXXX
  Product: Unity Personal
  Type: ULF
  Expiration: Unlimited
[Licensing::Module] License group:
  Id: 5773889045670-UnityPersXXXX
  Product: Unity Personal
  Type: Assigned
  Expiration: Unlimited
Thread 0x16d5b3000 may have been prematurely finalized
- Loaded All Assemblies, in  0.205 seconds
Refreshing native plugins compatible for Editor in 0.10 ms, found 1 plugins.
Native extension for WindowsStandalone target not found
Native extension for OSXStandalone target not found
Native extension for WebGL target not found
[Package Manager] Failed to launch server process. Reason: Unity was launched with the -noUpm command-line argument
[Package Manager] Unable to send message (not connected to server process).
[Package Manager] Cannot connect to Unity Package Manager local server
[Package Manager] Failed to launch server process. Reason: Unity was launched with the -noUpm command-line argument
[Package Manager] Unable to send message (not connected to server process).
[Package Manager] Cannot connect to Unity Package Manager local server
ScheduleIndexationOnStartup MainProcess:False IndexOnStartup:True
Mono: successfully reloaded assembly
- Finished resetting the current domain, in  0.263 seconds
Domain Reload Profiling: 468ms
	BeginReloadAssembly (72ms)
		ExecutionOrderSort (0ms)
		DisableScriptedObjects (3ms)
		BackupInstance (0ms)
		ReleaseScriptingObjects (0ms)
		CreateAndSetChildDomain (18ms)
	RebuildCommonClasses (19ms)
	RebuildNativeTypeToScriptingClass (7ms)
	initialDomainReloadingComplete (9ms)
	LoadAllAssembliesAndSetupDomain (99ms)
		LoadAssemblies (83ms)
		RebuildTransferFunctionScriptingTraits (0ms)
		AnalyzeDomain (40ms)
			TypeCache.Refresh (5ms)
				TypeCache.ScanAssembly (1ms)
			BuildScriptInfoCaches (33ms)
			ResolveRequiredComponents (1ms)
	FinalizeReload (263ms)
		ReleaseScriptCaches (0ms)
		RebuildScriptCaches (0ms)
		SetupLoadedEditorAssemblies (214ms)
			LogAssemblyErrors (0ms)
			InitializePlatformSupportModulesInManaged (1ms)
			SetLoadedEditorAssemblies (2ms)
			BeforeProcessingInitializeOnLoad (49ms)
			ProcessInitializeOnLoadAttributes (146ms)
			ProcessInitializeOnLoadMethodAttributes (15ms)
			AfterProcessingInitializeOnLoad (0ms)
			EditorAssembliesLoaded (0ms)
		ExecutionOrderSort2 (0ms)
		AwakeInstancesAfterBackupRestoration (1ms)
Refreshing native plugins compatible for Editor in 0.18 ms, found 1 plugins.
Preloading 0 native plugins for Editor in 0.00 ms.
Unloading 0 Unused Serialized files (Serialized files now loaded: 0)
Unloading 2266 unused Assets / (377.4 KB). Loaded Objects now: 2989.
Memory consumption went from 116.3 MB to 115.9 MB.
Total: 3.317583 ms (FindLiveObjects: 0.116208 ms CreateObjectMapping: 0.041292 ms MarkObjects: 2.926667 ms  DeleteObjects: 0.233167 ms)

Prepare: number of updated asset objects reloaded= 0
========================================================================
Received Prepare
Refreshing native plugins compatible for Editor in 0.16 ms, found 1 plugins.
Preloading 0 native plugins for Editor in 0.00 ms.
Unloading 0 Unused Serialized files (Serialized files now loaded: 0)
Unloading 2263 unused Assets / (334.7 KB). Loaded Objects now: 2990.
Memory consumption went from 105.3 MB to 105.0 MB.
Total: 3.521292 ms (FindLiveObjects: 0.138750 ms CreateObjectMapping: 0.040666 ms MarkObjects: 3.119750 ms  DeleteObjects: 0.221833 ms)

Prepare: number of updated asset objects reloaded= 0
========================================================================
Received Prepare
Begin MonoManager ReloadAssembly
Thread 0x16d5b3000 may have been prematurely finalized
- Loaded All Assemblies, in  0.202 seconds
Refreshing native plugins compatible for Editor in 0.13 ms, found 1 plugins.
Native extension for WindowsStandalone target not found
Native extension for OSXStandalone target not found
Native extension for WebGL target not found
[Package Manager] Failed to launch server process. Reason: Unity was launched with the -noUpm command-line argument
[Package Manager] Unable to send message (not connected to server process).
[Package Manager] Cannot connect to Unity Package Manager local server
[Package Manager] Failed to launch server process. Reason: Unity was launched with the -noUpm command-line argument
[Package Manager] Unable to send message (not connected to server process).
[Package Manager] Cannot connect to Unity Package Manager local server
ScheduleIndexationOnStartup MainProcess:False IndexOnStartup:True
Mono: successfully reloaded assembly
- Finished resetting the current domain, in  0.268 seconds
Domain Reload Profiling: 470ms
	BeginReloadAssembly (69ms)
		ExecutionOrderSort (0ms)
		DisableScriptedObjects (2ms)
		BackupInstance (0ms)
		ReleaseScriptingObjects (0ms)
		CreateAndSetChildDomain (16ms)
	RebuildCommonClasses (18ms)
	RebuildNativeTypeToScriptingClass (7ms)
	initialDomainReloadingComplete (9ms)
	LoadAllAssembliesAndSetupDomain (99ms)
		LoadAssemblies (80ms)
		RebuildTransferFunctionScriptingTraits (0ms)
		AnalyzeDomain (43ms)
			TypeCache.Refresh (5ms)
				TypeCache.ScanAssembly (1ms)
			BuildScriptInfoCaches (35ms)
			ResolveRequiredComponents (1ms)
	FinalizeReload (268ms)
		ReleaseScriptCaches (0ms)
		RebuildScriptCaches (0ms)
		SetupLoadedEditorAssemblies (212ms)
			LogAssemblyErrors (0ms)
			InitializePlatformSupportModulesInManaged (1ms)
			SetLoadedEditorAssemblies (3ms)
			BeforeProcessingInitializeOnLoad (52ms)
			ProcessInitializeOnLoadAttributes (138ms)
			ProcessInitializeOnLoadMethodAttributes (17ms)
			AfterProcessingInitializeOnLoad (0ms)
			EditorAssembliesLoaded (0ms)
		ExecutionOrderSort2 (0ms)
		AwakeInstancesAfterBackupRestoration (1ms)
Refreshing native plugins compatible for Editor in 0.18 ms, found 1 plugins.
Preloading 0 native plugins for Editor in 0.00 ms.
Unloading 0 Unused Serialized files (Serialized files now loaded: 0)
Unloading 2267 unused Assets / (112.0 KB). Loaded Objects now: 2991.
Memory consumption went from 116.3 MB to 116.2 MB.
Total: 3.552958 ms (FindLiveObjects: 0.125167 ms CreateObjectMapping: 0.044083 ms MarkObjects: 3.159667 ms  DeleteObjects: 0.223833 ms)

Prepare: number of updated asset objects reloaded= 0
========================================================================
Received Prepare
Begin MonoManager ReloadAssembly
Thread 0x16d5b3000 may have been prematurely finalized
- Loaded All Assemblies, in  0.201 seconds
Refreshing native plugins compatible for Editor in 0.12 ms, found 1 plugins.
Native extension for WindowsStandalone target not found
Native extension for OSXStandalone target not found
Native extension for WebGL target not found
[Package Manager] Failed to launch server process. Reason: Unity was launched with the -noUpm command-line argument
[Package Manager] Unable to send message (not connected to server process).
[Package Manager] Cannot connect to Unity Package Manager local server
[Package Manager] Failed to launch server process. Reason: Unity was launched with the -noUpm command-line argument
[Package Manager] Unable to send message (not connected to server process).
[Package Manager] Cannot connect to Unity Package Manager local server
ScheduleIndexationOnStartup MainProcess:False IndexOnStartup:True
Mono: successfully reloaded assembly
- Finished resetting the current domain, in  0.287 seconds
Domain Reload Profiling: 488ms
	BeginReloadAssembly (69ms)
		ExecutionOrderSort (0ms)
		DisableScriptedObjects (2ms)
		BackupInstance (0ms)
		ReleaseScriptingObjects (0ms)
		CreateAndSetChildDomain (15ms)
	RebuildCommonClasses (19ms)
	RebuildNativeTypeToScriptingClass (7ms)
	initialDomainReloadingComplete (9ms)
	LoadAllAssembliesAndSetupDomain (97ms)
		LoadAssemblies (81ms)
		RebuildTransferFunctionScriptingTraits (0ms)
		AnalyzeDomain (42ms)
			TypeCache.Refresh (5ms)
				TypeCache.ScanAssembly (1ms)
			BuildScriptInfoCaches (34ms)
			ResolveRequiredComponents (1ms)
	FinalizeReload (287ms)
		ReleaseScriptCaches (0ms)
		RebuildScriptCaches (0ms)
		SetupLoadedEditorAssemblies (227ms)
			LogAssemblyErrors (0ms)
			InitializePlatformSupportModulesInManaged (1ms)
			SetLoadedEditorAssemblies (3ms)
			BeforeProcessingInitializeOnLoad (53ms)
			ProcessInitializeOnLoadAttributes (152ms)
			ProcessInitializeOnLoadMethodAttributes (17ms)
			AfterProcessingInitializeOnLoad (0ms)
			EditorAssembliesLoaded (0ms)
		ExecutionOrderSort2 (0ms)
		AwakeInstancesAfterBackupRestoration (1ms)
Refreshing native plugins compatible for Editor in 0.16 ms, found 1 plugins.
Preloading 0 native plugins for Editor in 0.00 ms.
Unloading 0 Unused Serialized files (Serialized files now loaded: 0)
Unloading 2267 unused Assets / (313.1 KB). Loaded Objects now: 2992.
Memory consumption went from 116.3 MB to 116.0 MB.
Total: 3.473542 ms (FindLiveObjects: 0.113875 ms CreateObjectMapping: 0.044125 ms MarkObjects: 3.082917 ms  DeleteObjects: 0.232458 ms)

Prepare: number of updated asset objects reloaded= 0
========================================================================
Received Prepare
Refreshing native plugins compatible for Editor in 0.15 ms, found 1 plugins.
Preloading 0 native plugins for Editor in 0.00 ms.
Unloading 0 Unused Serialized files (Serialized files now loaded: 0)
Unloading 2263 unused Assets / (398.9 KB). Loaded Objects now: 2992.
Memory consumption went from 105.3 MB to 104.9 MB.
Total: 3.505833 ms (FindLiveObjects: 0.105166 ms CreateObjectMapping: 0.043584 ms MarkObjects: 3.139125 ms  DeleteObjects: 0.217708 ms)

Prepare: number of updated asset objects reloaded= 0
========================================================================
Received Prepare
Begin MonoManager ReloadAssembly
Thread 0x16d5b3000 may have been prematurely finalized
- Loaded All Assemblies, in  0.196 seconds
Refreshing native plugins compatible for Editor in 0.12 ms, found 1 plugins.
Native extension for WindowsStandalone target not found
Native extension for OSXStandalone target not found
Native extension for WebGL target not found
[Package Manager] Failed to launch server process. Reason: Unity was launched with the -noUpm command-line argument
[Package Manager] Unable to send message (not connected to server process).
[Package Manager] Cannot connect to Unity Package Manager local server
[Package Manager] Failed to launch server process. Reason: Unity was launched with the -noUpm command-line argument
[Package Manager] Unable to send message (not connected to server process).
[Package Manager] Cannot connect to Unity Package Manager local server
ScheduleIndexationOnStartup MainProcess:False IndexOnStartup:True
Mono: successfully reloaded assembly
- Finished resetting the current domain, in  0.285 seconds
Domain Reload Profiling: 483ms
	BeginReloadAssembly (68ms)
		ExecutionOrderSort (0ms)
		DisableScriptedObjects (2ms)
		BackupInstance (0ms)
		ReleaseScriptingObjects (0ms)
		CreateAndSetChildDomain (14ms)
	RebuildCommonClasses (18ms)
	RebuildNativeTypeToScriptingClass (7ms)
	initialDomainReloadingComplete (9ms)
	LoadAllAssembliesAndSetupDomain (95ms)
		LoadAssemblies (79ms)
		RebuildTransferFunctionScriptingTraits (0ms)
		AnalyzeDomain (40ms)
			TypeCache.Refresh (5ms)
				TypeCache.ScanAssembly (1ms)
			BuildScriptInfoCaches (32ms)
			ResolveRequiredComponents (1ms)
	FinalizeReload (286ms)
		ReleaseScriptCaches (0ms)
		RebuildScriptCaches (0ms)
		SetupLoadedEditorAssemblies (231ms)
			LogAssemblyErrors (0ms)
			InitializePlatformSupportModulesInManaged (2ms)
			SetLoadedEditorAssemblies (3ms)
			BeforeProcessingInitializeOnLoad (54ms)
			ProcessInitializeOnLoadAttributes (154ms)
			ProcessInitializeOnLoadMethodAttributes (17ms)
			AfterProcessingInitializeOnLoad (0ms)
			EditorAssembliesLoaded (0ms)
		ExecutionOrderSort2 (0ms)
		AwakeInstancesAfterBackupRestoration (1ms)
Refreshing native plugins compatible for Editor in 0.15 ms, found 1 plugins.
Preloading 0 native plugins for Editor in 0.00 ms.
Unloading 0 Unused Serialized files (Serialized files now loaded: 0)
Unloading 2267 unused Assets / (387.9 KB). Loaded Objects now: 2993.
Memory consumption went from 116.3 MB to 116.0 MB.
Total: 3.653459 ms (FindLiveObjects: 0.114416 ms CreateObjectMapping: 0.042709 ms MarkObjects: 3.272041 ms  DeleteObjects: 0.224042 ms)

Prepare: number of updated asset objects reloaded= 0
========================================================================
Received Prepare
Begin MonoManager ReloadAssembly
Thread 0x16d5b3000 may have been prematurely finalized
- Loaded All Assemblies, in  0.192 seconds
Refreshing native plugins compatible for Editor in 0.10 ms, found 1 plugins.
Native extension for WindowsStandalone target not found
Native extension for OSXStandalone target not found
Native extension for WebGL target not found
[Package Manager] Failed to launch server process. Reason: Unity was launched with the -noUpm command-line argument
[Package Manager] Unable to send message (not connected to server process).
[Package Manager] Cannot connect to Unity Package Manager local server
[Package Manager] Failed to launch server process. Reason: Unity was launched with the -noUpm command-line argument
[Package Manager] Unable to send message (not connected to server process).
[Package Manager] Cannot connect to Unity Package Manager local server
ScheduleIndexationOnStartup MainProcess:False IndexOnStartup:True
Mono: successfully reloaded assembly
- Finished resetting the current domain, in  0.282 seconds
Domain Reload Profiling: 474ms
	BeginReloadAssembly (67ms)
		ExecutionOrderSort (0ms)
		DisableScriptedObjects (2ms)
		BackupInstance (0ms)
		ReleaseScriptingObjects (0ms)
		CreateAndSetChildDomain (15ms)
	RebuildCommonClasses (19ms)
	RebuildNativeTypeToScriptingClass (7ms)
	initialDomainReloadingComplete (9ms)
	LoadAllAssembliesAndSetupDomain (91ms)
		LoadAssemblies (77ms)
		RebuildTransferFunctionScriptingTraits (0ms)
		AnalyzeDomain (38ms)
			TypeCache.Refresh (3ms)
				TypeCache.ScanAssembly (0ms)
			BuildScriptInfoCaches (32ms)
			ResolveRequiredComponents (1ms)
	FinalizeReload (282ms)
		ReleaseScriptCaches (0ms)
		RebuildScriptCaches (0ms)
		SetupLoadedEditorAssemblies (229ms)
			LogAssemblyErrors (0ms)
			InitializePlatformSupportModulesInManaged (1ms)
			SetLoadedEditorAssemblies (3ms)
			BeforeProcessingInitializeOnLoad (57ms)
			ProcessInitializeOnLoadAttributes (150ms)
			ProcessInitializeOnLoadMethodAttributes (17ms)
			AfterProcessingInitializeOnLoad (0ms)
			EditorAssembliesLoaded (0ms)
		ExecutionOrderSort2 (0ms)
		AwakeInstancesAfterBackupRestoration (1ms)
Refreshing native plugins compatible for Editor in 0.12 ms, found 1 plugins.
Preloading 0 native plugins for Editor in 0.00 ms.
Unloading 0 Unused Serialized files (Serialized files now loaded: 0)
Unloading 2267 unused Assets / (64.9 KB). Loaded Objects now: 2994.
Memory consumption went from 116.3 MB to 116.3 MB.
Total: 11.563750 ms (FindLiveObjects: 0.317583 ms CreateObjectMapping: 0.132917 ms MarkObjects: 10.665583 ms  DeleteObjects: 0.446708 ms)

Prepare: number of updated asset objects reloaded= 0
========================================================================
Received Prepare
Refreshing native plugins compatible for Editor in 0.15 ms, found 1 plugins.
Preloading 0 native plugins for Editor in 0.00 ms.
Unloading 0 Unused Serialized files (Serialized files now loaded: 0)
Unloading 2263 unused Assets / (399.1 KB). Loaded Objects now: 2994.
Memory consumption went from 105.3 MB to 104.9 MB.
Total: 3.613917 ms (FindLiveObjects: 0.100250 ms CreateObjectMapping: 0.047875 ms MarkObjects: 3.246625 ms  DeleteObjects: 0.218959 ms)

Prepare: number of updated asset objects reloaded= 0
========================================================================
Received Prepare
Begin MonoManager ReloadAssembly
[Licensing::Client] Successfully resolved entitlement details
[Licensing::Module] License group:
  Id: F4-QKKD-GK3D-QK4Z-FWRN-XXXX
  Product: Unity Personal
  Type: ULF
  Expiration: Unlimited
[Licensing::Module] License group:
  Id: 5773889045670-UnityPersXXXX
  Product: Unity Personal
  Type: Assigned
  Expiration: Unlimited
Thread 0x16d5b3000 may have been prematurely finalized
- Loaded All Assemblies, in  0.197 seconds
Refreshing native plugins compatible for Editor in 0.10 ms, found 1 plugins.
Native extension for WindowsStandalone target not found
Native extension for OSXStandalone target not found
Native extension for WebGL target not found
[Package Manager] Failed to launch server process. Reason: Unity was launched with the -noUpm command-line argument
[Package Manager] Unable to send message (not connected to server process).
[Package Manager] Cannot connect to Unity Package Manager local server
[Package Manager] Failed to launch server process. Reason: Unity was launched with the -noUpm command-line argument
[Package Manager] Unable to send message (not connected to server process).
[Package Manager] Cannot connect to Unity Package Manager local server
ScheduleIndexationOnStartup MainProcess:False IndexOnStartup:True
Mono: successfully reloaded assembly
- Finished resetting the current domain, in  0.284 seconds
Domain Reload Profiling: 482ms
	BeginReloadAssembly (70ms)
		ExecutionOrderSort (0ms)
		DisableScriptedObjects (2ms)
		BackupInstance (0ms)
		ReleaseScriptingObjects (0ms)
		CreateAndSetChildDomain (14ms)
	RebuildCommonClasses (19ms)
	RebuildNativeTypeToScriptingClass (7ms)
	initialDomainReloadingComplete (9ms)
	LoadAllAssembliesAndSetupDomain (93ms)
		LoadAssemblies (78ms)
		RebuildTransferFunctionScriptingTraits (0ms)
		AnalyzeDomain (40ms)
			TypeCache.Refresh (5ms)
				TypeCache.ScanAssembly (1ms)
			BuildScriptInfoCaches (33ms)
			ResolveRequiredComponents (1ms)
	FinalizeReload (284ms)
		ReleaseScriptCaches (0ms)
		RebuildScriptCaches (0ms)
		SetupLoadedEditorAssemblies (231ms)
			LogAssemblyErrors (0ms)
			InitializePlatformSupportModulesInManaged (1ms)
			SetLoadedEditorAssemblies (2ms)
			BeforeProcessingInitializeOnLoad (57ms)
			ProcessInitializeOnLoadAttributes (153ms)
			ProcessInitializeOnLoadMethodAttributes (16ms)
			AfterProcessingInitializeOnLoad (0ms)
			EditorAssembliesLoaded (0ms)
		ExecutionOrderSort2 (0ms)
		AwakeInstancesAfterBackupRestoration (1ms)
Refreshing native plugins compatible for Editor in 0.12 ms, found 1 plugins.
Preloading 0 native plugins for Editor in 0.00 ms.
Unloading 0 Unused Serialized files (Serialized files now loaded: 0)
Unloading 2267 unused Assets / (217.2 KB). Loaded Objects now: 2995.
Memory consumption went from 116.3 MB to 116.1 MB.
Total: 4.418709 ms (FindLiveObjects: 0.118542 ms CreateObjectMapping: 0.041708 ms MarkObjects: 4.002667 ms  DeleteObjects: 0.255542 ms)

Prepare: number of updated asset objects reloaded= 0
========================================================================
Received Prepare
Begin MonoManager ReloadAssembly
Thread 0x16d5b3000 may have been prematurely finalized
- Loaded All Assemblies, in  0.212 seconds
Refreshing native plugins compatible for Editor in 0.23 ms, found 1 plugins.
Native extension for WindowsStandalone target not found
Native extension for OSXStandalone target not found
Native extension for WebGL target not found
[Package Manager] Failed to launch server process. Reason: Unity was launched with the -noUpm command-line argument
[Package Manager] Unable to send message (not connected to server process).
[Package Manager] Cannot connect to Unity Package Manager local server
[Package Manager] Failed to launch server process. Reason: Unity was launched with the -noUpm command-line argument
[Package Manager] Unable to send message (not connected to server process).
[Package Manager] Cannot connect to Unity Package Manager local server
ScheduleIndexationOnStartup MainProcess:False IndexOnStartup:True
Mono: successfully reloaded assembly
- Finished resetting the current domain, in  0.279 seconds
Domain Reload Profiling: 492ms
	BeginReloadAssembly (78ms)
		ExecutionOrderSort (0ms)
		DisableScriptedObjects (2ms)
		BackupInstance (0ms)
		ReleaseScriptingObjects (0ms)
		CreateAndSetChildDomain (24ms)
	RebuildCommonClasses (24ms)
	RebuildNativeTypeToScriptingClass (7ms)
	initialDomainReloadingComplete (9ms)
	LoadAllAssembliesAndSetupDomain (95ms)
		LoadAssemblies (78ms)
		RebuildTransferFunctionScriptingTraits (0ms)
		AnalyzeDomain (40ms)
			TypeCache.Refresh (4ms)
				TypeCache.ScanAssembly (0ms)
			BuildScriptInfoCaches (33ms)
			ResolveRequiredComponents (2ms)
	FinalizeReload (279ms)
		ReleaseScriptCaches (0ms)
		RebuildScriptCaches (0ms)
		SetupLoadedEditorAssemblies (221ms)
			LogAssemblyErrors (0ms)
			InitializePlatformSupportModulesInManaged (1ms)
			SetLoadedEditorAssemblies (2ms)
			BeforeProcessingInitializeOnLoad (55ms)
			ProcessInitializeOnLoadAttributes (146ms)
			ProcessInitializeOnLoadMethodAttributes (16ms)
			AfterProcessingInitializeOnLoad (1ms)
			EditorAssembliesLoaded (0ms)
		ExecutionOrderSort2 (0ms)
		AwakeInstancesAfterBackupRestoration (1ms)
Refreshing native plugins compatible for Editor in 0.16 ms, found 1 plugins.
Preloading 0 native plugins for Editor in 0.00 ms.
Unloading 0 Unused Serialized files (Serialized files now loaded: 0)
Unloading 2267 unused Assets / (128.9 KB). Loaded Objects now: 2996.
Memory consumption went from 116.4 MB to 116.2 MB.
Total: 3.299375 ms (FindLiveObjects: 0.098792 ms CreateObjectMapping: 0.046875 ms MarkObjects: 2.969291 ms  DeleteObjects: 0.184167 ms)

Prepare: number of updated asset objects reloaded= 0
========================================================================
Received Prepare
Refreshing native plugins compatible for Editor in 0.15 ms, found 1 plugins.
Preloading 0 native plugins for Editor in 0.00 ms.
Unloading 0 Unused Serialized files (Serialized files now loaded: 0)
Unloading 2263 unused Assets / (455.5 KB). Loaded Objects now: 2996.
Memory consumption went from 105.3 MB to 104.9 MB.
Total: 3.535208 ms (FindLiveObjects: 0.103375 ms CreateObjectMapping: 0.043208 ms MarkObjects: 3.151292 ms  DeleteObjects: 0.237042 ms)

Prepare: number of updated asset objects reloaded= 0
========================================================================
Received Prepare
Begin MonoManager ReloadAssembly
[Licensing::Client] Successfully resolved entitlement details
[Licensing::Module] License group:
  Id: F4-QKKD-GK3D-QK4Z-FWRN-XXXX
  Product: Unity Personal
  Type: ULF
  Expiration: Unlimited
[Licensing::Module] License group:
  Id: 5773889045670-UnityPersXXXX
  Product: Unity Personal
  Type: Assigned
  Expiration: Unlimited
Thread 0x16d5b3000 may have been prematurely finalized
- Loaded All Assemblies, in  0.201 seconds
Refreshing native plugins compatible for Editor in 0.11 ms, found 1 plugins.
Native extension for WindowsStandalone target not found
Native extension for OSXStandalone target not found
Native extension for WebGL target not found
[Package Manager] Failed to launch server process. Reason: Unity was launched with the -noUpm command-line argument
[Package Manager] Unable to send message (not connected to server process).
[Package Manager] Cannot connect to Unity Package Manager local server
[Package Manager] Failed to launch server process. Reason: Unity was launched with the -noUpm command-line argument
[Package Manager] Unable to send message (not connected to server process).
[Package Manager] Cannot connect to Unity Package Manager local server
ScheduleIndexationOnStartup MainProcess:False IndexOnStartup:True
Mono: successfully reloaded assembly
- Finished resetting the current domain, in  0.282 seconds
Domain Reload Profiling: 484ms
	BeginReloadAssembly (70ms)
		ExecutionOrderSort (0ms)
		DisableScriptedObjects (2ms)
		BackupInstance (0ms)
		ReleaseScriptingObjects (0ms)
		CreateAndSetChildDomain (14ms)
	RebuildCommonClasses (20ms)
	RebuildNativeTypeToScriptingClass (7ms)
	initialDomainReloadingComplete (9ms)
	LoadAllAssembliesAndSetupDomain (96ms)
		LoadAssemblies (81ms)
		RebuildTransferFunctionScriptingTraits (0ms)
		AnalyzeDomain (41ms)
			TypeCache.Refresh (5ms)
				TypeCache.ScanAssembly (1ms)
			BuildScriptInfoCaches (33ms)
			ResolveRequiredComponents (1ms)
	FinalizeReload (282ms)
		ReleaseScriptCaches (0ms)
		RebuildScriptCaches (0ms)
		SetupLoadedEditorAssemblies (221ms)
			LogAssemblyErrors (0ms)
			InitializePlatformSupportModulesInManaged (1ms)
			SetLoadedEditorAssemblies (2ms)
			BeforeProcessingInitializeOnLoad (54ms)
			ProcessInitializeOnLoadAttributes (147ms)
			ProcessInitializeOnLoadMethodAttributes (16ms)
			AfterProcessingInitializeOnLoad (1ms)
			EditorAssembliesLoaded (0ms)
		ExecutionOrderSort2 (0ms)
		AwakeInstancesAfterBackupRestoration (1ms)
Refreshing native plugins compatible for Editor in 0.13 ms, found 1 plugins.
Preloading 0 native plugins for Editor in 0.00 ms.
Unloading 0 Unused Serialized files (Serialized files now loaded: 0)
Unloading 2267 unused Assets / (395.0 KB). Loaded Objects now: 2997.
Memory consumption went from 116.3 MB to 116.0 MB.
Total: 3.040042 ms (FindLiveObjects: 0.088542 ms CreateObjectMapping: 0.036833 ms MarkObjects: 2.730667 ms  DeleteObjects: 0.183792 ms)

Prepare: number of updated asset objects reloaded= 0
========================================================================
Received Prepare
Refreshing native plugins compatible for Editor in 0.15 ms, found 1 plugins.
Preloading 0 native plugins for Editor in 0.00 ms.
Unloading 0 Unused Serialized files (Serialized files now loaded: 0)
Unloading 2263 unused Assets / (316.4 KB). Loaded Objects now: 2997.
Memory consumption went from 105.3 MB to 105.0 MB.
Total: 3.678208 ms (FindLiveObjects: 0.097625 ms CreateObjectMapping: 0.041542 ms MarkObjects: 3.303250 ms  DeleteObjects: 0.235292 ms)

Prepare: number of updated asset objects reloaded= 0
========================================================================
Received Prepare
Begin MonoManager ReloadAssembly
[Licensing::Client] Successfully resolved entitlement details
[Licensing::Module] License group:
  Id: F4-QKKD-GK3D-QK4Z-FWRN-XXXX
  Product: Unity Personal
  Type: ULF
  Expiration: Unlimited
[Licensing::Module] License group:
  Id: 5773889045670-UnityPersXXXX
  Product: Unity Personal
  Type: Assigned
  Expiration: Unlimited
Thread 0x16d5b3000 may have been prematurely finalized
- Loaded All Assemblies, in  0.198 seconds
Refreshing native plugins compatible for Editor in 0.12 ms, found 1 plugins.
Native extension for WindowsStandalone target not found
Native extension for OSXStandalone target not found
Native extension for WebGL target not found
[Package Manager] Failed to launch server process. Reason: Unity was launched with the -noUpm command-line argument
[Package Manager] Unable to send message (not connected to server process).
[Package Manager] Cannot connect to Unity Package Manager local server
[Package Manager] Failed to launch server process. Reason: Unity was launched with the -noUpm command-line argument
[Package Manager] Unable to send message (not connected to server process).
[Package Manager] Cannot connect to Unity Package Manager local server
ScheduleIndexationOnStartup MainProcess:False IndexOnStartup:True
Mono: successfully reloaded assembly
- Finished resetting the current domain, in  0.284 seconds
Domain Reload Profiling: 482ms
	BeginReloadAssembly (69ms)
		ExecutionOrderSort (0ms)
		DisableScriptedObjects (2ms)
		BackupInstance (0ms)
		ReleaseScriptingObjects (0ms)
		CreateAndSetChildDomain (15ms)
	RebuildCommonClasses (19ms)
	RebuildNativeTypeToScriptingClass (7ms)
	initialDomainReloadingComplete (9ms)
	LoadAllAssembliesAndSetupDomain (95ms)
		LoadAssemblies (79ms)
		RebuildTransferFunctionScriptingTraits (0ms)
		AnalyzeDomain (40ms)
			TypeCache.Refresh (5ms)
				TypeCache.ScanAssembly (1ms)
			BuildScriptInfoCaches (32ms)
			ResolveRequiredComponents (1ms)
	FinalizeReload (284ms)
		ReleaseScriptCaches (0ms)
		RebuildScriptCaches (0ms)
		SetupLoadedEditorAssemblies (231ms)
			LogAssemblyErrors (0ms)
			InitializePlatformSupportModulesInManaged (2ms)
			SetLoadedEditorAssemblies (3ms)
			BeforeProcessingInitializeOnLoad (58ms)
			ProcessInitializeOnLoadAttributes (151ms)
			ProcessInitializeOnLoadMethodAttributes (16ms)
			AfterProcessingInitializeOnLoad (0ms)
			EditorAssembliesLoaded (0ms)
		ExecutionOrderSort2 (0ms)
		AwakeInstancesAfterBackupRestoration (1ms)
Refreshing native plugins compatible for Editor in 0.13 ms, found 1 plugins.
Preloading 0 native plugins for Editor in 0.00 ms.
Unloading 0 Unused Serialized files (Serialized files now loaded: 0)
Unloading 2267 unused Assets / (401.3 KB). Loaded Objects now: 2998.
Memory consumption went from 116.3 MB to 116.0 MB.
Total: 3.694208 ms (FindLiveObjects: 0.108584 ms CreateObjectMapping: 0.047625 ms MarkObjects: 3.279458 ms  DeleteObjects: 0.258250 ms)

Prepare: number of updated asset objects reloaded= 0
========================================================================
Received Prepare
Begin MonoManager ReloadAssembly
[Licensing::Client] Successfully resolved entitlement details
[Licensing::Module] License group:
  Id: F4-QKKD-GK3D-QK4Z-FWRN-XXXX
  Product: Unity Personal
  Type: ULF
  Expiration: Unlimited
[Licensing::Module] License group:
  Id: 5773889045670-UnityPersXXXX
  Product: Unity Personal
  Type: Assigned
  Expiration: Unlimited
Thread 0x16d5b3000 may have been prematurely finalized
- Loaded All Assemblies, in  0.193 seconds
Refreshing native plugins compatible for Editor in 0.11 ms, found 1 plugins.
Native extension for WindowsStandalone target not found
Native extension for OSXStandalone target not found
Native extension for WebGL target not found
[Package Manager] Failed to launch server process. Reason: Unity was launched with the -noUpm command-line argument
[Package Manager] Unable to send message (not connected to server process).
[Package Manager] Cannot connect to Unity Package Manager local server
[Package Manager] Failed to launch server process. Reason: Unity was launched with the -noUpm command-line argument
[Package Manager] Unable to send message (not connected to server process).
[Package Manager] Cannot connect to Unity Package Manager local server
ScheduleIndexationOnStartup MainProcess:False IndexOnStartup:True
Mono: successfully reloaded assembly
- Finished resetting the current domain, in  0.283 seconds
Domain Reload Profiling: 477ms
	BeginReloadAssembly (69ms)
		ExecutionOrderSort (0ms)
		DisableScriptedObjects (2ms)
		BackupInstance (0ms)
		ReleaseScriptingObjects (0ms)
		CreateAndSetChildDomain (15ms)
	RebuildCommonClasses (19ms)
	RebuildNativeTypeToScriptingClass (7ms)
	initialDomainReloadingComplete (9ms)
	LoadAllAssembliesAndSetupDomain (90ms)
		LoadAssemblies (78ms)
		RebuildTransferFunctionScriptingTraits (0ms)
		AnalyzeDomain (37ms)
			TypeCache.Refresh (3ms)
				TypeCache.ScanAssembly (0ms)
			BuildScriptInfoCaches (31ms)
			ResolveRequiredComponents (1ms)
	FinalizeReload (283ms)
		ReleaseScriptCaches (0ms)
		RebuildScriptCaches (0ms)
		SetupLoadedEditorAssemblies (227ms)
			LogAssemblyErrors (0ms)
			InitializePlatformSupportModulesInManaged (1ms)
			SetLoadedEditorAssemblies (3ms)
			BeforeProcessingInitializeOnLoad (61ms)
			ProcessInitializeOnLoadAttributes (146ms)
			ProcessInitializeOnLoadMethodAttributes (16ms)
			AfterProcessingInitializeOnLoad (1ms)
			EditorAssembliesLoaded (0ms)
		ExecutionOrderSort2 (0ms)
		AwakeInstancesAfterBackupRestoration (1ms)
Refreshing native plugins compatible for Editor in 0.14 ms, found 1 plugins.
Preloading 0 native plugins for Editor in 0.00 ms.
Unloading 0 Unused Serialized files (Serialized files now loaded: 0)
Unloading 2267 unused Assets / (326.6 KB). Loaded Objects now: 2999.
Memory consumption went from 116.3 MB to 116.0 MB.
Total: 3.395458 ms (FindLiveObjects: 0.098167 ms CreateObjectMapping: 0.038333 ms MarkObjects: 3.023666 ms  DeleteObjects: 0.234917 ms)

Prepare: number of updated asset objects reloaded= 0
========================================================================
Received Prepare
Refreshing native plugins compatible for Editor in 0.13 ms, found 1 plugins.
Preloading 0 native plugins for Editor in 0.00 ms.
Unloading 0 Unused Serialized files (Serialized files now loaded: 0)
Unloading 2263 unused Assets / (422.8 KB). Loaded Objects now: 2999.
Memory consumption went from 105.3 MB to 104.9 MB.
Total: 3.260458 ms (FindLiveObjects: 0.105708 ms CreateObjectMapping: 0.042083 ms MarkObjects: 2.887875 ms  DeleteObjects: 0.224333 ms)

Prepare: number of updated asset objects reloaded= 0
========================================================================
Received Prepare
Begin MonoManager ReloadAssembly
[Licensing::Client] Successfully resolved entitlement details
[Licensing::Module] License group:
  Id: F4-QKKD-GK3D-QK4Z-FWRN-XXXX
  Product: Unity Personal
  Type: ULF
  Expiration: Unlimited
[Licensing::Module] License group:
  Id: 5773889045670-UnityPersXXXX
  Product: Unity Personal
  Type: Assigned
  Expiration: Unlimited
Thread 0x16d5b3000 may have been prematurely finalized
- Loaded All Assemblies, in  0.206 seconds
Refreshing native plugins compatible for Editor in 0.13 ms, found 1 plugins.
Native extension for WindowsStandalone target not found
Native extension for OSXStandalone target not found
Native extension for WebGL target not found
[Package Manager] Failed to launch server process. Reason: Unity was launched with the -noUpm command-line argument
[Package Manager] Unable to send message (not connected to server process).
[Package Manager] Cannot connect to Unity Package Manager local server
[Package Manager] Failed to launch server process. Reason: Unity was launched with the -noUpm command-line argument
[Package Manager] Unable to send message (not connected to server process).
[Package Manager] Cannot connect to Unity Package Manager local server
ScheduleIndexationOnStartup MainProcess:False IndexOnStartup:True
Mono: successfully reloaded assembly
- Finished resetting the current domain, in  0.263 seconds
Domain Reload Profiling: 470ms
	BeginReloadAssembly (68ms)
		ExecutionOrderSort (0ms)
		DisableScriptedObjects (2ms)
		BackupInstance (0ms)
		ReleaseScriptingObjects (0ms)
		CreateAndSetChildDomain (15ms)
	RebuildCommonClasses (19ms)
	RebuildNativeTypeToScriptingClass (7ms)
	initialDomainReloadingComplete (9ms)
	LoadAllAssembliesAndSetupDomain (103ms)
		LoadAssemblies (84ms)
		RebuildTransferFunctionScriptingTraits (0ms)
		AnalyzeDomain (43ms)
			TypeCache.Refresh (4ms)
				TypeCache.ScanAssembly (1ms)
			BuildScriptInfoCaches (36ms)
			ResolveRequiredComponents (1ms)
	FinalizeReload (264ms)
		ReleaseScriptCaches (0ms)
		RebuildScriptCaches (0ms)
		SetupLoadedEditorAssemblies (209ms)
			LogAssemblyErrors (0ms)
			InitializePlatformSupportModulesInManaged (1ms)
			SetLoadedEditorAssemblies (2ms)
			BeforeProcessingInitializeOnLoad (52ms)
			ProcessInitializeOnLoadAttributes (136ms)
			ProcessInitializeOnLoadMethodAttributes (16ms)
			AfterProcessingInitializeOnLoad (2ms)
			EditorAssembliesLoaded (0ms)
		ExecutionOrderSort2 (0ms)
		AwakeInstancesAfterBackupRestoration (1ms)
Refreshing native plugins compatible for Editor in 0.12 ms, found 1 plugins.
Preloading 0 native plugins for Editor in 0.00 ms.
Unloading 0 Unused Serialized files (Serialized files now loaded: 0)
Unloading 2267 unused Assets / (353.9 KB). Loaded Objects now: 3000.
Memory consumption went from 116.4 MB to 116.0 MB.
Total: 3.008500 ms (FindLiveObjects: 0.110209 ms CreateObjectMapping: 0.046375 ms MarkObjects: 2.674959 ms  DeleteObjects: 0.176708 ms)

Prepare: number of updated asset objects reloaded= 0
========================================================================
Received Prepare
Refreshing native plugins compatible for Editor in 0.13 ms, found 1 plugins.
Preloading 0 native plugins for Editor in 0.00 ms.
Unloading 0 Unused Serialized files (Serialized files now loaded: 0)
Unloading 2263 unused Assets / (432.4 KB). Loaded Objects now: 3000.
Memory consumption went from 105.3 MB to 104.9 MB.
Total: 3.322916 ms (FindLiveObjects: 0.093375 ms CreateObjectMapping: 0.039792 ms MarkObjects: 2.962750 ms  DeleteObjects: 0.226833 ms)

Prepare: number of updated asset objects reloaded= 0
========================================================================
Received Prepare
Begin MonoManager ReloadAssembly
[Licensing::Client] Successfully resolved entitlement details
[Licensing::Module] License group:
  Id: F4-QKKD-GK3D-QK4Z-FWRN-XXXX
  Product: Unity Personal
  Type: ULF
  Expiration: Unlimited
[Licensing::Module] License group:
  Id: 5773889045670-UnityPersXXXX
  Product: Unity Personal
  Type: Assigned
  Expiration: Unlimited
Thread 0x16d5b3000 may have been prematurely finalized
- Loaded All Assemblies, in  0.204 seconds
Refreshing native plugins compatible for Editor in 0.10 ms, found 1 plugins.
Native extension for WindowsStandalone target not found
Native extension for OSXStandalone target not found
Native extension for WebGL target not found
[Package Manager] Failed to launch server process. Reason: Unity was launched with the -noUpm command-line argument
[Package Manager] Unable to send message (not connected to server process).
[Package Manager] Cannot connect to Unity Package Manager local server
[Package Manager] Failed to launch server process. Reason: Unity was launched with the -noUpm command-line argument
[Package Manager] Unable to send message (not connected to server process).
[Package Manager] Cannot connect to Unity Package Manager local server
ScheduleIndexationOnStartup MainProcess:False IndexOnStartup:True
Mono: successfully reloaded assembly
- Finished resetting the current domain, in  0.275 seconds
Domain Reload Profiling: 481ms
	BeginReloadAssembly (72ms)
		ExecutionOrderSort (0ms)
		DisableScriptedObjects (2ms)
		BackupInstance (0ms)
		ReleaseScriptingObjects (0ms)
		CreateAndSetChildDomain (19ms)
	RebuildCommonClasses (19ms)
	RebuildNativeTypeToScriptingClass (7ms)
	initialDomainReloadingComplete (9ms)
	LoadAllAssembliesAndSetupDomain (99ms)
		LoadAssemblies (79ms)
		RebuildTransferFunctionScriptingTraits (0ms)
		AnalyzeDomain (43ms)
			TypeCache.Refresh (4ms)
				TypeCache.ScanAssembly (1ms)
			BuildScriptInfoCaches (36ms)
			ResolveRequiredComponents (2ms)
	FinalizeReload (276ms)
		ReleaseScriptCaches (0ms)
		RebuildScriptCaches (0ms)
		SetupLoadedEditorAssemblies (219ms)
			LogAssemblyErrors (0ms)
			InitializePlatformSupportModulesInManaged (1ms)
			SetLoadedEditorAssemblies (2ms)
			BeforeProcessingInitializeOnLoad (56ms)
			ProcessInitializeOnLoadAttributes (143ms)
			ProcessInitializeOnLoadMethodAttributes (16ms)
			AfterProcessingInitializeOnLoad (1ms)
			EditorAssembliesLoaded (0ms)
		ExecutionOrderSort2 (0ms)
		AwakeInstancesAfterBackupRestoration (1ms)
Refreshing native plugins compatible for Editor in 0.15 ms, found 1 plugins.
Preloading 0 native plugins for Editor in 0.00 ms.
Unloading 0 Unused Serialized files (Serialized files now loaded: 0)
Unloading 2267 unused Assets / (64.9 KB). Loaded Objects now: 3001.
Memory consumption went from 116.4 MB to 116.3 MB.
Total: 3.503041 ms (FindLiveObjects: 0.108209 ms CreateObjectMapping: 0.042250 ms MarkObjects: 3.154208 ms  DeleteObjects: 0.197833 ms)

Prepare: number of updated asset objects reloaded= 0
========================================================================
Received Prepare
Refreshing native plugins compatible for Editor in 0.12 ms, found 1 plugins.
Preloading 0 native plugins for Editor in 0.00 ms.
Unloading 0 Unused Serialized files (Serialized files now loaded: 0)
Unloading 2263 unused Assets / (392.4 KB). Loaded Objects now: 3001.
Memory consumption went from 105.3 MB to 104.9 MB.
Total: 3.016542 ms (FindLiveObjects: 0.102625 ms CreateObjectMapping: 0.039667 ms MarkObjects: 2.689041 ms  DeleteObjects: 0.185000 ms)

Prepare: number of updated asset objects reloaded= 0
========================================================================
Received Prepare
Begin MonoManager ReloadAssembly
Thread 0x16d5b3000 may have been prematurely finalized
- Loaded All Assemblies, in  0.205 seconds
Refreshing native plugins compatible for Editor in 0.12 ms, found 1 plugins.
Native extension for WindowsStandalone target not found
Native extension for OSXStandalone target not found
Native extension for WebGL target not found
[Package Manager] Failed to launch server process. Reason: Unity was launched with the -noUpm command-line argument
[Package Manager] Unable to send message (not connected to server process).
[Package Manager] Cannot connect to Unity Package Manager local server
[Package Manager] Failed to launch server process. Reason: Unity was launched with the -noUpm command-line argument
[Package Manager] Unable to send message (not connected to server process).
[Package Manager] Cannot connect to Unity Package Manager local server
ScheduleIndexationOnStartup MainProcess:False IndexOnStartup:True
Mono: successfully reloaded assembly
- Finished resetting the current domain, in  0.268 seconds
Domain Reload Profiling: 474ms
	BeginReloadAssembly (75ms)
		ExecutionOrderSort (0ms)
		DisableScriptedObjects (2ms)
		BackupInstance (0ms)
		ReleaseScriptingObjects (0ms)
		CreateAndSetChildDomain (21ms)
	RebuildCommonClasses (19ms)
	RebuildNativeTypeToScriptingClass (7ms)
	initialDomainReloadingComplete (9ms)
	LoadAllAssembliesAndSetupDomain (96ms)
		LoadAssemblies (80ms)
		RebuildTransferFunctionScriptingTraits (0ms)
		AnalyzeDomain (40ms)
			TypeCache.Refresh (5ms)
				TypeCache.ScanAssembly (1ms)
			BuildScriptInfoCaches (33ms)
			ResolveRequiredComponents (1ms)
	FinalizeReload (268ms)
		ReleaseScriptCaches (0ms)
		RebuildScriptCaches (0ms)
		SetupLoadedEditorAssemblies (212ms)
			LogAssemblyErrors (0ms)
			InitializePlatformSupportModulesInManaged (1ms)
			SetLoadedEditorAssemblies (2ms)
			BeforeProcessingInitializeOnLoad (52ms)
			ProcessInitializeOnLoadAttributes (137ms)
			ProcessInitializeOnLoadMethodAttributes (17ms)
			AfterProcessingInitializeOnLoad (2ms)
			EditorAssembliesLoaded (0ms)
		ExecutionOrderSort2 (0ms)
		AwakeInstancesAfterBackupRestoration (1ms)
Refreshing native plugins compatible for Editor in 0.15 ms, found 1 plugins.
Preloading 0 native plugins for Editor in 0.00 ms.
Unloading 0 Unused Serialized files (Serialized files now loaded: 0)
Unloading 2267 unused Assets / (65.0 KB). Loaded Objects now: 3002.
Memory consumption went from 116.4 MB to 116.3 MB.
Total: 3.664917 ms (FindLiveObjects: 0.122875 ms CreateObjectMapping: 0.042125 ms MarkObjects: 3.285416 ms  DeleteObjects: 0.214000 ms)

Prepare: number of updated asset objects reloaded= 0
========================================================================
Received Prepare
Refreshing native plugins compatible for Editor in 0.12 ms, found 1 plugins.
Preloading 0 native plugins for Editor in 0.00 ms.
Unloading 0 Unused Serialized files (Serialized files now loaded: 0)
Unloading 2263 unused Assets / (368.6 KB). Loaded Objects now: 3002.
Memory consumption went from 105.3 MB to 105.0 MB.
Total: 3.142959 ms (FindLiveObjects: 0.100791 ms CreateObjectMapping: 0.040792 ms MarkObjects: 2.807250 ms  DeleteObjects: 0.193875 ms)

Prepare: number of updated asset objects reloaded= 0
========================================================================
Received Prepare
Begin MonoManager ReloadAssembly
[Licensing::Client] Successfully resolved entitlement details
[Licensing::Module] License group:
  Id: F4-QKKD-GK3D-QK4Z-FWRN-XXXX
  Product: Unity Personal
  Type: ULF
  Expiration: Unlimited
[Licensing::Module] License group:
  Id: 5773889045670-UnityPersXXXX
  Product: Unity Personal
  Type: Assigned
  Expiration: Unlimited
Thread 0x16d5b3000 may have been prematurely finalized
- Loaded All Assemblies, in  0.202 seconds
Refreshing native plugins compatible for Editor in 0.10 ms, found 1 plugins.
Native extension for WindowsStandalone target not found
Native extension for OSXStandalone target not found
Native extension for WebGL target not found
[Package Manager] Failed to launch server process. Reason: Unity was launched with the -noUpm command-line argument
[Package Manager] Unable to send message (not connected to server process).
[Package Manager] Cannot connect to Unity Package Manager local server
[Package Manager] Failed to launch server process. Reason: Unity was launched with the -noUpm command-line argument
[Package Manager] Unable to send message (not connected to server process).
[Package Manager] Cannot connect to Unity Package Manager local server
ScheduleIndexationOnStartup MainProcess:False IndexOnStartup:True
Mono: successfully reloaded assembly
- Finished resetting the current domain, in  0.260 seconds
Domain Reload Profiling: 463ms
	BeginReloadAssembly (72ms)
		ExecutionOrderSort (0ms)
		DisableScriptedObjects (2ms)
		BackupInstance (0ms)
		ReleaseScriptingObjects (0ms)
		CreateAndSetChildDomain (18ms)
	RebuildCommonClasses (19ms)
	RebuildNativeTypeToScriptingClass (7ms)
	initialDomainReloadingComplete (9ms)
	LoadAllAssembliesAndSetupDomain (96ms)
		LoadAssemblies (80ms)
		RebuildTransferFunctionScriptingTraits (0ms)
		AnalyzeDomain (40ms)
			TypeCache.Refresh (5ms)
				TypeCache.ScanAssembly (1ms)
			BuildScriptInfoCaches (33ms)
			ResolveRequiredComponents (1ms)
	FinalizeReload (261ms)
		ReleaseScriptCaches (0ms)
		RebuildScriptCaches (0ms)
		SetupLoadedEditorAssemblies (211ms)
			LogAssemblyErrors (0ms)
			InitializePlatformSupportModulesInManaged (1ms)
			SetLoadedEditorAssemblies (2ms)
			BeforeProcessingInitializeOnLoad (52ms)
			ProcessInitializeOnLoadAttributes (136ms)
			ProcessInitializeOnLoadMethodAttributes (18ms)
			AfterProcessingInitializeOnLoad (1ms)
			EditorAssembliesLoaded (0ms)
		ExecutionOrderSort2 (0ms)
		AwakeInstancesAfterBackupRestoration (1ms)
Refreshing native plugins compatible for Editor in 0.15 ms, found 1 plugins.
Preloading 0 native plugins for Editor in 0.00 ms.
Unloading 0 Unused Serialized files (Serialized files now loaded: 0)
Unloading 2267 unused Assets / (386.4 KB). Loaded Objects now: 3003.
Memory consumption went from 116.4 MB to 116.0 MB.
Total: 3.468750 ms (FindLiveObjects: 0.113834 ms CreateObjectMapping: 0.040041 ms MarkObjects: 3.070917 ms  DeleteObjects: 0.243791 ms)

Prepare: number of updated asset objects reloaded= 0
========================================================================
Received Prepare
Begin MonoManager ReloadAssembly
Thread 0x16d5b3000 may have been prematurely finalized
- Loaded All Assemblies, in  0.191 seconds
Refreshing native plugins compatible for Editor in 0.10 ms, found 1 plugins.
Native extension for WindowsStandalone target not found
Native extension for OSXStandalone target not found
Native extension for WebGL target not found
[Package Manager] Failed to launch server process. Reason: Unity was launched with the -noUpm command-line argument
[Package Manager] Unable to send message (not connected to server process).
[Package Manager] Cannot connect to Unity Package Manager local server
[Package Manager] Failed to launch server process. Reason: Unity was launched with the -noUpm command-line argument
[Package Manager] Unable to send message (not connected to server process).
[Package Manager] Cannot connect to Unity Package Manager local server
ScheduleIndexationOnStartup MainProcess:False IndexOnStartup:True
Mono: successfully reloaded assembly
- Finished resetting the current domain, in  0.285 seconds
Domain Reload Profiling: 477ms
	BeginReloadAssembly (68ms)
		ExecutionOrderSort (0ms)
		DisableScriptedObjects (2ms)
		BackupInstance (0ms)
		ReleaseScriptingObjects (0ms)
		CreateAndSetChildDomain (15ms)
	RebuildCommonClasses (18ms)
	RebuildNativeTypeToScriptingClass (7ms)
	initialDomainReloadingComplete (9ms)
	LoadAllAssembliesAndSetupDomain (89ms)
		LoadAssemblies (79ms)
		RebuildTransferFunctionScriptingTraits (0ms)
		AnalyzeDomain (34ms)
			TypeCache.Refresh (3ms)
				TypeCache.ScanAssembly (0ms)
			BuildScriptInfoCaches (29ms)
			ResolveRequiredComponents (1ms)
	FinalizeReload (285ms)
		ReleaseScriptCaches (0ms)
		RebuildScriptCaches (0ms)
		SetupLoadedEditorAssemblies (229ms)
			LogAssemblyErrors (0ms)
			InitializePlatformSupportModulesInManaged (1ms)
			SetLoadedEditorAssemblies (2ms)
			BeforeProcessingInitializeOnLoad (57ms)
			ProcessInitializeOnLoadAttributes (149ms)
			ProcessInitializeOnLoadMethodAttributes (19ms)
			AfterProcessingInitializeOnLoad (1ms)
			EditorAssembliesLoaded (0ms)
		ExecutionOrderSort2 (0ms)
		AwakeInstancesAfterBackupRestoration (1ms)
Refreshing native plugins compatible for Editor in 0.13 ms, found 1 plugins.
Preloading 0 native plugins for Editor in 0.00 ms.
Unloading 0 Unused Serialized files (Serialized files now loaded: 0)
Unloading 2267 unused Assets / (65.0 KB). Loaded Objects now: 3004.
Memory consumption went from 116.4 MB to 116.3 MB.
Total: 3.294125 ms (FindLiveObjects: 0.097458 ms CreateObjectMapping: 0.045042 ms MarkObjects: 2.956791 ms  DeleteObjects: 0.194667 ms)

Prepare: number of updated asset objects reloaded= 0
========================================================================
Received Prepare
Refreshing native plugins compatible for Editor in 0.13 ms, found 1 plugins.
Preloading 0 native plugins for Editor in 0.00 ms.
Unloading 0 Unused Serialized files (Serialized files now loaded: 0)
Unloading 2263 unused Assets / (365.5 KB). Loaded Objects now: 3004.
Memory consumption went from 105.3 MB to 105.0 MB.
Total: 3.144167 ms (FindLiveObjects: 0.092875 ms CreateObjectMapping: 0.039458 ms MarkObjects: 2.793417 ms  DeleteObjects: 0.217958 ms)

Prepare: number of updated asset objects reloaded= 0
========================================================================
Received Prepare
Begin MonoManager ReloadAssembly
[Licensing::Client] Successfully resolved entitlement details
[Licensing::Module] License group:
  Id: F4-QKKD-GK3D-QK4Z-FWRN-XXXX
  Product: Unity Personal
  Type: ULF
  Expiration: Unlimited
[Licensing::Module] License group:
  Id: 5773889045670-UnityPersXXXX
  Product: Unity Personal
  Type: Assigned
  Expiration: Unlimited
Thread 0x16d8fb000 may have been prematurely finalized
- Loaded All Assemblies, in  0.207 seconds
Refreshing native plugins compatible for Editor in 0.12 ms, found 1 plugins.
Native extension for WindowsStandalone target not found
Native extension for OSXStandalone target not found
Native extension for WebGL target not found
[Package Manager] Failed to launch server process. Reason: Unity was launched with the -noUpm command-line argument
[Package Manager] Unable to send message (not connected to server process).
[Package Manager] Cannot connect to Unity Package Manager local server
[Package Manager] Failed to launch server process. Reason: Unity was launched with the -noUpm command-line argument
[Package Manager] Unable to send message (not connected to server process).
[Package Manager] Cannot connect to Unity Package Manager local server
ScheduleIndexationOnStartup MainProcess:False IndexOnStartup:True
Mono: successfully reloaded assembly
- Finished resetting the current domain, in  0.276 seconds
Domain Reload Profiling: 485ms
	BeginReloadAssembly (70ms)
		ExecutionOrderSort (0ms)
		DisableScriptedObjects (2ms)
		BackupInstance (0ms)
		ReleaseScriptingObjects (0ms)
		CreateAndSetChildDomain (16ms)
	RebuildCommonClasses (19ms)
	RebuildNativeTypeToScriptingClass (7ms)
	initialDomainReloadingComplete (9ms)
	LoadAllAssembliesAndSetupDomain (103ms)
		LoadAssemblies (81ms)
		RebuildTransferFunctionScriptingTraits (0ms)
		AnalyzeDomain (46ms)
			TypeCache.Refresh (5ms)
				TypeCache.ScanAssembly (1ms)
			BuildScriptInfoCaches (39ms)
			ResolveRequiredComponents (2ms)
	FinalizeReload (277ms)
		ReleaseScriptCaches (0ms)
		RebuildScriptCaches (0ms)
		SetupLoadedEditorAssemblies (220ms)
			LogAssemblyErrors (0ms)
			InitializePlatformSupportModulesInManaged (1ms)
			SetLoadedEditorAssemblies (3ms)
			BeforeProcessingInitializeOnLoad (54ms)
			ProcessInitializeOnLoadAttributes (145ms)
			ProcessInitializeOnLoadMethodAttributes (17ms)
			AfterProcessingInitializeOnLoad (1ms)
			EditorAssembliesLoaded (0ms)
		ExecutionOrderSort2 (0ms)
		AwakeInstancesAfterBackupRestoration (1ms)
Refreshing native plugins compatible for Editor in 0.15 ms, found 1 plugins.
Preloading 0 native plugins for Editor in 0.00 ms.
Unloading 0 Unused Serialized files (Serialized files now loaded: 0)
Unloading 2267 unused Assets / (406.0 KB). Loaded Objects now: 3005.
Memory consumption went from 116.4 MB to 116.0 MB.
Total: 3.005834 ms (FindLiveObjects: 0.094708 ms CreateObjectMapping: 0.036958 ms MarkObjects: 2.677334 ms  DeleteObjects: 0.196500 ms)

Prepare: number of updated asset objects reloaded= 0
========================================================================
Received Prepare
Refreshing native plugins compatible for Editor in 0.12 ms, found 1 plugins.
Preloading 0 native plugins for Editor in 0.00 ms.
Unloading 0 Unused Serialized files (Serialized files now loaded: 0)
Unloading 2263 unused Assets / (364.6 KB). Loaded Objects now: 3005.
Memory consumption went from 105.3 MB to 105.0 MB.
Total: 2.980042 ms (FindLiveObjects: 0.089792 ms CreateObjectMapping: 0.038500 ms MarkObjects: 2.661459 ms  DeleteObjects: 0.190000 ms)

Prepare: number of updated asset objects reloaded= 0
========================================================================
Received Prepare
Begin MonoManager ReloadAssembly
Thread 0x16d8fb000 may have been prematurely finalized
- Loaded All Assemblies, in  0.202 seconds
Refreshing native plugins compatible for Editor in 0.12 ms, found 1 plugins.
Native extension for WindowsStandalone target not found
Native extension for OSXStandalone target not found
Native extension for WebGL target not found
[Package Manager] Failed to launch server process. Reason: Unity was launched with the -noUpm command-line argument
[Package Manager] Unable to send message (not connected to server process).
[Package Manager] Cannot connect to Unity Package Manager local server
[Package Manager] Failed to launch server process. Reason: Unity was launched with the -noUpm command-line argument
[Package Manager] Unable to send message (not connected to server process).
[Package Manager] Cannot connect to Unity Package Manager local server
ScheduleIndexationOnStartup MainProcess:False IndexOnStartup:True
Mono: successfully reloaded assembly
- Finished resetting the current domain, in  0.286 seconds
Domain Reload Profiling: 489ms
	BeginReloadAssembly (73ms)
		ExecutionOrderSort (0ms)
		DisableScriptedObjects (2ms)
		BackupInstance (0ms)
		ReleaseScriptingObjects (0ms)
		CreateAndSetChildDomain (18ms)
	RebuildCommonClasses (18ms)
	RebuildNativeTypeToScriptingClass (7ms)
	initialDomainReloadingComplete (9ms)
	LoadAllAssembliesAndSetupDomain (95ms)
		LoadAssemblies (78ms)
		RebuildTransferFunctionScriptingTraits (0ms)
		AnalyzeDomain (43ms)
			TypeCache.Refresh (5ms)
				TypeCache.ScanAssembly (1ms)
			BuildScriptInfoCaches (35ms)
			ResolveRequiredComponents (1ms)
	FinalizeReload (287ms)
		ReleaseScriptCaches (0ms)
		RebuildScriptCaches (0ms)
		SetupLoadedEditorAssemblies (226ms)
			LogAssemblyErrors (0ms)
			InitializePlatformSupportModulesInManaged (1ms)
			SetLoadedEditorAssemblies (2ms)
			BeforeProcessingInitializeOnLoad (56ms)
			ProcessInitializeOnLoadAttributes (147ms)
			ProcessInitializeOnLoadMethodAttributes (18ms)
			AfterProcessingInitializeOnLoad (1ms)
			EditorAssembliesLoaded (0ms)
		ExecutionOrderSort2 (0ms)
		AwakeInstancesAfterBackupRestoration (1ms)
Refreshing native plugins compatible for Editor in 0.13 ms, found 1 plugins.
Preloading 0 native plugins for Editor in 0.00 ms.
Unloading 0 Unused Serialized files (Serialized files now loaded: 0)
Unloading 2267 unused Assets / (400.7 KB). Loaded Objects now: 3006.
Memory consumption went from 116.4 MB to 116.0 MB.
Total: 2.942792 ms (FindLiveObjects: 0.093375 ms CreateObjectMapping: 0.037500 ms MarkObjects: 2.626458 ms  DeleteObjects: 0.185208 ms)

Prepare: number of updated asset objects reloaded= 0
========================================================================
Received Prepare
Begin MonoManager ReloadAssembly
Thread 0x16d8fb000 may have been prematurely finalized
- Loaded All Assemblies, in  0.191 seconds
Refreshing native plugins compatible for Editor in 0.09 ms, found 1 plugins.
Native extension for WindowsStandalone target not found
Native extension for OSXStandalone target not found
Native extension for WebGL target not found
[Package Manager] Failed to launch server process. Reason: Unity was launched with the -noUpm command-line argument
[Package Manager] Unable to send message (not connected to server process).
[Package Manager] Cannot connect to Unity Package Manager local server
[Package Manager] Failed to launch server process. Reason: Unity was launched with the -noUpm command-line argument
[Package Manager] Unable to send message (not connected to server process).
[Package Manager] Cannot connect to Unity Package Manager local server
ScheduleIndexationOnStartup MainProcess:False IndexOnStartup:True
Mono: successfully reloaded assembly
- Finished resetting the current domain, in  0.279 seconds
Domain Reload Profiling: 470ms
	BeginReloadAssembly (67ms)
		ExecutionOrderSort (0ms)
		DisableScriptedObjects (2ms)
		BackupInstance (0ms)
		ReleaseScriptingObjects (0ms)
		CreateAndSetChildDomain (14ms)
	RebuildCommonClasses (19ms)
	RebuildNativeTypeToScriptingClass (7ms)
	initialDomainReloadingComplete (9ms)
	LoadAllAssembliesAndSetupDomain (90ms)
		LoadAssemblies (76ms)
		RebuildTransferFunctionScriptingTraits (0ms)
		AnalyzeDomain (37ms)
			TypeCache.Refresh (3ms)
				TypeCache.ScanAssembly (0ms)
			BuildScriptInfoCaches (32ms)
			ResolveRequiredComponents (1ms)
	FinalizeReload (279ms)
		ReleaseScriptCaches (0ms)
		RebuildScriptCaches (0ms)
		SetupLoadedEditorAssemblies (226ms)
			LogAssemblyErrors (0ms)
			InitializePlatformSupportModulesInManaged (1ms)
			SetLoadedEditorAssemblies (2ms)
			BeforeProcessingInitializeOnLoad (57ms)
			ProcessInitializeOnLoadAttributes (147ms)
			ProcessInitializeOnLoadMethodAttributes (18ms)
			AfterProcessingInitializeOnLoad (0ms)
			EditorAssembliesLoaded (0ms)
		ExecutionOrderSort2 (0ms)
		AwakeInstancesAfterBackupRestoration (1ms)
Refreshing native plugins compatible for Editor in 0.13 ms, found 1 plugins.
Preloading 0 native plugins for Editor in 0.00 ms.
Unloading 0 Unused Serialized files (Serialized files now loaded: 0)
Unloading 2267 unused Assets / (430.8 KB). Loaded Objects now: 3007.
Memory consumption went from 116.4 MB to 116.0 MB.
Total: 3.255541 ms (FindLiveObjects: 0.113666 ms CreateObjectMapping: 0.040334 ms MarkObjects: 2.901791 ms  DeleteObjects: 0.199625 ms)

Prepare: number of updated asset objects reloaded= 0
========================================================================
Received Prepare
Refreshing native plugins compatible for Editor in 0.13 ms, found 1 plugins.
Preloading 0 native plugins for Editor in 0.00 ms.
Unloading 0 Unused Serialized files (Serialized files now loaded: 0)
Unloading 2263 unused Assets / (418.8 KB). Loaded Objects now: 3007.
Memory consumption went from 105.4 MB to 104.9 MB.
Total: 3.600459 ms (FindLiveObjects: 0.121458 ms CreateObjectMapping: 0.044583 ms MarkObjects: 3.223375 ms  DeleteObjects: 0.210792 ms)

Prepare: number of updated asset objects reloaded= 0
========================================================================
Received Prepare
Begin MonoManager ReloadAssembly
[Licensing::Client] Successfully resolved entitlement details
[Licensing::Module] License group:
  Id: F4-QKKD-GK3D-QK4Z-FWRN-XXXX
  Product: Unity Personal
  Type: ULF
  Expiration: Unlimited
[Licensing::Module] License group:
  Id: 5773889045670-UnityPersXXXX
  Product: Unity Personal
  Type: Assigned
  Expiration: Unlimited
Thread 0x16d8fb000 may have been prematurely finalized
- Loaded All Assemblies, in  0.196 seconds
Refreshing native plugins compatible for Editor in 0.12 ms, found 1 plugins.
Native extension for WindowsStandalone target not found
Native extension for OSXStandalone target not found
Native extension for WebGL target not found
[Package Manager] Failed to launch server process. Reason: Unity was launched with the -noUpm command-line argument
[Package Manager] Unable to send message (not connected to server process).
[Package Manager] Cannot connect to Unity Package Manager local server
[Package Manager] Failed to launch server process. Reason: Unity was launched with the -noUpm command-line argument
[Package Manager] Unable to send message (not connected to server process).
[Package Manager] Cannot connect to Unity Package Manager local server
ScheduleIndexationOnStartup MainProcess:False IndexOnStartup:True
Mono: successfully reloaded assembly
- Finished resetting the current domain, in  0.291 seconds
Domain Reload Profiling: 488ms
	BeginReloadAssembly (68ms)
		ExecutionOrderSort (0ms)
		DisableScriptedObjects (2ms)
		BackupInstance (0ms)
		ReleaseScriptingObjects (0ms)
		CreateAndSetChildDomain (15ms)
	RebuildCommonClasses (19ms)
	RebuildNativeTypeToScriptingClass (7ms)
	initialDomainReloadingComplete (9ms)
	LoadAllAssembliesAndSetupDomain (93ms)
		LoadAssemblies (78ms)
		RebuildTransferFunctionScriptingTraits (0ms)
		AnalyzeDomain (39ms)
			TypeCache.Refresh (4ms)
				TypeCache.ScanAssembly (1ms)
			BuildScriptInfoCaches (32ms)
			ResolveRequiredComponents (1ms)
	FinalizeReload (291ms)
		ReleaseScriptCaches (0ms)
		RebuildScriptCaches (0ms)
		SetupLoadedEditorAssemblies (230ms)
			LogAssemblyErrors (0ms)
			InitializePlatformSupportModulesInManaged (1ms)
			SetLoadedEditorAssemblies (2ms)
			BeforeProcessingInitializeOnLoad (58ms)
			ProcessInitializeOnLoadAttributes (152ms)
			ProcessInitializeOnLoadMethodAttributes (16ms)
			AfterProcessingInitializeOnLoad (1ms)
			EditorAssembliesLoaded (0ms)
		ExecutionOrderSort2 (0ms)
		AwakeInstancesAfterBackupRestoration (1ms)
Refreshing native plugins compatible for Editor in 0.14 ms, found 1 plugins.
Preloading 0 native plugins for Editor in 0.00 ms.
Unloading 0 Unused Serialized files (Serialized files now loaded: 0)
Unloading 2267 unused Assets / (64.9 KB). Loaded Objects now: 3008.
Memory consumption went from 116.4 MB to 116.3 MB.
Total: 3.261875 ms (FindLiveObjects: 0.097417 ms CreateObjectMapping: 0.042291 ms MarkObjects: 2.950833 ms  DeleteObjects: 0.171125 ms)

Prepare: number of updated asset objects reloaded= 0
========================================================================
Received Prepare
Begin MonoManager ReloadAssembly
[Licensing::Client] Successfully resolved entitlement details
[Licensing::Module] License group:
  Id: F4-QKKD-GK3D-QK4Z-FWRN-XXXX
  Product: Unity Personal
  Type: ULF
  Expiration: Unlimited
[Licensing::Module] License group:
  Id: 5773889045670-UnityPersXXXX
  Product: Unity Personal
  Type: Assigned
  Expiration: Unlimited
Thread 0x16d8fb000 may have been prematurely finalized
- Loaded All Assemblies, in  0.194 seconds
Refreshing native plugins compatible for Editor in 0.10 ms, found 1 plugins.
Native extension for WindowsStandalone target not found
Native extension for OSXStandalone target not found
Native extension for WebGL target not found
[Package Manager] Failed to launch server process. Reason: Unity was launched with the -noUpm command-line argument
[Package Manager] Unable to send message (not connected to server process).
[Package Manager] Cannot connect to Unity Package Manager local server
[Package Manager] Failed to launch server process. Reason: Unity was launched with the -noUpm command-line argument
[Package Manager] Unable to send message (not connected to server process).
[Package Manager] Cannot connect to Unity Package Manager local server
ScheduleIndexationOnStartup MainProcess:False IndexOnStartup:True
Mono: successfully reloaded assembly
- Finished resetting the current domain, in  0.283 seconds
Domain Reload Profiling: 478ms
	BeginReloadAssembly (68ms)
		ExecutionOrderSort (0ms)
		DisableScriptedObjects (2ms)
		BackupInstance (0ms)
		ReleaseScriptingObjects (0ms)
		CreateAndSetChildDomain (15ms)
	RebuildCommonClasses (19ms)
	RebuildNativeTypeToScriptingClass (7ms)
	initialDomainReloadingComplete (9ms)
	LoadAllAssembliesAndSetupDomain (93ms)
		LoadAssemblies (76ms)
		RebuildTransferFunctionScriptingTraits (0ms)
		AnalyzeDomain (39ms)
			TypeCache.Refresh (3ms)
				TypeCache.ScanAssembly (0ms)
			BuildScriptInfoCaches (31ms)
			ResolveRequiredComponents (1ms)
	FinalizeReload (283ms)
		ReleaseScriptCaches (0ms)
		RebuildScriptCaches (0ms)
		SetupLoadedEditorAssemblies (225ms)
			LogAssemblyErrors (0ms)
			InitializePlatformSupportModulesInManaged (1ms)
			SetLoadedEditorAssemblies (3ms)
			BeforeProcessingInitializeOnLoad (56ms)
			ProcessInitializeOnLoadAttributes (147ms)
			ProcessInitializeOnLoadMethodAttributes (17ms)
			AfterProcessingInitializeOnLoad (2ms)
			EditorAssembliesLoaded (0ms)
		ExecutionOrderSort2 (0ms)
		AwakeInstancesAfterBackupRestoration (1ms)
Refreshing native plugins compatible for Editor in 0.15 ms, found 1 plugins.
Preloading 0 native plugins for Editor in 0.00 ms.
Unloading 0 Unused Serialized files (Serialized files now loaded: 0)
Unloading 2267 unused Assets / (110.6 KB). Loaded Objects now: 3009.
Memory consumption went from 116.4 MB to 116.3 MB.
Total: 4.335000 ms (FindLiveObjects: 0.331250 ms CreateObjectMapping: 0.183708 ms MarkObjects: 3.628708 ms  DeleteObjects: 0.190959 ms)

Prepare: number of updated asset objects reloaded= 0
========================================================================
Received Prepare
Refreshing native plugins compatible for Editor in 0.13 ms, found 1 plugins.
Preloading 0 native plugins for Editor in 0.00 ms.
Unloading 0 Unused Serialized files (Serialized files now loaded: 0)
Unloading 2263 unused Assets / (375.4 KB). Loaded Objects now: 3009.
Memory consumption went from 105.4 MB to 105.0 MB.
Total: 3.243250 ms (FindLiveObjects: 0.097375 ms CreateObjectMapping: 0.040250 ms MarkObjects: 2.896084 ms  DeleteObjects: 0.209166 ms)

Prepare: number of updated asset objects reloaded= 0
========================================================================
Received Prepare
Begin MonoManager ReloadAssembly
[Licensing::Client] Successfully resolved entitlement details
[Licensing::Module] License group:
  Id: F4-QKKD-GK3D-QK4Z-FWRN-XXXX
  Product: Unity Personal
  Type: ULF
  Expiration: Unlimited
[Licensing::Module] License group:
  Id: 5773889045670-UnityPersXXXX
  Product: Unity Personal
  Type: Assigned
  Expiration: Unlimited
Thread 0x16d8fb000 may have been prematurely finalized
- Loaded All Assemblies, in  0.193 seconds
Refreshing native plugins compatible for Editor in 0.11 ms, found 1 plugins.
Native extension for WindowsStandalone target not found
Native extension for OSXStandalone target not found
Native extension for WebGL target not found
[Package Manager] Failed to launch server process. Reason: Unity was launched with the -noUpm command-line argument
[Package Manager] Unable to send message (not connected to server process).
[Package Manager] Cannot connect to Unity Package Manager local server
[Package Manager] Failed to launch server process. Reason: Unity was launched with the -noUpm command-line argument
[Package Manager] Unable to send message (not connected to server process).
[Package Manager] Cannot connect to Unity Package Manager local server
ScheduleIndexationOnStartup MainProcess:False IndexOnStartup:True
Mono: successfully reloaded assembly
- Finished resetting the current domain, in  0.287 seconds
Domain Reload Profiling: 481ms
	BeginReloadAssembly (67ms)
		ExecutionOrderSort (0ms)
		DisableScriptedObjects (2ms)
		BackupInstance (0ms)
		ReleaseScriptingObjects (0ms)
		CreateAndSetChildDomain (15ms)
	RebuildCommonClasses (19ms)
	RebuildNativeTypeToScriptingClass (7ms)
	initialDomainReloadingComplete (9ms)
	LoadAllAssembliesAndSetupDomain (92ms)
		LoadAssemblies (76ms)
		RebuildTransferFunctionScriptingTraits (0ms)
		AnalyzeDomain (39ms)
			TypeCache.Refresh (4ms)
				TypeCache.ScanAssembly (1ms)
			BuildScriptInfoCaches (32ms)
			ResolveRequiredComponents (1ms)
	FinalizeReload (287ms)
		ReleaseScriptCaches (0ms)
		RebuildScriptCaches (0ms)
		SetupLoadedEditorAssemblies (230ms)
			LogAssemblyErrors (0ms)
			InitializePlatformSupportModulesInManaged (1ms)
			SetLoadedEditorAssemblies (2ms)
			BeforeProcessingInitializeOnLoad (56ms)
			ProcessInitializeOnLoadAttributes (151ms)
			ProcessInitializeOnLoadMethodAttributes (18ms)
			AfterProcessingInitializeOnLoad (1ms)
			EditorAssembliesLoaded (0ms)
		ExecutionOrderSort2 (0ms)
		AwakeInstancesAfterBackupRestoration (1ms)
Refreshing native plugins compatible for Editor in 0.16 ms, found 1 plugins.
Preloading 0 native plugins for Editor in 0.00 ms.
Unloading 0 Unused Serialized files (Serialized files now loaded: 0)
Unloading 2267 unused Assets / (174.9 KB). Loaded Objects now: 3010.
Memory consumption went from 116.4 MB to 116.2 MB.
Total: 3.667083 ms (FindLiveObjects: 0.110292 ms CreateObjectMapping: 0.041125 ms MarkObjects: 3.286667 ms  DeleteObjects: 0.228542 ms)

Prepare: number of updated asset objects reloaded= 0
========================================================================
Received Prepare
Begin MonoManager ReloadAssembly
Thread 0x16d8fb000 may have been prematurely finalized
- Loaded All Assemblies, in  0.194 seconds
Refreshing native plugins compatible for Editor in 0.12 ms, found 1 plugins.
Native extension for WindowsStandalone target not found
Native extension for OSXStandalone target not found
Native extension for WebGL target not found
[Package Manager] Failed to launch server process. Reason: Unity was launched with the -noUpm command-line argument
[Package Manager] Unable to send message (not connected to server process).
[Package Manager] Cannot connect to Unity Package Manager local server
[Package Manager] Failed to launch server process. Reason: Unity was launched with the -noUpm command-line argument
[Package Manager] Unable to send message (not connected to server process).
[Package Manager] Cannot connect to Unity Package Manager local server
ScheduleIndexationOnStartup MainProcess:False IndexOnStartup:True
Mono: successfully reloaded assembly
- Finished resetting the current domain, in  0.312 seconds
Domain Reload Profiling: 507ms
	BeginReloadAssembly (69ms)
		ExecutionOrderSort (0ms)
		DisableScriptedObjects (2ms)
		BackupInstance (0ms)
		ReleaseScriptingObjects (0ms)
		CreateAndSetChildDomain (16ms)
	RebuildCommonClasses (19ms)
	RebuildNativeTypeToScriptingClass (7ms)
	initialDomainReloadingComplete (9ms)
	LoadAllAssembliesAndSetupDomain (92ms)
		LoadAssemblies (76ms)
		RebuildTransferFunctionScriptingTraits (0ms)
		AnalyzeDomain (38ms)
			TypeCache.Refresh (3ms)
				TypeCache.ScanAssembly (0ms)
			BuildScriptInfoCaches (32ms)
			ResolveRequiredComponents (2ms)
	FinalizeReload (312ms)
		ReleaseScriptCaches (0ms)
		RebuildScriptCaches (0ms)
		SetupLoadedEditorAssemblies (255ms)
			LogAssemblyErrors (0ms)
			InitializePlatformSupportModulesInManaged (1ms)
			SetLoadedEditorAssemblies (2ms)
			BeforeProcessingInitializeOnLoad (55ms)
			ProcessInitializeOnLoadAttributes (165ms)
			ProcessInitializeOnLoadMethodAttributes (31ms)
			AfterProcessingInitializeOnLoad (1ms)
			EditorAssembliesLoaded (0ms)
		ExecutionOrderSort2 (0ms)
		AwakeInstancesAfterBackupRestoration (1ms)
Refreshing native plugins compatible for Editor in 0.15 ms, found 1 plugins.
Preloading 0 native plugins for Editor in 0.00 ms.
Unloading 0 Unused Serialized files (Serialized files now loaded: 0)
Unloading 2267 unused Assets / (239.4 KB). Loaded Objects now: 3011.
Memory consumption went from 116.4 MB to 116.2 MB.
Total: 3.261667 ms (FindLiveObjects: 0.099833 ms CreateObjectMapping: 0.043458 ms MarkObjects: 2.926750 ms  DeleteObjects: 0.191542 ms)

Prepare: number of updated asset objects reloaded= 0
========================================================================
Received Prepare
Refreshing native plugins compatible for Editor in 0.15 ms, found 1 plugins.
Preloading 0 native plugins for Editor in 0.00 ms.
Unloading 0 Unused Serialized files (Serialized files now loaded: 0)
Unloading 2263 unused Assets / (404.4 KB). Loaded Objects now: 3011.
Memory consumption went from 105.4 MB to 105.0 MB.
Total: 3.678541 ms (FindLiveObjects: 0.106416 ms CreateObjectMapping: 0.046083 ms MarkObjects: 3.298292 ms  DeleteObjects: 0.227458 ms)

Prepare: number of updated asset objects reloaded= 0
========================================================================
Received Prepare
Begin MonoManager ReloadAssembly
[Licensing::Client] Successfully resolved entitlement details
[Licensing::Module] License group:
  Id: F4-QKKD-GK3D-QK4Z-FWRN-XXXX
  Product: Unity Personal
  Type: ULF
  Expiration: Unlimited
[Licensing::Module] License group:
  Id: 5773889045670-UnityPersXXXX
  Product: Unity Personal
  Type: Assigned
  Expiration: Unlimited
Thread 0x16d8fb000 may have been prematurely finalized
- Loaded All Assemblies, in  0.199 seconds
Refreshing native plugins compatible for Editor in 0.11 ms, found 1 plugins.
Native extension for WindowsStandalone target not found
Native extension for OSXStandalone target not found
Native extension for WebGL target not found
[Package Manager] Failed to launch server process. Reason: Unity was launched with the -noUpm command-line argument
[Package Manager] Unable to send message (not connected to server process).
[Package Manager] Cannot connect to Unity Package Manager local server
[Package Manager] Failed to launch server process. Reason: Unity was launched with the -noUpm command-line argument
[Package Manager] Unable to send message (not connected to server process).
[Package Manager] Cannot connect to Unity Package Manager local server
ScheduleIndexationOnStartup MainProcess:False IndexOnStartup:True
Mono: successfully reloaded assembly
- Finished resetting the current domain, in  0.298 seconds
Domain Reload Profiling: 498ms
	BeginReloadAssembly (68ms)
		ExecutionOrderSort (0ms)
		DisableScriptedObjects (2ms)
		BackupInstance (0ms)
		ReleaseScriptingObjects (0ms)
		CreateAndSetChildDomain (15ms)
	RebuildCommonClasses (19ms)
	RebuildNativeTypeToScriptingClass (7ms)
	initialDomainReloadingComplete (9ms)
	LoadAllAssembliesAndSetupDomain (97ms)
		LoadAssemblies (81ms)
		RebuildTransferFunctionScriptingTraits (0ms)
		AnalyzeDomain (40ms)
			TypeCache.Refresh (5ms)
				TypeCache.ScanAssembly (1ms)
			BuildScriptInfoCaches (32ms)
			ResolveRequiredComponents (1ms)
	FinalizeReload (298ms)
		ReleaseScriptCaches (0ms)
		RebuildScriptCaches (0ms)
		SetupLoadedEditorAssemblies (240ms)
			LogAssemblyErrors (0ms)
			InitializePlatformSupportModulesInManaged (1ms)
			SetLoadedEditorAssemblies (4ms)
			BeforeProcessingInitializeOnLoad (58ms)
			ProcessInitializeOnLoadAttributes (157ms)
			ProcessInitializeOnLoadMethodAttributes (18ms)
			AfterProcessingInitializeOnLoad (1ms)
			EditorAssembliesLoaded (0ms)
		ExecutionOrderSort2 (0ms)
		AwakeInstancesAfterBackupRestoration (1ms)
Refreshing native plugins compatible for Editor in 0.17 ms, found 1 plugins.
Preloading 0 native plugins for Editor in 0.00 ms.
Unloading 0 Unused Serialized files (Serialized files now loaded: 0)
Unloading 2267 unused Assets / (429.3 KB). Loaded Objects now: 3012.
Memory consumption went from 116.4 MB to 116.0 MB.
Total: 3.735792 ms (FindLiveObjects: 0.127916 ms CreateObjectMapping: 0.043125 ms MarkObjects: 3.341917 ms  DeleteObjects: 0.222667 ms)

Prepare: number of updated asset objects reloaded= 0
========================================================================
Received Prepare
Begin MonoManager ReloadAssembly
Thread 0x16d8fb000 may have been prematurely finalized
- Loaded All Assemblies, in  0.198 seconds
Refreshing native plugins compatible for Editor in 0.12 ms, found 1 plugins.
Native extension for WindowsStandalone target not found
Native extension for OSXStandalone target not found
Native extension for WebGL target not found
[Package Manager] Failed to launch server process. Reason: Unity was launched with the -noUpm command-line argument
[Package Manager] Unable to send message (not connected to server process).
[Package Manager] Cannot connect to Unity Package Manager local server
[Package Manager] Failed to launch server process. Reason: Unity was launched with the -noUpm command-line argument
[Package Manager] Unable to send message (not connected to server process).
[Package Manager] Cannot connect to Unity Package Manager local server
ScheduleIndexationOnStartup MainProcess:False IndexOnStartup:True
Mono: successfully reloaded assembly
- Finished resetting the current domain, in  0.285 seconds
Domain Reload Profiling: 483ms
	BeginReloadAssembly (68ms)
		ExecutionOrderSort (0ms)
		DisableScriptedObjects (2ms)
		BackupInstance (0ms)
		ReleaseScriptingObjects (0ms)
		CreateAndSetChildDomain (16ms)
	RebuildCommonClasses (19ms)
	RebuildNativeTypeToScriptingClass (7ms)
	initialDomainReloadingComplete (8ms)
	LoadAllAssembliesAndSetupDomain (97ms)
		LoadAssemblies (82ms)
		RebuildTransferFunctionScriptingTraits (0ms)
		AnalyzeDomain (37ms)
			TypeCache.Refresh (3ms)
				TypeCache.ScanAssembly (0ms)
			BuildScriptInfoCaches (31ms)
			ResolveRequiredComponents (1ms)
	FinalizeReload (285ms)
		ReleaseScriptCaches (0ms)
		RebuildScriptCaches (0ms)
		SetupLoadedEditorAssemblies (225ms)
			LogAssemblyErrors (0ms)
			InitializePlatformSupportModulesInManaged (2ms)
			SetLoadedEditorAssemblies (3ms)
			BeforeProcessingInitializeOnLoad (55ms)
			ProcessInitializeOnLoadAttributes (148ms)
			ProcessInitializeOnLoadMethodAttributes (17ms)
			AfterProcessingInitializeOnLoad (1ms)
			EditorAssembliesLoaded (0ms)
		ExecutionOrderSort2 (0ms)
		AwakeInstancesAfterBackupRestoration (1ms)
Refreshing native plugins compatible for Editor in 0.15 ms, found 1 plugins.
Preloading 0 native plugins for Editor in 0.00 ms.
Unloading 0 Unused Serialized files (Serialized files now loaded: 0)
Unloading 2267 unused Assets / (113.7 KB). Loaded Objects now: 3013.
Memory consumption went from 116.4 MB to 116.3 MB.
Total: 3.331292 ms (FindLiveObjects: 0.106125 ms CreateObjectMapping: 0.044292 ms MarkObjects: 2.992875 ms  DeleteObjects: 0.187750 ms)

Prepare: number of updated asset objects reloaded= 0
========================================================================
Received Prepare
Refreshing native plugins compatible for Editor in 0.12 ms, found 1 plugins.
Preloading 0 native plugins for Editor in 0.00 ms.
Unloading 0 Unused Serialized files (Serialized files now loaded: 0)
Unloading 2263 unused Assets / (402.1 KB). Loaded Objects now: 3013.
Memory consumption went from 105.4 MB to 105.0 MB.
Total: 3.101000 ms (FindLiveObjects: 0.098625 ms CreateObjectMapping: 0.039833 ms MarkObjects: 2.772834 ms  DeleteObjects: 0.189500 ms)

Prepare: number of updated asset objects reloaded= 0
========================================================================
Received Prepare
Begin MonoManager ReloadAssembly
Thread 0x16d8fb000 may have been prematurely finalized
- Loaded All Assemblies, in  0.221 seconds
Refreshing native plugins compatible for Editor in 0.12 ms, found 1 plugins.
Native extension for WindowsStandalone target not found
Native extension for OSXStandalone target not found
Native extension for WebGL target not found
[Package Manager] Failed to launch server process. Reason: Unity was launched with the -noUpm command-line argument
[Package Manager] Unable to send message (not connected to server process).
[Package Manager] Cannot connect to Unity Package Manager local server
[Package Manager] Failed to launch server process. Reason: Unity was launched with the -noUpm command-line argument
[Package Manager] Unable to send message (not connected to server process).
[Package Manager] Cannot connect to Unity Package Manager local server
ScheduleIndexationOnStartup MainProcess:False IndexOnStartup:True
Mono: successfully reloaded assembly
- Finished resetting the current domain, in  0.275 seconds
Domain Reload Profiling: 497ms
	BeginReloadAssembly (80ms)
		ExecutionOrderSort (0ms)
		DisableScriptedObjects (3ms)
		BackupInstance (0ms)
		ReleaseScriptingObjects (0ms)
		CreateAndSetChildDomain (25ms)
	RebuildCommonClasses (19ms)
	RebuildNativeTypeToScriptingClass (7ms)
	initialDomainReloadingComplete (11ms)
	LoadAllAssembliesAndSetupDomain (106ms)
		LoadAssemblies (82ms)
		RebuildTransferFunctionScriptingTraits (0ms)
		AnalyzeDomain (47ms)
			TypeCache.Refresh (6ms)
				TypeCache.ScanAssembly (1ms)
			BuildScriptInfoCaches (37ms)
			ResolveRequiredComponents (2ms)
	FinalizeReload (275ms)
		ReleaseScriptCaches (0ms)
		RebuildScriptCaches (0ms)
		SetupLoadedEditorAssemblies (219ms)
			LogAssemblyErrors (0ms)
			InitializePlatformSupportModulesInManaged (1ms)
			SetLoadedEditorAssemblies (2ms)
			BeforeProcessingInitializeOnLoad (55ms)
			ProcessInitializeOnLoadAttributes (143ms)
			ProcessInitializeOnLoadMethodAttributes (15ms)
			AfterProcessingInitializeOnLoad (2ms)
			EditorAssembliesLoaded (0ms)
		ExecutionOrderSort2 (0ms)
		AwakeInstancesAfterBackupRestoration (1ms)
Refreshing native plugins compatible for Editor in 0.13 ms, found 1 plugins.
Preloading 0 native plugins for Editor in 0.00 ms.
Unloading 0 Unused Serialized files (Serialized files now loaded: 0)
Unloading 2267 unused Assets / (350.7 KB). Loaded Objects now: 3014.
Memory consumption went from 116.4 MB to 116.1 MB.
Total: 2.963792 ms (FindLiveObjects: 0.092375 ms CreateObjectMapping: 0.036250 ms MarkObjects: 2.660125 ms  DeleteObjects: 0.175000 ms)

Prepare: number of updated asset objects reloaded= 0
========================================================================
Received Prepare
Refreshing native plugins compatible for Editor in 0.14 ms, found 1 plugins.
Preloading 0 native plugins for Editor in 0.00 ms.
Unloading 0 Unused Serialized files (Serialized files now loaded: 0)
Unloading 2263 unused Assets / (343.5 KB). Loaded Objects now: 3014.
Memory consumption went from 105.4 MB to 105.0 MB.
Total: 3.371292 ms (FindLiveObjects: 0.115625 ms CreateObjectMapping: 0.040084 ms MarkObjects: 2.998584 ms  DeleteObjects: 0.216708 ms)

Prepare: number of updated asset objects reloaded= 0
========================================================================
Received Prepare
Begin MonoManager ReloadAssembly
[Licensing::Client] Successfully resolved entitlement details
[Licensing::Module] License group:
  Id: F4-QKKD-GK3D-QK4Z-FWRN-XXXX
  Product: Unity Personal
  Type: ULF
  Expiration: Unlimited
[Licensing::Module] License group:
  Id: 5773889045670-UnityPersXXXX
  Product: Unity Personal
  Type: Assigned
  Expiration: Unlimited
Thread 0x16d63f000 may have been prematurely finalized
- Loaded All Assemblies, in  0.195 seconds
Refreshing native plugins compatible for Editor in 0.12 ms, found 1 plugins.
Native extension for WindowsStandalone target not found
Native extension for OSXStandalone target not found
Native extension for WebGL target not found
[Package Manager] Failed to launch server process. Reason: Unity was launched with the -noUpm command-line argument
[Package Manager] Unable to send message (not connected to server process).
[Package Manager] Cannot connect to Unity Package Manager local server
[Package Manager] Failed to launch server process. Reason: Unity was launched with the -noUpm command-line argument
[Package Manager] Unable to send message (not connected to server process).
[Package Manager] Cannot connect to Unity Package Manager local server
ScheduleIndexationOnStartup MainProcess:False IndexOnStartup:True
Mono: successfully reloaded assembly
- Finished resetting the current domain, in  0.313 seconds
Domain Reload Profiling: 509ms
	BeginReloadAssembly (69ms)
		ExecutionOrderSort (0ms)
		DisableScriptedObjects (2ms)
		BackupInstance (0ms)
		ReleaseScriptingObjects (0ms)
		CreateAndSetChildDomain (16ms)
	RebuildCommonClasses (19ms)
	RebuildNativeTypeToScriptingClass (7ms)
	initialDomainReloadingComplete (9ms)
	LoadAllAssembliesAndSetupDomain (92ms)
		LoadAssemblies (79ms)
		RebuildTransferFunctionScriptingTraits (0ms)
		AnalyzeDomain (37ms)
			TypeCache.Refresh (4ms)
				TypeCache.ScanAssembly (1ms)
			BuildScriptInfoCaches (30ms)
			ResolveRequiredComponents (1ms)
	FinalizeReload (313ms)
		ReleaseScriptCaches (0ms)
		RebuildScriptCaches (0ms)
		SetupLoadedEditorAssemblies (255ms)
			LogAssemblyErrors (0ms)
			InitializePlatformSupportModulesInManaged (1ms)
			SetLoadedEditorAssemblies (2ms)
			BeforeProcessingInitializeOnLoad (65ms)
			ProcessInitializeOnLoadAttributes (169ms)
			ProcessInitializeOnLoadMethodAttributes (17ms)
			AfterProcessingInitializeOnLoad (1ms)
			EditorAssembliesLoaded (0ms)
		ExecutionOrderSort2 (0ms)
		AwakeInstancesAfterBackupRestoration (1ms)
Refreshing native plugins compatible for Editor in 0.14 ms, found 1 plugins.
Preloading 0 native plugins for Editor in 0.00 ms.
Unloading 0 Unused Serialized files (Serialized files now loaded: 0)
Unloading 2267 unused Assets / (245.6 KB). Loaded Objects now: 3015.
Memory consumption went from 116.4 MB to 116.2 MB.
Total: 3.292708 ms (FindLiveObjects: 0.098208 ms CreateObjectMapping: 0.044750 ms MarkObjects: 2.948208 ms  DeleteObjects: 0.201500 ms)

Prepare: number of updated asset objects reloaded= 0
========================================================================
Received Prepare
Refreshing native plugins compatible for Editor in 0.15 ms, found 1 plugins.
Preloading 0 native plugins for Editor in 0.00 ms.
Unloading 0 Unused Serialized files (Serialized files now loaded: 0)
Unloading 2263 unused Assets / (397.6 KB). Loaded Objects now: 3015.
Memory consumption went from 105.4 MB to 105.0 MB.
Total: 3.793084 ms (FindLiveObjects: 0.110958 ms CreateObjectMapping: 0.041167 ms MarkObjects: 3.395708 ms  DeleteObjects: 0.244959 ms)

Prepare: number of updated asset objects reloaded= 0
========================================================================
Received Prepare
Begin MonoManager ReloadAssembly
Thread 0x16d63f000 may have been prematurely finalized
- Loaded All Assemblies, in  0.194 seconds
Refreshing native plugins compatible for Editor in 0.11 ms, found 1 plugins.
Native extension for WindowsStandalone target not found
Native extension for OSXStandalone target not found
Native extension for WebGL target not found
[Package Manager] Failed to launch server process. Reason: Unity was launched with the -noUpm command-line argument
[Package Manager] Unable to send message (not connected to server process).
[Package Manager] Cannot connect to Unity Package Manager local server
[Package Manager] Failed to launch server process. Reason: Unity was launched with the -noUpm command-line argument
[Package Manager] Unable to send message (not connected to server process).
[Package Manager] Cannot connect to Unity Package Manager local server
ScheduleIndexationOnStartup MainProcess:False IndexOnStartup:True
Mono: successfully reloaded assembly
- Finished resetting the current domain, in  0.300 seconds
Domain Reload Profiling: 496ms
	BeginReloadAssembly (68ms)
		ExecutionOrderSort (0ms)
		DisableScriptedObjects (2ms)
		BackupInstance (0ms)
		ReleaseScriptingObjects (0ms)
		CreateAndSetChildDomain (16ms)
	RebuildCommonClasses (19ms)
	RebuildNativeTypeToScriptingClass (7ms)
	initialDomainReloadingComplete (9ms)
	LoadAllAssembliesAndSetupDomain (93ms)
		LoadAssemblies (76ms)
		RebuildTransferFunctionScriptingTraits (0ms)
		AnalyzeDomain (39ms)
			TypeCache.Refresh (5ms)
				TypeCache.ScanAssembly (1ms)
			BuildScriptInfoCaches (32ms)
			ResolveRequiredComponents (1ms)
	FinalizeReload (300ms)
		ReleaseScriptCaches (0ms)
		RebuildScriptCaches (0ms)
		SetupLoadedEditorAssemblies (246ms)
			LogAssemblyErrors (0ms)
			InitializePlatformSupportModulesInManaged (1ms)
			SetLoadedEditorAssemblies (3ms)
			BeforeProcessingInitializeOnLoad (57ms)
			ProcessInitializeOnLoadAttributes (165ms)
			ProcessInitializeOnLoadMethodAttributes (19ms)
			AfterProcessingInitializeOnLoad (1ms)
			EditorAssembliesLoaded (0ms)
		ExecutionOrderSort2 (0ms)
		AwakeInstancesAfterBackupRestoration (1ms)
Refreshing native plugins compatible for Editor in 0.14 ms, found 1 plugins.
Preloading 0 native plugins for Editor in 0.00 ms.
Unloading 0 Unused Serialized files (Serialized files now loaded: 0)
Unloading 2267 unused Assets / (203.5 KB). Loaded Objects now: 3016.
Memory consumption went from 116.4 MB to 116.2 MB.
Total: 4.407375 ms (FindLiveObjects: 0.300917 ms CreateObjectMapping: 0.119583 ms MarkObjects: 3.782875 ms  DeleteObjects: 0.203417 ms)

Prepare: number of updated asset objects reloaded= 0
========================================================================
Received Prepare
Refreshing native plugins compatible for Editor in 0.15 ms, found 1 plugins.
Preloading 0 native plugins for Editor in 0.00 ms.
Unloading 0 Unused Serialized files (Serialized files now loaded: 0)
Unloading 2263 unused Assets / (401.7 KB). Loaded Objects now: 3016.
Memory consumption went from 105.4 MB to 105.0 MB.
Total: 3.574541 ms (FindLiveObjects: 0.102084 ms CreateObjectMapping: 0.047292 ms MarkObjects: 3.193125 ms  DeleteObjects: 0.231750 ms)

Prepare: number of updated asset objects reloaded= 0
========================================================================
Received Prepare
Begin MonoManager ReloadAssembly
[Licensing::Client] Successfully resolved entitlement details
[Licensing::Module] License group:
  Id: F4-QKKD-GK3D-QK4Z-FWRN-XXXX
  Product: Unity Personal
  Type: ULF
  Expiration: Unlimited
[Licensing::Module] License group:
  Id: 5773889045670-UnityPersXXXX
  Product: Unity Personal
  Type: Assigned
  Expiration: Unlimited
Thread 0x16d63f000 may have been prematurely finalized
- Loaded All Assemblies, in  0.199 seconds
Refreshing native plugins compatible for Editor in 0.12 ms, found 1 plugins.
Native extension for WindowsStandalone target not found
Native extension for OSXStandalone target not found
Native extension for WebGL target not found
[Package Manager] Failed to launch server process. Reason: Unity was launched with the -noUpm command-line argument
[Package Manager] Unable to send message (not connected to server process).
[Package Manager] Cannot connect to Unity Package Manager local server
[Package Manager] Failed to launch server process. Reason: Unity was launched with the -noUpm command-line argument
[Package Manager] Unable to send message (not connected to server process).
[Package Manager] Cannot connect to Unity Package Manager local server
ScheduleIndexationOnStartup MainProcess:False IndexOnStartup:True
Mono: successfully reloaded assembly
- Finished resetting the current domain, in  0.308 seconds
Domain Reload Profiling: 508ms
	BeginReloadAssembly (70ms)
		ExecutionOrderSort (0ms)
		DisableScriptedObjects (2ms)
		BackupInstance (0ms)
		ReleaseScriptingObjects (0ms)
		CreateAndSetChildDomain (16ms)
	RebuildCommonClasses (19ms)
	RebuildNativeTypeToScriptingClass (7ms)
	initialDomainReloadingComplete (9ms)
	LoadAllAssembliesAndSetupDomain (95ms)
		LoadAssemblies (80ms)
		RebuildTransferFunctionScriptingTraits (0ms)
		AnalyzeDomain (39ms)
			TypeCache.Refresh (5ms)
				TypeCache.ScanAssembly (1ms)
			BuildScriptInfoCaches (32ms)
			ResolveRequiredComponents (1ms)
	FinalizeReload (309ms)
		ReleaseScriptCaches (0ms)
		RebuildScriptCaches (0ms)
		SetupLoadedEditorAssemblies (252ms)
			LogAssemblyErrors (0ms)
			InitializePlatformSupportModulesInManaged (1ms)
			SetLoadedEditorAssemblies (4ms)
			BeforeProcessingInitializeOnLoad (72ms)
			ProcessInitializeOnLoadAttributes (153ms)
			ProcessInitializeOnLoadMethodAttributes (22ms)
			AfterProcessingInitializeOnLoad (1ms)
			EditorAssembliesLoaded (0ms)
		ExecutionOrderSort2 (0ms)
		AwakeInstancesAfterBackupRestoration (1ms)
Refreshing native plugins compatible for Editor in 0.17 ms, found 1 plugins.
Preloading 0 native plugins for Editor in 0.00 ms.
Unloading 0 Unused Serialized files (Serialized files now loaded: 0)
Unloading 2267 unused Assets / (65.0 KB). Loaded Objects now: 3017.
Memory consumption went from 116.4 MB to 116.4 MB.
Total: 3.400000 ms (FindLiveObjects: 0.117334 ms CreateObjectMapping: 0.044333 ms MarkObjects: 3.065750 ms  DeleteObjects: 0.172417 ms)

Prepare: number of updated asset objects reloaded= 0
========================================================================
Received Prepare
Begin MonoManager ReloadAssembly
Thread 0x16d63f000 may have been prematurely finalized
- Loaded All Assemblies, in  0.193 seconds
Refreshing native plugins compatible for Editor in 0.12 ms, found 1 plugins.
Native extension for WindowsStandalone target not found
Native extension for OSXStandalone target not found
Native extension for WebGL target not found
[Package Manager] Failed to launch server process. Reason: Unity was launched with the -noUpm command-line argument
[Package Manager] Unable to send message (not connected to server process).
[Package Manager] Cannot connect to Unity Package Manager local server
[Package Manager] Failed to launch server process. Reason: Unity was launched with the -noUpm command-line argument
[Package Manager] Unable to send message (not connected to server process).
[Package Manager] Cannot connect to Unity Package Manager local server
ScheduleIndexationOnStartup MainProcess:False IndexOnStartup:True
Mono: successfully reloaded assembly
- Finished resetting the current domain, in  0.285 seconds
Domain Reload Profiling: 480ms
	BeginReloadAssembly (68ms)
		ExecutionOrderSort (0ms)
		DisableScriptedObjects (2ms)
		BackupInstance (0ms)
		ReleaseScriptingObjects (0ms)
		CreateAndSetChildDomain (15ms)
	RebuildCommonClasses (19ms)
	RebuildNativeTypeToScriptingClass (7ms)
	initialDomainReloadingComplete (9ms)
	LoadAllAssembliesAndSetupDomain (91ms)
		LoadAssemblies (77ms)
		RebuildTransferFunctionScriptingTraits (0ms)
		AnalyzeDomain (38ms)
			TypeCache.Refresh (3ms)
				TypeCache.ScanAssembly (0ms)
			BuildScriptInfoCaches (33ms)
			ResolveRequiredComponents (1ms)
	FinalizeReload (286ms)
		ReleaseScriptCaches (0ms)
		RebuildScriptCaches (0ms)
		SetupLoadedEditorAssemblies (227ms)
			LogAssemblyErrors (0ms)
			InitializePlatformSupportModulesInManaged (1ms)
			SetLoadedEditorAssemblies (2ms)
			BeforeProcessingInitializeOnLoad (55ms)
			ProcessInitializeOnLoadAttributes (149ms)
			ProcessInitializeOnLoadMethodAttributes (20ms)
			AfterProcessingInitializeOnLoad (1ms)
			EditorAssembliesLoaded (0ms)
		ExecutionOrderSort2 (0ms)
		AwakeInstancesAfterBackupRestoration (1ms)
Refreshing native plugins compatible for Editor in 0.15 ms, found 1 plugins.
Preloading 0 native plugins for Editor in 0.00 ms.
Unloading 0 Unused Serialized files (Serialized files now loaded: 0)
Unloading 2267 unused Assets / (65.0 KB). Loaded Objects now: 3018.
Memory consumption went from 116.4 MB to 116.4 MB.
Total: 3.461959 ms (FindLiveObjects: 0.101708 ms CreateObjectMapping: 0.041375 ms MarkObjects: 3.123958 ms  DeleteObjects: 0.194667 ms)

Prepare: number of updated asset objects reloaded= 0
========================================================================
Received Prepare
Begin MonoManager ReloadAssembly
[Licensing::Client] Successfully resolved entitlement details
[Licensing::Module] License group:
  Id: F4-QKKD-GK3D-QK4Z-FWRN-XXXX
  Product: Unity Personal
  Type: ULF
  Expiration: Unlimited
[Licensing::Module] License group:
  Id: 5773889045670-UnityPersXXXX
  Product: Unity Personal
  Type: Assigned
  Expiration: Unlimited
Thread 0x16d63f000 may have been prematurely finalized
- Loaded All Assemblies, in  0.200 seconds
Refreshing native plugins compatible for Editor in 0.12 ms, found 1 plugins.
Native extension for WindowsStandalone target not found
Native extension for OSXStandalone target not found
Native extension for WebGL target not found
[Package Manager] Failed to launch server process. Reason: Unity was launched with the -noUpm command-line argument
[Package Manager] Unable to send message (not connected to server process).
[Package Manager] Cannot connect to Unity Package Manager local server
[Package Manager] Failed to launch server process. Reason: Unity was launched with the -noUpm command-line argument
[Package Manager] Unable to send message (not connected to server process).
[Package Manager] Cannot connect to Unity Package Manager local server
ScheduleIndexationOnStartup MainProcess:False IndexOnStartup:True
Mono: successfully reloaded assembly
- Finished resetting the current domain, in  0.278 seconds
Domain Reload Profiling: 479ms
	BeginReloadAssembly (69ms)
		ExecutionOrderSort (0ms)
		DisableScriptedObjects (2ms)
		BackupInstance (0ms)
		ReleaseScriptingObjects (0ms)
		CreateAndSetChildDomain (16ms)
	RebuildCommonClasses (19ms)
	RebuildNativeTypeToScriptingClass (7ms)
	initialDomainReloadingComplete (9ms)
	LoadAllAssembliesAndSetupDomain (97ms)
		LoadAssemblies (78ms)
		RebuildTransferFunctionScriptingTraits (0ms)
		AnalyzeDomain (41ms)
			TypeCache.Refresh (3ms)
				TypeCache.ScanAssembly (0ms)
			BuildScriptInfoCaches (35ms)
			ResolveRequiredComponents (1ms)
	FinalizeReload (279ms)
		ReleaseScriptCaches (0ms)
		RebuildScriptCaches (0ms)
		SetupLoadedEditorAssemblies (223ms)
			LogAssemblyErrors (0ms)
			InitializePlatformSupportModulesInManaged (1ms)
			SetLoadedEditorAssemblies (2ms)
			BeforeProcessingInitializeOnLoad (52ms)
			ProcessInitializeOnLoadAttributes (149ms)
			ProcessInitializeOnLoadMethodAttributes (18ms)
			AfterProcessingInitializeOnLoad (1ms)
			EditorAssembliesLoaded (0ms)
		ExecutionOrderSort2 (0ms)
		AwakeInstancesAfterBackupRestoration (1ms)
Refreshing native plugins compatible for Editor in 0.14 ms, found 1 plugins.
Preloading 0 native plugins for Editor in 0.00 ms.
Unloading 0 Unused Serialized files (Serialized files now loaded: 0)
Unloading 2267 unused Assets / (64.9 KB). Loaded Objects now: 3019.
Memory consumption went from 116.4 MB to 116.4 MB.
Total: 3.378041 ms (FindLiveObjects: 0.099250 ms CreateObjectMapping: 0.045834 ms MarkObjects: 3.021500 ms  DeleteObjects: 0.211250 ms)

Prepare: number of updated asset objects reloaded= 0
========================================================================
Received Prepare
Begin MonoManager ReloadAssembly
[Licensing::Client] Successfully resolved entitlement details
[Licensing::Module] License group:
  Id: F4-QKKD-GK3D-QK4Z-FWRN-XXXX
  Product: Unity Personal
  Type: ULF
  Expiration: Unlimited
[Licensing::Module] License group:
  Id: 5773889045670-UnityPersXXXX
  Product: Unity Personal
  Type: Assigned
  Expiration: Unlimited
Thread 0x16d63f000 may have been prematurely finalized
- Loaded All Assemblies, in  0.195 seconds
Refreshing native plugins compatible for Editor in 0.12 ms, found 1 plugins.
Native extension for WindowsStandalone target not found
Native extension for OSXStandalone target not found
Native extension for WebGL target not found
[Package Manager] Failed to launch server process. Reason: Unity was launched with the -noUpm command-line argument
[Package Manager] Unable to send message (not connected to server process).
[Package Manager] Cannot connect to Unity Package Manager local server
[Package Manager] Failed to launch server process. Reason: Unity was launched with the -noUpm command-line argument
[Package Manager] Unable to send message (not connected to server process).
[Package Manager] Cannot connect to Unity Package Manager local server
ScheduleIndexationOnStartup MainProcess:False IndexOnStartup:True
Mono: successfully reloaded assembly
- Finished resetting the current domain, in  0.280 seconds
Domain Reload Profiling: 476ms
	BeginReloadAssembly (69ms)
		ExecutionOrderSort (0ms)
		DisableScriptedObjects (2ms)
		BackupInstance (0ms)
		ReleaseScriptingObjects (0ms)
		CreateAndSetChildDomain (16ms)
	RebuildCommonClasses (19ms)
	RebuildNativeTypeToScriptingClass (7ms)
	initialDomainReloadingComplete (9ms)
	LoadAllAssembliesAndSetupDomain (92ms)
		LoadAssemblies (77ms)
		RebuildTransferFunctionScriptingTraits (0ms)
		AnalyzeDomain (38ms)
			TypeCache.Refresh (3ms)
				TypeCache.ScanAssembly (0ms)
			BuildScriptInfoCaches (32ms)
			ResolveRequiredComponents (1ms)
	FinalizeReload (280ms)
		ReleaseScriptCaches (0ms)
		RebuildScriptCaches (0ms)
		SetupLoadedEditorAssemblies (225ms)
			LogAssemblyErrors (0ms)
			InitializePlatformSupportModulesInManaged (1ms)
			SetLoadedEditorAssemblies (2ms)
			BeforeProcessingInitializeOnLoad (55ms)
			ProcessInitializeOnLoadAttributes (149ms)
			ProcessInitializeOnLoadMethodAttributes (18ms)
			AfterProcessingInitializeOnLoad (1ms)
			EditorAssembliesLoaded (0ms)
		ExecutionOrderSort2 (0ms)
		AwakeInstancesAfterBackupRestoration (1ms)
Refreshing native plugins compatible for Editor in 0.15 ms, found 1 plugins.
Preloading 0 native plugins for Editor in 0.00 ms.
Unloading 0 Unused Serialized files (Serialized files now loaded: 0)
Unloading 2267 unused Assets / (398.2 KB). Loaded Objects now: 3020.
Memory consumption went from 116.4 MB to 116.0 MB.
Total: 3.131791 ms (FindLiveObjects: 0.101209 ms CreateObjectMapping: 0.044833 ms MarkObjects: 2.785667 ms  DeleteObjects: 0.199708 ms)

Prepare: number of updated asset objects reloaded= 0
========================================================================
Received Prepare
Begin MonoManager ReloadAssembly
Thread 0x16d63f000 may have been prematurely finalized
- Loaded All Assemblies, in  0.193 seconds
Refreshing native plugins compatible for Editor in 0.12 ms, found 1 plugins.
Native extension for WindowsStandalone target not found
Native extension for OSXStandalone target not found
Native extension for WebGL target not found
[Package Manager] Failed to launch server process. Reason: Unity was launched with the -noUpm command-line argument
[Package Manager] Unable to send message (not connected to server process).
[Package Manager] Cannot connect to Unity Package Manager local server
[Package Manager] Failed to launch server process. Reason: Unity was launched with the -noUpm command-line argument
[Package Manager] Unable to send message (not connected to server process).
[Package Manager] Cannot connect to Unity Package Manager local server
ScheduleIndexationOnStartup MainProcess:False IndexOnStartup:True
Mono: successfully reloaded assembly
- Finished resetting the current domain, in  0.284 seconds
Domain Reload Profiling: 478ms
	BeginReloadAssembly (68ms)
		ExecutionOrderSort (0ms)
		DisableScriptedObjects (2ms)
		BackupInstance (0ms)
		ReleaseScriptingObjects (0ms)
		CreateAndSetChildDomain (16ms)
	RebuildCommonClasses (18ms)
	RebuildNativeTypeToScriptingClass (7ms)
	initialDomainReloadingComplete (9ms)
	LoadAllAssembliesAndSetupDomain (92ms)
		LoadAssemblies (76ms)
		RebuildTransferFunctionScriptingTraits (0ms)
		AnalyzeDomain (38ms)
			TypeCache.Refresh (3ms)
				TypeCache.ScanAssembly (0ms)
			BuildScriptInfoCaches (32ms)
			ResolveRequiredComponents (1ms)
	FinalizeReload (284ms)
		ReleaseScriptCaches (0ms)
		RebuildScriptCaches (0ms)
		SetupLoadedEditorAssemblies (226ms)
			LogAssemblyErrors (0ms)
			InitializePlatformSupportModulesInManaged (1ms)
			SetLoadedEditorAssemblies (2ms)
			BeforeProcessingInitializeOnLoad (58ms)
			ProcessInitializeOnLoadAttributes (146ms)
			ProcessInitializeOnLoadMethodAttributes (18ms)
			AfterProcessingInitializeOnLoad (1ms)
			EditorAssembliesLoaded (0ms)
		ExecutionOrderSort2 (0ms)
		AwakeInstancesAfterBackupRestoration (1ms)
Refreshing native plugins compatible for Editor in 0.15 ms, found 1 plugins.
Preloading 0 native plugins for Editor in 0.00 ms.
Unloading 0 Unused Serialized files (Serialized files now loaded: 0)
Unloading 2267 unused Assets / (229.7 KB). Loaded Objects now: 3021.
Memory consumption went from 116.5 MB to 116.2 MB.
Total: 3.372292 ms (FindLiveObjects: 0.104375 ms CreateObjectMapping: 0.045375 ms MarkObjects: 2.944375 ms  DeleteObjects: 0.278041 ms)

Prepare: number of updated asset objects reloaded= 0
========================================================================
Received Prepare
Begin MonoManager ReloadAssembly
Thread 0x16d63f000 may have been prematurely finalized
- Loaded All Assemblies, in  0.197 seconds
Refreshing native plugins compatible for Editor in 0.12 ms, found 1 plugins.
Native extension for WindowsStandalone target not found
Native extension for OSXStandalone target not found
Native extension for WebGL target not found
[Package Manager] Failed to launch server process. Reason: Unity was launched with the -noUpm command-line argument
[Package Manager] Unable to send message (not connected to server process).
[Package Manager] Cannot connect to Unity Package Manager local server
[Package Manager] Failed to launch server process. Reason: Unity was launched with the -noUpm command-line argument
[Package Manager] Unable to send message (not connected to server process).
[Package Manager] Cannot connect to Unity Package Manager local server
ScheduleIndexationOnStartup MainProcess:False IndexOnStartup:True
Mono: successfully reloaded assembly
- Finished resetting the current domain, in  0.279 seconds
Domain Reload Profiling: 477ms
	BeginReloadAssembly (69ms)
		ExecutionOrderSort (0ms)
		DisableScriptedObjects (2ms)
		BackupInstance (0ms)
		ReleaseScriptingObjects (0ms)
		CreateAndSetChildDomain (16ms)
	RebuildCommonClasses (19ms)
	RebuildNativeTypeToScriptingClass (7ms)
	initialDomainReloadingComplete (9ms)
	LoadAllAssembliesAndSetupDomain (94ms)
		LoadAssemblies (77ms)
		RebuildTransferFunctionScriptingTraits (0ms)
		AnalyzeDomain (40ms)
			TypeCache.Refresh (3ms)
				TypeCache.ScanAssembly (0ms)
			BuildScriptInfoCaches (34ms)
			ResolveRequiredComponents (1ms)
	FinalizeReload (280ms)
		ReleaseScriptCaches (0ms)
		RebuildScriptCaches (0ms)
		SetupLoadedEditorAssemblies (223ms)
			LogAssemblyErrors (0ms)
			InitializePlatformSupportModulesInManaged (1ms)
			SetLoadedEditorAssemblies (2ms)
			BeforeProcessingInitializeOnLoad (53ms)
			ProcessInitializeOnLoadAttributes (149ms)
			ProcessInitializeOnLoadMethodAttributes (17ms)
			AfterProcessingInitializeOnLoad (1ms)
			EditorAssembliesLoaded (0ms)
		ExecutionOrderSort2 (0ms)
		AwakeInstancesAfterBackupRestoration (1ms)
Refreshing native plugins compatible for Editor in 0.15 ms, found 1 plugins.
Preloading 0 native plugins for Editor in 0.00 ms.
Unloading 0 Unused Serialized files (Serialized files now loaded: 0)
Unloading 2267 unused Assets / (237.9 KB). Loaded Objects now: 3022.
Memory consumption went from 116.4 MB to 116.2 MB.
Total: 3.501917 ms (FindLiveObjects: 0.112584 ms CreateObjectMapping: 0.042541 ms MarkObjects: 3.103875 ms  DeleteObjects: 0.242667 ms)

Prepare: number of updated asset objects reloaded= 0
========================================================================
Received Prepare
Begin MonoManager ReloadAssembly
[Licensing::Client] Successfully resolved entitlement details
[Licensing::Module] License group:
  Id: F4-QKKD-GK3D-QK4Z-FWRN-XXXX
  Product: Unity Personal
  Type: ULF
  Expiration: Unlimited
[Licensing::Module] License group:
  Id: 5773889045670-UnityPersXXXX
  Product: Unity Personal
  Type: Assigned
  Expiration: Unlimited
Thread 0x16d63f000 may have been prematurely finalized
- Loaded All Assemblies, in  0.194 seconds
Refreshing native plugins compatible for Editor in 0.12 ms, found 1 plugins.
Native extension for WindowsStandalone target not found
Native extension for OSXStandalone target not found
Native extension for WebGL target not found
[Package Manager] Failed to launch server process. Reason: Unity was launched with the -noUpm command-line argument
[Package Manager] Unable to send message (not connected to server process).
[Package Manager] Cannot connect to Unity Package Manager local server
[Package Manager] Failed to launch server process. Reason: Unity was launched with the -noUpm command-line argument
[Package Manager] Unable to send message (not connected to server process).
[Package Manager] Cannot connect to Unity Package Manager local server
ScheduleIndexationOnStartup MainProcess:False IndexOnStartup:True
Mono: successfully reloaded assembly
- Finished resetting the current domain, in  0.285 seconds
Domain Reload Profiling: 481ms
	BeginReloadAssembly (68ms)
		ExecutionOrderSort (0ms)
		DisableScriptedObjects (2ms)
		BackupInstance (0ms)
		ReleaseScriptingObjects (0ms)
		CreateAndSetChildDomain (16ms)
	RebuildCommonClasses (19ms)
	RebuildNativeTypeToScriptingClass (7ms)
	initialDomainReloadingComplete (9ms)
	LoadAllAssembliesAndSetupDomain (92ms)
		LoadAssemblies (77ms)
		RebuildTransferFunctionScriptingTraits (0ms)
		AnalyzeDomain (39ms)
			TypeCache.Refresh (3ms)
				TypeCache.ScanAssembly (0ms)
			BuildScriptInfoCaches (33ms)
			ResolveRequiredComponents (2ms)
	FinalizeReload (285ms)
		ReleaseScriptCaches (0ms)
		RebuildScriptCaches (0ms)
		SetupLoadedEditorAssemblies (225ms)
			LogAssemblyErrors (0ms)
			InitializePlatformSupportModulesInManaged (1ms)
			SetLoadedEditorAssemblies (3ms)
			BeforeProcessingInitializeOnLoad (54ms)
			ProcessInitializeOnLoadAttributes (149ms)
			ProcessInitializeOnLoadMethodAttributes (18ms)
			AfterProcessingInitializeOnLoad (1ms)
			EditorAssembliesLoaded (0ms)
		ExecutionOrderSort2 (0ms)
		AwakeInstancesAfterBackupRestoration (1ms)
Refreshing native plugins compatible for Editor in 0.15 ms, found 1 plugins.
Preloading 0 native plugins for Editor in 0.00 ms.
Unloading 0 Unused Serialized files (Serialized files now loaded: 0)
Unloading 2267 unused Assets / (102.5 KB). Loaded Objects now: 3023.
Memory consumption went from 116.4 MB to 116.3 MB.
Total: 3.398833 ms (FindLiveObjects: 0.172500 ms CreateObjectMapping: 0.049500 ms MarkObjects: 2.996083 ms  DeleteObjects: 0.180500 ms)

Prepare: number of updated asset objects reloaded= 0
========================================================================
Received Prepare
Begin MonoManager ReloadAssembly
[Licensing::Client] Successfully resolved entitlement details
[Licensing::Module] License group:
  Id: F4-QKKD-GK3D-QK4Z-FWRN-XXXX
  Product: Unity Personal
  Type: ULF
  Expiration: Unlimited
[Licensing::Module] License group:
  Id: 5773889045670-UnityPersXXXX
  Product: Unity Personal
  Type: Assigned
  Expiration: Unlimited
Thread 0x16d63f000 may have been prematurely finalized
- Loaded All Assemblies, in  0.193 seconds
Refreshing native plugins compatible for Editor in 0.16 ms, found 1 plugins.
Native extension for WindowsStandalone target not found
Native extension for OSXStandalone target not found
Native extension for WebGL target not found
[Package Manager] Failed to launch server process. Reason: Unity was launched with the -noUpm command-line argument
[Package Manager] Unable to send message (not connected to server process).
[Package Manager] Cannot connect to Unity Package Manager local server
[Package Manager] Failed to launch server process. Reason: Unity was launched with the -noUpm command-line argument
[Package Manager] Unable to send message (not connected to server process).
[Package Manager] Cannot connect to Unity Package Manager local server
ScheduleIndexationOnStartup MainProcess:False IndexOnStartup:True
Mono: successfully reloaded assembly
- Finished resetting the current domain, in  0.302 seconds
Domain Reload Profiling: 496ms
	BeginReloadAssembly (68ms)
		ExecutionOrderSort (0ms)
		DisableScriptedObjects (2ms)
		BackupInstance (0ms)
		ReleaseScriptingObjects (0ms)
		CreateAndSetChildDomain (16ms)
	RebuildCommonClasses (19ms)
	RebuildNativeTypeToScriptingClass (7ms)
	initialDomainReloadingComplete (9ms)
	LoadAllAssembliesAndSetupDomain (91ms)
		LoadAssemblies (76ms)
		RebuildTransferFunctionScriptingTraits (0ms)
		AnalyzeDomain (38ms)
			TypeCache.Refresh (3ms)
				TypeCache.ScanAssembly (0ms)
			BuildScriptInfoCaches (32ms)
			ResolveRequiredComponents (1ms)
	FinalizeReload (302ms)
		ReleaseScriptCaches (0ms)
		RebuildScriptCaches (0ms)
		SetupLoadedEditorAssemblies (239ms)
			LogAssemblyErrors (0ms)
			InitializePlatformSupportModulesInManaged (1ms)
			SetLoadedEditorAssemblies (2ms)
			BeforeProcessingInitializeOnLoad (60ms)
			ProcessInitializeOnLoadAttributes (155ms)
			ProcessInitializeOnLoadMethodAttributes (20ms)
			AfterProcessingInitializeOnLoad (1ms)
			EditorAssembliesLoaded (0ms)
		ExecutionOrderSort2 (0ms)
		AwakeInstancesAfterBackupRestoration (1ms)
Refreshing native plugins compatible for Editor in 0.15 ms, found 1 plugins.
Preloading 0 native plugins for Editor in 0.00 ms.
Unloading 0 Unused Serialized files (Serialized files now loaded: 0)
Unloading 2267 unused Assets / (182.8 KB). Loaded Objects now: 3024.
Memory consumption went from 116.4 MB to 116.3 MB.
Total: 3.532875 ms (FindLiveObjects: 0.103542 ms CreateObjectMapping: 0.043334 ms MarkObjects: 3.180416 ms  DeleteObjects: 0.205209 ms)

Prepare: number of updated asset objects reloaded= 0
========================================================================
Received Prepare
Begin MonoManager ReloadAssembly
Thread 0x16d63f000 may have been prematurely finalized
- Loaded All Assemblies, in  0.190 seconds
Refreshing native plugins compatible for Editor in 0.13 ms, found 1 plugins.
Native extension for WindowsStandalone target not found
Native extension for OSXStandalone target not found
Native extension for WebGL target not found
[Package Manager] Failed to launch server process. Reason: Unity was launched with the -noUpm command-line argument
[Package Manager] Unable to send message (not connected to server process).
[Package Manager] Cannot connect to Unity Package Manager local server
[Package Manager] Failed to launch server process. Reason: Unity was launched with the -noUpm command-line argument
[Package Manager] Unable to send message (not connected to server process).
[Package Manager] Cannot connect to Unity Package Manager local server
ScheduleIndexationOnStartup MainProcess:False IndexOnStartup:True
Mono: successfully reloaded assembly
- Finished resetting the current domain, in  0.285 seconds
Domain Reload Profiling: 476ms
	BeginReloadAssembly (68ms)
		ExecutionOrderSort (0ms)
		DisableScriptedObjects (2ms)
		BackupInstance (0ms)
		ReleaseScriptingObjects (0ms)
		CreateAndSetChildDomain (15ms)
	RebuildCommonClasses (19ms)
	RebuildNativeTypeToScriptingClass (7ms)
	initialDomainReloadingComplete (9ms)
	LoadAllAssembliesAndSetupDomain (87ms)
		LoadAssemblies (73ms)
		RebuildTransferFunctionScriptingTraits (0ms)
		AnalyzeDomain (38ms)
			TypeCache.Refresh (3ms)
				TypeCache.ScanAssembly (0ms)
			BuildScriptInfoCaches (32ms)
			ResolveRequiredComponents (1ms)
	FinalizeReload (285ms)
		ReleaseScriptCaches (0ms)
		RebuildScriptCaches (0ms)
		SetupLoadedEditorAssemblies (225ms)
			LogAssemblyErrors (0ms)
			InitializePlatformSupportModulesInManaged (1ms)
			SetLoadedEditorAssemblies (2ms)
			BeforeProcessingInitializeOnLoad (52ms)
			ProcessInitializeOnLoadAttributes (149ms)
			ProcessInitializeOnLoadMethodAttributes (20ms)
			AfterProcessingInitializeOnLoad (0ms)
			EditorAssembliesLoaded (0ms)
		ExecutionOrderSort2 (0ms)
		AwakeInstancesAfterBackupRestoration (1ms)
Refreshing native plugins compatible for Editor in 0.15 ms, found 1 plugins.
Preloading 0 native plugins for Editor in 0.00 ms.
Unloading 0 Unused Serialized files (Serialized files now loaded: 0)
Unloading 2267 unused Assets / (64.9 KB). Loaded Objects now: 3025.
Memory consumption went from 116.5 MB to 116.4 MB.
Total: 3.356042 ms (FindLiveObjects: 0.105041 ms CreateObjectMapping: 0.043917 ms MarkObjects: 3.007792 ms  DeleteObjects: 0.199083 ms)

Prepare: number of updated asset objects reloaded= 0
========================================================================
Received Prepare
Begin MonoManager ReloadAssembly
Thread 0x16d63f000 may have been prematurely finalized
- Loaded All Assemblies, in  0.185 seconds
Refreshing native plugins compatible for Editor in 0.12 ms, found 1 plugins.
Native extension for WindowsStandalone target not found
Native extension for OSXStandalone target not found
Native extension for WebGL target not found
[Package Manager] Failed to launch server process. Reason: Unity was launched with the -noUpm command-line argument
[Package Manager] Unable to send message (not connected to server process).
[Package Manager] Cannot connect to Unity Package Manager local server
[Package Manager] Failed to launch server process. Reason: Unity was launched with the -noUpm command-line argument
[Package Manager] Unable to send message (not connected to server process).
[Package Manager] Cannot connect to Unity Package Manager local server
ScheduleIndexationOnStartup MainProcess:False IndexOnStartup:True
Mono: successfully reloaded assembly
- Finished resetting the current domain, in  0.281 seconds
Domain Reload Profiling: 467ms
	BeginReloadAssembly (67ms)
		ExecutionOrderSort (0ms)
		DisableScriptedObjects (2ms)
		BackupInstance (0ms)
		ReleaseScriptingObjects (0ms)
		CreateAndSetChildDomain (15ms)
	RebuildCommonClasses (19ms)
	RebuildNativeTypeToScriptingClass (7ms)
	initialDomainReloadingComplete (9ms)
	LoadAllAssembliesAndSetupDomain (84ms)
		LoadAssemblies (68ms)
		RebuildTransferFunctionScriptingTraits (0ms)
		AnalyzeDomain (38ms)
			TypeCache.Refresh (3ms)
				TypeCache.ScanAssembly (0ms)
			BuildScriptInfoCaches (33ms)
			ResolveRequiredComponents (1ms)
	FinalizeReload (281ms)
		ReleaseScriptCaches (0ms)
		RebuildScriptCaches (0ms)
		SetupLoadedEditorAssemblies (224ms)
			LogAssemblyErrors (0ms)
			InitializePlatformSupportModulesInManaged (1ms)
			SetLoadedEditorAssemblies (2ms)
			BeforeProcessingInitializeOnLoad (53ms)
			ProcessInitializeOnLoadAttributes (146ms)
			ProcessInitializeOnLoadMethodAttributes (20ms)
			AfterProcessingInitializeOnLoad (1ms)
			EditorAssembliesLoaded (0ms)
		ExecutionOrderSort2 (0ms)
		AwakeInstancesAfterBackupRestoration (1ms)
Refreshing native plugins compatible for Editor in 0.12 ms, found 1 plugins.
Preloading 0 native plugins for Editor in 0.00 ms.
Unloading 0 Unused Serialized files (Serialized files now loaded: 0)
Unloading 2267 unused Assets / (417.5 KB). Loaded Objects now: 3026.
Memory consumption went from 116.5 MB to 116.1 MB.
Total: 3.351459 ms (FindLiveObjects: 0.098542 ms CreateObjectMapping: 0.045208 ms MarkObjects: 3.007042 ms  DeleteObjects: 0.200500 ms)

Prepare: number of updated asset objects reloaded= 0
========================================================================
Received Prepare
Begin MonoManager ReloadAssembly
Thread 0x16d63f000 may have been prematurely finalized
- Loaded All Assemblies, in  0.186 seconds
Refreshing native plugins compatible for Editor in 0.12 ms, found 1 plugins.
Native extension for WindowsStandalone target not found
Native extension for OSXStandalone target not found
Native extension for WebGL target not found
[Package Manager] Failed to launch server process. Reason: Unity was launched with the -noUpm command-line argument
[Package Manager] Unable to send message (not connected to server process).
[Package Manager] Cannot connect to Unity Package Manager local server
[Package Manager] Failed to launch server process. Reason: Unity was launched with the -noUpm command-line argument
[Package Manager] Unable to send message (not connected to server process).
[Package Manager] Cannot connect to Unity Package Manager local server
ScheduleIndexationOnStartup MainProcess:False IndexOnStartup:True
Mono: successfully reloaded assembly
- Finished resetting the current domain, in  0.285 seconds
Domain Reload Profiling: 472ms
	BeginReloadAssembly (69ms)
		ExecutionOrderSort (0ms)
		DisableScriptedObjects (2ms)
		BackupInstance (0ms)
		ReleaseScriptingObjects (0ms)
		CreateAndSetChildDomain (16ms)
	RebuildCommonClasses (19ms)
	RebuildNativeTypeToScriptingClass (7ms)
	initialDomainReloadingComplete (9ms)
	LoadAllAssembliesAndSetupDomain (84ms)
		LoadAssemblies (69ms)
		RebuildTransferFunctionScriptingTraits (0ms)
		AnalyzeDomain (38ms)
			TypeCache.Refresh (3ms)
				TypeCache.ScanAssembly (0ms)
			BuildScriptInfoCaches (32ms)
			ResolveRequiredComponents (1ms)
	FinalizeReload (285ms)
		ReleaseScriptCaches (0ms)
		RebuildScriptCaches (0ms)
		SetupLoadedEditorAssemblies (230ms)
			LogAssemblyErrors (0ms)
			InitializePlatformSupportModulesInManaged (1ms)
			SetLoadedEditorAssemblies (2ms)
			BeforeProcessingInitializeOnLoad (57ms)
			ProcessInitializeOnLoadAttributes (147ms)
			ProcessInitializeOnLoadMethodAttributes (23ms)
			AfterProcessingInitializeOnLoad (1ms)
			EditorAssembliesLoaded (0ms)
		ExecutionOrderSort2 (0ms)
		AwakeInstancesAfterBackupRestoration (1ms)
Refreshing native plugins compatible for Editor in 0.15 ms, found 1 plugins.
Preloading 0 native plugins for Editor in 0.00 ms.
Unloading 0 Unused Serialized files (Serialized files now loaded: 0)
Unloading 2267 unused Assets / (65.0 KB). Loaded Objects now: 3027.
Memory consumption went from 116.5 MB to 116.4 MB.
Total: 3.342542 ms (FindLiveObjects: 0.112167 ms CreateObjectMapping: 0.043875 ms MarkObjects: 3.003042 ms  DeleteObjects: 0.183208 ms)

Prepare: number of updated asset objects reloaded= 0
========================================================================
Received Prepare
Begin MonoManager ReloadAssembly
[Licensing::Client] Successfully resolved entitlement details
[Licensing::Module] License group:
  Id: F4-QKKD-GK3D-QK4Z-FWRN-XXXX
  Product: Unity Personal
  Type: ULF
  Expiration: Unlimited
[Licensing::Module] License group:
  Id: 5773889045670-UnityPersXXXX
  Product: Unity Personal
  Type: Assigned
  Expiration: Unlimited
Thread 0x16d63f000 may have been prematurely finalized
- Loaded All Assemblies, in  0.187 seconds
Refreshing native plugins compatible for Editor in 0.12 ms, found 1 plugins.
Native extension for WindowsStandalone target not found
Native extension for OSXStandalone target not found
Native extension for WebGL target not found
[Package Manager] Failed to launch server process. Reason: Unity was launched with the -noUpm command-line argument
[Package Manager] Unable to send message (not connected to server process).
[Package Manager] Cannot connect to Unity Package Manager local server
[Package Manager] Failed to launch server process. Reason: Unity was launched with the -noUpm command-line argument
[Package Manager] Unable to send message (not connected to server process).
[Package Manager] Cannot connect to Unity Package Manager local server
ScheduleIndexationOnStartup MainProcess:False IndexOnStartup:True
Mono: successfully reloaded assembly
- Finished resetting the current domain, in  0.280 seconds
Domain Reload Profiling: 468ms
	BeginReloadAssembly (68ms)
		ExecutionOrderSort (0ms)
		DisableScriptedObjects (2ms)
		BackupInstance (0ms)
		ReleaseScriptingObjects (0ms)
		CreateAndSetChildDomain (16ms)
	RebuildCommonClasses (19ms)
	RebuildNativeTypeToScriptingClass (7ms)
	initialDomainReloadingComplete (9ms)
	LoadAllAssembliesAndSetupDomain (85ms)
		LoadAssemblies (69ms)
		RebuildTransferFunctionScriptingTraits (0ms)
		AnalyzeDomain (39ms)
			TypeCache.Refresh (3ms)
				TypeCache.ScanAssembly (0ms)
			BuildScriptInfoCaches (33ms)
			ResolveRequiredComponents (1ms)
	FinalizeReload (280ms)
		ReleaseScriptCaches (0ms)
		RebuildScriptCaches (0ms)
		SetupLoadedEditorAssemblies (226ms)
			LogAssemblyErrors (0ms)
			InitializePlatformSupportModulesInManaged (1ms)
			SetLoadedEditorAssemblies (2ms)
			BeforeProcessingInitializeOnLoad (58ms)
			ProcessInitializeOnLoadAttributes (146ms)
			ProcessInitializeOnLoadMethodAttributes (18ms)
			AfterProcessingInitializeOnLoad (1ms)
			EditorAssembliesLoaded (0ms)
		ExecutionOrderSort2 (0ms)
		AwakeInstancesAfterBackupRestoration (1ms)
Refreshing native plugins compatible for Editor in 0.18 ms, found 1 plugins.
Preloading 0 native plugins for Editor in 0.00 ms.
Unloading 0 Unused Serialized files (Serialized files now loaded: 0)
Unloading 2267 unused Assets / (273.2 KB). Loaded Objects now: 3028.
Memory consumption went from 116.5 MB to 116.2 MB.
Total: 3.626167 ms (FindLiveObjects: 0.124875 ms CreateObjectMapping: 0.042083 ms MarkObjects: 3.222917 ms  DeleteObjects: 0.236042 ms)

Prepare: number of updated asset objects reloaded= 0
========================================================================
Received Import Request.
  Time since last request: 6784.415295 seconds.
  path: Assets/Scripts/Helpers.cs
  artifactKey: Guid(fbe1229b927f425fad567df0bbc311e7) Importer(2089858483,b0f066a214c2f5e87bad3c948f4d605d)
Start importing Assets/Scripts/Helpers.cs using Guid(fbe1229b927f425fad567df0bbc311e7) Importer(2089858483,b0f066a214c2f5e87bad3c948f4d605d) (ScriptedImporter) -> (artifact id: '94d48152d19e75ebe8953c0da423432e') in 0.026281042 seconds
Number of updated asset objects reloaded before import = 0Number of asset objects unloaded after import = 0

========================================================================
Received Import Request.
  Time since last request: 0.000067 seconds.
  path: Assets/Models/House/House 1.prefab
  artifactKey: Guid(fde3292432a3947a5bef2b11c2be5145) Importer(2089858483,b0f066a214c2f5e87bad3c948f4d605d)
Start importing Assets/Models/House/House 1.prefab using Guid(fde3292432a3947a5bef2b11c2be5145) Importer(2089858483,b0f066a214c2f5e87bad3c948f4d605d) (ScriptedImporter) -> (artifact id: '1e4f7daa2ff4f07bb3122021c2376673') in 0.027887167 seconds
Number of updated asset objects reloaded before import = 0Number of asset objects unloaded after import = 133

========================================================================
Received Prepare
Begin MonoManager ReloadAssembly
[Licensing::Client] Successfully resolved entitlement details
[Licensing::Module] License group:
  Id: F4-QKKD-GK3D-QK4Z-FWRN-XXXX
  Product: Unity Personal
  Type: ULF
  Expiration: Unlimited
[Licensing::Module] License group:
  Id: 5773889045670-UnityPersXXXX
  Product: Unity Personal
  Type: Assigned
  Expiration: Unlimited
Thread 0x16d63f000 may have been prematurely finalized
- Loaded All Assemblies, in  0.196 seconds
Refreshing native plugins compatible for Editor in 0.10 ms, found 1 plugins.
Native extension for WindowsStandalone target not found
Native extension for OSXStandalone target not found
Native extension for WebGL target not found
[Package Manager] Failed to launch server process. Reason: Unity was launched with the -noUpm command-line argument
[Package Manager] Unable to send message (not connected to server process).
[Package Manager] Cannot connect to Unity Package Manager local server
[Package Manager] Failed to launch server process. Reason: Unity was launched with the -noUpm command-line argument
[Package Manager] Unable to send message (not connected to server process).
[Package Manager] Cannot connect to Unity Package Manager local server
ScheduleIndexationOnStartup MainProcess:False IndexOnStartup:True
Mono: successfully reloaded assembly
- Finished resetting the current domain, in  0.277 seconds
Domain Reload Profiling: 475ms
	BeginReloadAssembly (72ms)
		ExecutionOrderSort (0ms)
		DisableScriptedObjects (2ms)
		BackupInstance (0ms)
		ReleaseScriptingObjects (0ms)
		CreateAndSetChildDomain (19ms)
	RebuildCommonClasses (20ms)
	RebuildNativeTypeToScriptingClass (7ms)
	initialDomainReloadingComplete (9ms)
	LoadAllAssembliesAndSetupDomain (89ms)
		LoadAssemblies (73ms)
		RebuildTransferFunctionScriptingTraits (0ms)
		AnalyzeDomain (38ms)
			TypeCache.Refresh (3ms)
				TypeCache.ScanAssembly (0ms)
			BuildScriptInfoCaches (33ms)
			ResolveRequiredComponents (1ms)
	FinalizeReload (278ms)
		ReleaseScriptCaches (0ms)
		RebuildScriptCaches (0ms)
		SetupLoadedEditorAssemblies (219ms)
			LogAssemblyErrors (0ms)
			InitializePlatformSupportModulesInManaged (1ms)
			SetLoadedEditorAssemblies (2ms)
			BeforeProcessingInitializeOnLoad (52ms)
			ProcessInitializeOnLoadAttributes (144ms)
			ProcessInitializeOnLoadMethodAttributes (19ms)
			AfterProcessingInitializeOnLoad (0ms)
			EditorAssembliesLoaded (0ms)
		ExecutionOrderSort2 (0ms)
		AwakeInstancesAfterBackupRestoration (1ms)
Refreshing native plugins compatible for Editor in 0.18 ms, found 1 plugins.
Preloading 0 native plugins for Editor in 0.00 ms.
Unloading 0 Unused Serialized files (Serialized files now loaded: 0)
Unloading 2267 unused Assets / (262.3 KB). Loaded Objects now: 3029.
Memory consumption went from 116.5 MB to 116.3 MB.
Total: 3.536833 ms (FindLiveObjects: 0.122000 ms CreateObjectMapping: 0.042333 ms MarkObjects: 3.138708 ms  DeleteObjects: 0.233625 ms)

Prepare: number of updated asset objects reloaded= 0
========================================================================
Received Prepare
Begin MonoManager ReloadAssembly
Thread 0x16d63f000 may have been prematurely finalized
- Loaded All Assemblies, in  0.194 seconds
Refreshing native plugins compatible for Editor in 0.13 ms, found 1 plugins.
Native extension for WindowsStandalone target not found
Native extension for OSXStandalone target not found
Native extension for WebGL target not found
[Package Manager] Failed to launch server process. Reason: Unity was launched with the -noUpm command-line argument
[Package Manager] Unable to send message (not connected to server process).
[Package Manager] Cannot connect to Unity Package Manager local server
[Package Manager] Failed to launch server process. Reason: Unity was launched with the -noUpm command-line argument
[Package Manager] Unable to send message (not connected to server process).
[Package Manager] Cannot connect to Unity Package Manager local server
ScheduleIndexationOnStartup MainProcess:False IndexOnStartup:True
Mono: successfully reloaded assembly
- Finished resetting the current domain, in  0.279 seconds
Domain Reload Profiling: 473ms
	BeginReloadAssembly (67ms)
		ExecutionOrderSort (0ms)
		DisableScriptedObjects (2ms)
		BackupInstance (0ms)
		ReleaseScriptingObjects (0ms)
		CreateAndSetChildDomain (15ms)
	RebuildCommonClasses (19ms)
	RebuildNativeTypeToScriptingClass (7ms)
	initialDomainReloadingComplete (9ms)
	LoadAllAssembliesAndSetupDomain (92ms)
		LoadAssemblies (73ms)
		RebuildTransferFunctionScriptingTraits (0ms)
		AnalyzeDomain (43ms)
			TypeCache.Refresh (3ms)
				TypeCache.ScanAssembly (0ms)
			BuildScriptInfoCaches (37ms)
			ResolveRequiredComponents (1ms)
	FinalizeReload (279ms)
		ReleaseScriptCaches (0ms)
		RebuildScriptCaches (0ms)
		SetupLoadedEditorAssemblies (223ms)
			LogAssemblyErrors (0ms)
			InitializePlatformSupportModulesInManaged (1ms)
			SetLoadedEditorAssemblies (2ms)
			BeforeProcessingInitializeOnLoad (52ms)
			ProcessInitializeOnLoadAttributes (148ms)
			ProcessInitializeOnLoadMethodAttributes (18ms)
			AfterProcessingInitializeOnLoad (1ms)
			EditorAssembliesLoaded (0ms)
		ExecutionOrderSort2 (0ms)
		AwakeInstancesAfterBackupRestoration (1ms)
Refreshing native plugins compatible for Editor in 0.17 ms, found 1 plugins.
Preloading 0 native plugins for Editor in 0.00 ms.
Unloading 0 Unused Serialized files (Serialized files now loaded: 0)
Unloading 2267 unused Assets / (429.9 KB). Loaded Objects now: 3030.
Memory consumption went from 116.5 MB to 116.1 MB.
Total: 6.679417 ms (FindLiveObjects: 0.323459 ms CreateObjectMapping: 0.160125 ms MarkObjects: 5.613667 ms  DeleteObjects: 0.581584 ms)

Prepare: number of updated asset objects reloaded= 0
========================================================================
Received Prepare
Refreshing native plugins compatible for Editor in 0.18 ms, found 1 plugins.
Preloading 0 native plugins for Editor in 0.00 ms.
Unloading 0 Unused Serialized files (Serialized files now loaded: 0)
Unloading 0 unused Assets / (0 B). Loaded Objects now: 3030.
Memory consumption went from 103.6 MB to 103.6 MB.
Total: 3.268000 ms (FindLiveObjects: 0.070375 ms CreateObjectMapping: 0.021542 ms MarkObjects: 3.173125 ms  DeleteObjects: 0.002750 ms)

Prepare: number of updated asset objects reloaded= 17
========================================================================
Received Prepare
Refreshing native plugins compatible for Editor in 0.23 ms, found 1 plugins.
Preloading 0 native plugins for Editor in 0.00 ms.
Unloading 0 Unused Serialized files (Serialized files now loaded: 0)
Unloading 0 unused Assets / (0 B). Loaded Objects now: 3030.
Memory consumption went from 103.7 MB to 103.7 MB.
Total: 3.243083 ms (FindLiveObjects: 0.074416 ms CreateObjectMapping: 0.021209 ms MarkObjects: 3.144416 ms  DeleteObjects: 0.002875 ms)

Prepare: number of updated asset objects reloaded= 0
========================================================================
Received Prepare
Begin MonoManager ReloadAssembly
[Licensing::Client] Successfully resolved entitlement details
[Licensing::Module] License group:
  Id: F4-QKKD-GK3D-QK4Z-FWRN-XXXX
  Product: Unity Personal
  Type: ULF
  Expiration: Unlimited
[Licensing::Module] License group:
  Id: 5773889045670-UnityPersXXXX
  Product: Unity Personal
  Type: Assigned
  Expiration: Unlimited
Thread 0x16d63f000 may have been prematurely finalized
- Loaded All Assemblies, in  0.261 seconds
Refreshing native plugins compatible for Editor in 0.14 ms, found 1 plugins.
Native extension for WindowsStandalone target not found
Native extension for OSXStandalone target not found
Native extension for WebGL target not found
[Package Manager] Failed to launch server process. Reason: Unity was launched with the -noUpm command-line argument
[Package Manager] Unable to send message (not connected to server process).
[Package Manager] Cannot connect to Unity Package Manager local server
[Package Manager] Failed to launch server process. Reason: Unity was launched with the -noUpm command-line argument
[Package Manager] Unable to send message (not connected to server process).
[Package Manager] Cannot connect to Unity Package Manager local server
ScheduleIndexationOnStartup MainProcess:False IndexOnStartup:True
Mono: successfully reloaded assembly
- Finished resetting the current domain, in  0.275 seconds
Domain Reload Profiling: 537ms
	BeginReloadAssembly (70ms)
		ExecutionOrderSort (0ms)
		DisableScriptedObjects (2ms)
		BackupInstance (0ms)
		ReleaseScriptingObjects (0ms)
		CreateAndSetChildDomain (15ms)
	RebuildCommonClasses (18ms)
	RebuildNativeTypeToScriptingClass (7ms)
	initialDomainReloadingComplete (9ms)
	LoadAllAssembliesAndSetupDomain (157ms)
		LoadAssemblies (72ms)
		RebuildTransferFunctionScriptingTraits (0ms)
		AnalyzeDomain (110ms)
			TypeCache.Refresh (85ms)
				TypeCache.ScanAssembly (78ms)
			BuildScriptInfoCaches (23ms)
			ResolveRequiredComponents (1ms)
	FinalizeReload (275ms)
		ReleaseScriptCaches (0ms)
		RebuildScriptCaches (0ms)
		SetupLoadedEditorAssemblies (223ms)
			LogAssemblyErrors (0ms)
			InitializePlatformSupportModulesInManaged (1ms)
			SetLoadedEditorAssemblies (1ms)
			BeforeProcessingInitializeOnLoad (50ms)
			ProcessInitializeOnLoadAttributes (150ms)
			ProcessInitializeOnLoadMethodAttributes (20ms)
			AfterProcessingInitializeOnLoad (1ms)
			EditorAssembliesLoaded (0ms)
		ExecutionOrderSort2 (0ms)
		AwakeInstancesAfterBackupRestoration (1ms)
Refreshing native plugins compatible for Editor in 0.15 ms, found 1 plugins.
Preloading 0 native plugins for Editor in 0.00 ms.
Unloading 0 Unused Serialized files (Serialized files now loaded: 0)
Unloading 2267 unused Assets / (65.0 KB). Loaded Objects now: 3032.
Memory consumption went from 115.9 MB to 115.8 MB.
Total: 3.351334 ms (FindLiveObjects: 0.110708 ms CreateObjectMapping: 0.043250 ms MarkObjects: 3.002084 ms  DeleteObjects: 0.194959 ms)

Prepare: number of updated asset objects reloaded= 0
========================================================================
Received Prepare
Begin MonoManager ReloadAssembly
[Licensing::Client] Successfully resolved entitlement details
[Licensing::Module] License group:
  Id: F4-QKKD-GK3D-QK4Z-FWRN-XXXX
  Product: Unity Personal
  Type: ULF
  Expiration: Unlimited
[Licensing::Module] License group:
  Id: 5773889045670-UnityPersXXXX
  Product: Unity Personal
  Type: Assigned
  Expiration: Unlimited
Thread 0x16d63f000 may have been prematurely finalized
- Loaded All Assemblies, in  0.341 seconds
Refreshing native plugins compatible for Editor in 0.11 ms, found 1 plugins.
Native extension for WindowsStandalone target not found
Native extension for OSXStandalone target not found
Native extension for WebGL target not found
[Package Manager] Failed to launch server process. Reason: Unity was launched with the -noUpm command-line argument
[Package Manager] Unable to send message (not connected to server process).
[Package Manager] Cannot connect to Unity Package Manager local server
[Package Manager] Failed to launch server process. Reason: Unity was launched with the -noUpm command-line argument
[Package Manager] Unable to send message (not connected to server process).
[Package Manager] Cannot connect to Unity Package Manager local server
ScheduleIndexationOnStartup MainProcess:False IndexOnStartup:True
Mono: successfully reloaded assembly
- Finished resetting the current domain, in  0.285 seconds
Domain Reload Profiling: 627ms
	BeginReloadAssembly (104ms)
		ExecutionOrderSort (0ms)
		DisableScriptedObjects (5ms)
		BackupInstance (0ms)
		ReleaseScriptingObjects (0ms)
		CreateAndSetChildDomain (31ms)
	RebuildCommonClasses (20ms)
	RebuildNativeTypeToScriptingClass (7ms)
	initialDomainReloadingComplete (11ms)
	LoadAllAssembliesAndSetupDomain (199ms)
		LoadAssemblies (108ms)
		RebuildTransferFunctionScriptingTraits (0ms)
		AnalyzeDomain (125ms)
			TypeCache.Refresh (99ms)
				TypeCache.ScanAssembly (91ms)
			BuildScriptInfoCaches (24ms)
			ResolveRequiredComponents (1ms)
	FinalizeReload (285ms)
		ReleaseScriptCaches (0ms)
		RebuildScriptCaches (0ms)
		SetupLoadedEditorAssemblies (231ms)
			LogAssemblyErrors (0ms)
			InitializePlatformSupportModulesInManaged (1ms)
			SetLoadedEditorAssemblies (2ms)
			BeforeProcessingInitializeOnLoad (56ms)
			ProcessInitializeOnLoadAttributes (153ms)
			ProcessInitializeOnLoadMethodAttributes (18ms)
			AfterProcessingInitializeOnLoad (0ms)
			EditorAssembliesLoaded (0ms)
		ExecutionOrderSort2 (0ms)
		AwakeInstancesAfterBackupRestoration (2ms)
Refreshing native plugins compatible for Editor in 0.16 ms, found 1 plugins.
Preloading 0 native plugins for Editor in 0.00 ms.
Unloading 0 Unused Serialized files (Serialized files now loaded: 0)
Unloading 2267 unused Assets / (69.6 KB). Loaded Objects now: 3033.
Memory consumption went from 115.8 MB to 115.8 MB.
Total: 3.484000 ms (FindLiveObjects: 0.145584 ms CreateObjectMapping: 0.046542 ms MarkObjects: 3.078083 ms  DeleteObjects: 0.213333 ms)

Prepare: number of updated asset objects reloaded= 0
========================================================================
Received Prepare
Begin MonoManager ReloadAssembly
[Licensing::Client] Successfully resolved entitlement details
[Licensing::Module] License group:
  Id: F4-QKKD-GK3D-QK4Z-FWRN-XXXX
  Product: Unity Personal
  Type: ULF
  Expiration: Unlimited
[Licensing::Module] License group:
  Id: 5773889045670-UnityPersXXXX
  Product: Unity Personal
  Type: Assigned
  Expiration: Unlimited
Thread 0x16d63f000 may have been prematurely finalized
- Loaded All Assemblies, in  0.190 seconds
Refreshing native plugins compatible for Editor in 0.12 ms, found 1 plugins.
Native extension for WindowsStandalone target not found
Native extension for OSXStandalone target not found
Native extension for WebGL target not found
[Package Manager] Failed to launch server process. Reason: Unity was launched with the -noUpm command-line argument
[Package Manager] Unable to send message (not connected to server process).
[Package Manager] Cannot connect to Unity Package Manager local server
[Package Manager] Failed to launch server process. Reason: Unity was launched with the -noUpm command-line argument
[Package Manager] Unable to send message (not connected to server process).
[Package Manager] Cannot connect to Unity Package Manager local server
ScheduleIndexationOnStartup MainProcess:False IndexOnStartup:True
Mono: successfully reloaded assembly
- Finished resetting the current domain, in  0.281 seconds
Domain Reload Profiling: 471ms
	BeginReloadAssembly (71ms)
		ExecutionOrderSort (0ms)
		DisableScriptedObjects (3ms)
		BackupInstance (0ms)
		ReleaseScriptingObjects (0ms)
		CreateAndSetChildDomain (18ms)
	RebuildCommonClasses (19ms)
	RebuildNativeTypeToScriptingClass (7ms)
	initialDomainReloadingComplete (9ms)
	LoadAllAssembliesAndSetupDomain (84ms)
		LoadAssemblies (70ms)
		RebuildTransferFunctionScriptingTraits (0ms)
		AnalyzeDomain (37ms)
			TypeCache.Refresh (3ms)
				TypeCache.ScanAssembly (0ms)
			BuildScriptInfoCaches (31ms)
			ResolveRequiredComponents (1ms)
	FinalizeReload (281ms)
		ReleaseScriptCaches (0ms)
		RebuildScriptCaches (0ms)
		SetupLoadedEditorAssemblies (225ms)
			LogAssemblyErrors (0ms)
			InitializePlatformSupportModulesInManaged (1ms)
			SetLoadedEditorAssemblies (2ms)
			BeforeProcessingInitializeOnLoad (56ms)
			ProcessInitializeOnLoadAttributes (147ms)
			ProcessInitializeOnLoadMethodAttributes (18ms)
			AfterProcessingInitializeOnLoad (1ms)
			EditorAssembliesLoaded (0ms)
		ExecutionOrderSort2 (0ms)
		AwakeInstancesAfterBackupRestoration (1ms)
Refreshing native plugins compatible for Editor in 0.15 ms, found 1 plugins.
Preloading 0 native plugins for Editor in 0.00 ms.
Unloading 0 Unused Serialized files (Serialized files now loaded: 0)
Unloading 2267 unused Assets / (0.5 MB). Loaded Objects now: 3034.
Memory consumption went from 115.7 MB to 115.2 MB.
Total: 5.178000 ms (FindLiveObjects: 0.309125 ms CreateObjectMapping: 0.094042 ms MarkObjects: 4.240833 ms  DeleteObjects: 0.533125 ms)

Prepare: number of updated asset objects reloaded= 0
========================================================================
Received Import Request.
  Time since last request: 90154.356892 seconds.
  path: Assets/SFNS SDF.asset
  artifactKey: Guid(894511cab5c9945e0aac72d78eb7d080) Importer(2089858483,b0f066a214c2f5e87bad3c948f4d605d)
Start importing Assets/SFNS SDF.asset using Guid(894511cab5c9945e0aac72d78eb7d080) Importer(2089858483,b0f066a214c2f5e87bad3c948f4d605d) (ScriptedImporter) -> (artifact id: 'a5085df8da4204c8fee93826f1ce575b') in 0.0610495 seconds
Number of updated asset objects reloaded before import = 0Number of asset objects unloaded after import = 5

========================================================================
Received Import Request.
  Time since last request: 477.048013 seconds.
  path: Assets/Prefabs/UI/Desktop/Bar Button.prefab
  artifactKey: Guid(83710fca1d6cb454baaaa6d375f2cfaf) Importer(2089858483,b0f066a214c2f5e87bad3c948f4d605d)
Start importing Assets/Prefabs/UI/Desktop/Bar Button.prefab using Guid(83710fca1d6cb454baaaa6d375f2cfaf) Importer(2089858483,b0f066a214c2f5e87bad3c948f4d605d) (ScriptedImporter) -> (artifact id: '6c4fd69a13929b0b22c421aba8bf1ae5') in 0.037475375 seconds
Number of updated asset objects reloaded before import = 0Number of asset objects unloaded after import = 48

========================================================================
Received Prepare
Refreshing native plugins compatible for Editor in 0.15 ms, found 1 plugins.
Preloading 0 native plugins for Editor in 0.00 ms.
Unloading 0 Unused Serialized files (Serialized files now loaded: 0)
Unloading 2266 unused Assets / (329.7 KB). Loaded Objects now: 3035.
Memory consumption went from 105.2 MB to 104.9 MB.
Total: 3.950167 ms (FindLiveObjects: 0.102541 ms CreateObjectMapping: 0.043959 ms MarkObjects: 3.436041 ms  DeleteObjects: 0.367083 ms)

Prepare: number of updated asset objects reloaded= 0
========================================================================
Received Prepare
Begin MonoManager ReloadAssembly
[Licensing::Client] Successfully resolved entitlement details
[Licensing::Module] License group:
  Id: F4-QKKD-GK3D-QK4Z-FWRN-XXXX
  Product: Unity Personal
  Type: ULF
  Expiration: Unlimited
[Licensing::Module] License group:
  Id: 5773889045670-UnityPersXXXX
  Product: Unity Personal
  Type: Assigned
  Expiration: Unlimited
Thread 0x16d63f000 may have been prematurely finalized
- Loaded All Assemblies, in  0.208 seconds
Refreshing native plugins compatible for Editor in 0.12 ms, found 1 plugins.
Native extension for WindowsStandalone target not found
Native extension for OSXStandalone target not found
Native extension for WebGL target not found
[Package Manager] Failed to launch server process. Reason: Unity was launched with the -noUpm command-line argument
[Package Manager] Unable to send message (not connected to server process).
[Package Manager] Cannot connect to Unity Package Manager local server
[Package Manager] Failed to launch server process. Reason: Unity was launched with the -noUpm command-line argument
[Package Manager] Unable to send message (not connected to server process).
[Package Manager] Cannot connect to Unity Package Manager local server
ScheduleIndexationOnStartup MainProcess:False IndexOnStartup:True
Mono: successfully reloaded assembly
- Finished resetting the current domain, in  0.284 seconds
Domain Reload Profiling: 493ms
	BeginReloadAssembly (83ms)
		ExecutionOrderSort (0ms)
		DisableScriptedObjects (2ms)
		BackupInstance (0ms)
		ReleaseScriptingObjects (0ms)
		CreateAndSetChildDomain (29ms)
	RebuildCommonClasses (19ms)
	RebuildNativeTypeToScriptingClass (7ms)
	initialDomainReloadingComplete (9ms)
	LoadAllAssembliesAndSetupDomain (90ms)
		LoadAssemblies (71ms)
		RebuildTransferFunctionScriptingTraits (0ms)
		AnalyzeDomain (43ms)
			TypeCache.Refresh (5ms)
				TypeCache.ScanAssembly (1ms)
			BuildScriptInfoCaches (36ms)
			ResolveRequiredComponents (1ms)
	FinalizeReload (284ms)
		ReleaseScriptCaches (0ms)
		RebuildScriptCaches (0ms)
		SetupLoadedEditorAssemblies (222ms)
			LogAssemblyErrors (0ms)
			InitializePlatformSupportModulesInManaged (1ms)
			SetLoadedEditorAssemblies (2ms)
			BeforeProcessingInitializeOnLoad (54ms)
			ProcessInitializeOnLoadAttributes (145ms)
			ProcessInitializeOnLoadMethodAttributes (19ms)
			AfterProcessingInitializeOnLoad (1ms)
			EditorAssembliesLoaded (0ms)
		ExecutionOrderSort2 (0ms)
		AwakeInstancesAfterBackupRestoration (3ms)
Refreshing native plugins compatible for Editor in 0.16 ms, found 1 plugins.
Preloading 0 native plugins for Editor in 0.00 ms.
Unloading 0 Unused Serialized files (Serialized files now loaded: 0)
Unloading 2268 unused Assets / (65.0 KB). Loaded Objects now: 3036.
Memory consumption went from 115.7 MB to 115.6 MB.
Total: 3.506292 ms (FindLiveObjects: 0.113208 ms CreateObjectMapping: 0.044042 ms MarkObjects: 3.139250 ms  DeleteObjects: 0.209625 ms)

Prepare: number of updated asset objects reloaded= 0
========================================================================
Received Prepare
Refreshing native plugins compatible for Editor in 0.14 ms, found 1 plugins.
Preloading 0 native plugins for Editor in 0.00 ms.
Unloading 0 Unused Serialized files (Serialized files now loaded: 0)
Unloading 2263 unused Assets / (405.7 KB). Loaded Objects now: 3035.
Memory consumption went from 104.8 MB to 104.4 MB.
Total: 3.367125 ms (FindLiveObjects: 0.110208 ms CreateObjectMapping: 0.043667 ms MarkObjects: 3.011209 ms  DeleteObjects: 0.201708 ms)

Prepare: number of updated asset objects reloaded= 0
========================================================================
Received Prepare
Begin MonoManager ReloadAssembly
Thread 0x16d63f000 may have been prematurely finalized
- Loaded All Assemblies, in  0.198 seconds
Refreshing native plugins compatible for Editor in 0.12 ms, found 1 plugins.
Native extension for WindowsStandalone target not found
Native extension for OSXStandalone target not found
Native extension for WebGL target not found
[Package Manager] Failed to launch server process. Reason: Unity was launched with the -noUpm command-line argument
[Package Manager] Unable to send message (not connected to server process).
[Package Manager] Cannot connect to Unity Package Manager local server
[Package Manager] Failed to launch server process. Reason: Unity was launched with the -noUpm command-line argument
[Package Manager] Unable to send message (not connected to server process).
[Package Manager] Cannot connect to Unity Package Manager local server
ScheduleIndexationOnStartup MainProcess:False IndexOnStartup:True
Mono: successfully reloaded assembly
- Finished resetting the current domain, in  0.272 seconds
Domain Reload Profiling: 471ms
	BeginReloadAssembly (72ms)
		ExecutionOrderSort (0ms)
		DisableScriptedObjects (3ms)
		BackupInstance (0ms)
		ReleaseScriptingObjects (0ms)
		CreateAndSetChildDomain (18ms)
	RebuildCommonClasses (19ms)
	RebuildNativeTypeToScriptingClass (7ms)
	initialDomainReloadingComplete (10ms)
	LoadAllAssembliesAndSetupDomain (91ms)
		LoadAssemblies (74ms)
		RebuildTransferFunctionScriptingTraits (0ms)
		AnalyzeDomain (41ms)
			TypeCache.Refresh (5ms)
				TypeCache.ScanAssembly (1ms)
			BuildScriptInfoCaches (34ms)
			ResolveRequiredComponents (1ms)
	FinalizeReload (272ms)
		ReleaseScriptCaches (0ms)
		RebuildScriptCaches (0ms)
		SetupLoadedEditorAssemblies (216ms)
			LogAssemblyErrors (0ms)
			InitializePlatformSupportModulesInManaged (1ms)
			SetLoadedEditorAssemblies (2ms)
			BeforeProcessingInitializeOnLoad (52ms)
			ProcessInitializeOnLoadAttributes (144ms)
			ProcessInitializeOnLoadMethodAttributes (16ms)
			AfterProcessingInitializeOnLoad (0ms)
			EditorAssembliesLoaded (0ms)
		ExecutionOrderSort2 (0ms)
		AwakeInstancesAfterBackupRestoration (1ms)
Refreshing native plugins compatible for Editor in 0.15 ms, found 1 plugins.
Preloading 0 native plugins for Editor in 0.00 ms.
Unloading 0 Unused Serialized files (Serialized files now loaded: 0)
Unloading 2267 unused Assets / (410.0 KB). Loaded Objects now: 3036.
Memory consumption went from 115.6 MB to 115.2 MB.
Total: 3.209084 ms (FindLiveObjects: 0.104958 ms CreateObjectMapping: 0.039459 ms MarkObjects: 2.855958 ms  DeleteObjects: 0.208375 ms)

Prepare: number of updated asset objects reloaded= 0
========================================================================
Received Prepare
Refreshing native plugins compatible for Editor in 0.14 ms, found 1 plugins.
Preloading 0 native plugins for Editor in 0.00 ms.
Unloading 0 Unused Serialized files (Serialized files now loaded: 0)
Unloading 2264 unused Assets / (359.7 KB). Loaded Objects now: 3037.
Memory consumption went from 104.8 MB to 104.5 MB.
Total: 3.466250 ms (FindLiveObjects: 0.099541 ms CreateObjectMapping: 0.042709 ms MarkObjects: 3.089959 ms  DeleteObjects: 0.233791 ms)

Prepare: number of updated asset objects reloaded= 0
========================================================================
Received Prepare
Begin MonoManager ReloadAssembly
Thread 0x16d63f000 may have been prematurely finalized
- Loaded All Assemblies, in  0.191 seconds
Refreshing native plugins compatible for Editor in 0.12 ms, found 1 plugins.
Native extension for WindowsStandalone target not found
Native extension for OSXStandalone target not found
Native extension for WebGL target not found
[Package Manager] Failed to launch server process. Reason: Unity was launched with the -noUpm command-line argument
[Package Manager] Unable to send message (not connected to server process).
[Package Manager] Cannot connect to Unity Package Manager local server
[Package Manager] Failed to launch server process. Reason: Unity was launched with the -noUpm command-line argument
[Package Manager] Unable to send message (not connected to server process).
[Package Manager] Cannot connect to Unity Package Manager local server
ScheduleIndexationOnStartup MainProcess:False IndexOnStartup:True
Mono: successfully reloaded assembly
- Finished resetting the current domain, in  0.261 seconds
Domain Reload Profiling: 453ms
	BeginReloadAssembly (69ms)
		ExecutionOrderSort (0ms)
		DisableScriptedObjects (2ms)
		BackupInstance (0ms)
		ReleaseScriptingObjects (0ms)
		CreateAndSetChildDomain (15ms)
	RebuildCommonClasses (19ms)
	RebuildNativeTypeToScriptingClass (7ms)
	initialDomainReloadingComplete (9ms)
	LoadAllAssembliesAndSetupDomain (88ms)
		LoadAssemblies (73ms)
		RebuildTransferFunctionScriptingTraits (0ms)
		AnalyzeDomain (39ms)
			TypeCache.Refresh (4ms)
				TypeCache.ScanAssembly (1ms)
			BuildScriptInfoCaches (32ms)
			ResolveRequiredComponents (1ms)
	FinalizeReload (261ms)
		ReleaseScriptCaches (0ms)
		RebuildScriptCaches (0ms)
		SetupLoadedEditorAssemblies (208ms)
			LogAssemblyErrors (0ms)
			InitializePlatformSupportModulesInManaged (1ms)
			SetLoadedEditorAssemblies (2ms)
			BeforeProcessingInitializeOnLoad (52ms)
			ProcessInitializeOnLoadAttributes (136ms)
			ProcessInitializeOnLoadMethodAttributes (16ms)
			AfterProcessingInitializeOnLoad (0ms)
			EditorAssembliesLoaded (0ms)
		ExecutionOrderSort2 (0ms)
		AwakeInstancesAfterBackupRestoration (1ms)
Refreshing native plugins compatible for Editor in 0.14 ms, found 1 plugins.
Preloading 0 native plugins for Editor in 0.00 ms.
Unloading 0 Unused Serialized files (Serialized files now loaded: 0)
Unloading 2268 unused Assets / (440.9 KB). Loaded Objects now: 3038.
Memory consumption went from 115.7 MB to 115.2 MB.
Total: 3.151542 ms (FindLiveObjects: 0.100333 ms CreateObjectMapping: 0.041750 ms MarkObjects: 2.786292 ms  DeleteObjects: 0.222875 ms)

Prepare: number of updated asset objects reloaded= 0
========================================================================
Received Prepare
Refreshing native plugins compatible for Editor in 0.15 ms, found 1 plugins.
Preloading 0 native plugins for Editor in 0.00 ms.
Unloading 0 Unused Serialized files (Serialized files now loaded: 0)
Unloading 2264 unused Assets / (410.2 KB). Loaded Objects now: 3038.
Memory consumption went from 104.8 MB to 104.4 MB.
Total: 3.155792 ms (FindLiveObjects: 0.096833 ms CreateObjectMapping: 0.040334 ms MarkObjects: 2.797250 ms  DeleteObjects: 0.221125 ms)

Prepare: number of updated asset objects reloaded= 0
========================================================================
Received Prepare
Begin MonoManager ReloadAssembly
[Licensing::Client] Successfully resolved entitlement details
[Licensing::Module] License group:
  Id: F4-QKKD-GK3D-QK4Z-FWRN-XXXX
  Product: Unity Personal
  Type: ULF
  Expiration: Unlimited
[Licensing::Module] License group:
  Id: 5773889045670-UnityPersXXXX
  Product: Unity Personal
  Type: Assigned
  Expiration: Unlimited
Thread 0x16d63f000 may have been prematurely finalized
- Loaded All Assemblies, in  0.210 seconds
Refreshing native plugins compatible for Editor in 0.11 ms, found 1 plugins.
Native extension for WindowsStandalone target not found
Native extension for OSXStandalone target not found
Native extension for WebGL target not found
[Package Manager] Failed to launch server process. Reason: Unity was launched with the -noUpm command-line argument
[Package Manager] Unable to send message (not connected to server process).
[Package Manager] Cannot connect to Unity Package Manager local server
[Package Manager] Failed to launch server process. Reason: Unity was launched with the -noUpm command-line argument
[Package Manager] Unable to send message (not connected to server process).
[Package Manager] Cannot connect to Unity Package Manager local server
ScheduleIndexationOnStartup MainProcess:False IndexOnStartup:True
Mono: successfully reloaded assembly
- Finished resetting the current domain, in  0.278 seconds
Domain Reload Profiling: 489ms
	BeginReloadAssembly (74ms)
		ExecutionOrderSort (0ms)
		DisableScriptedObjects (4ms)
		BackupInstance (0ms)
		ReleaseScriptingObjects (0ms)
		CreateAndSetChildDomain (17ms)
	RebuildCommonClasses (21ms)
	RebuildNativeTypeToScriptingClass (7ms)
	initialDomainReloadingComplete (10ms)
	LoadAllAssembliesAndSetupDomain (100ms)
		LoadAssemblies (73ms)
		RebuildTransferFunctionScriptingTraits (0ms)
		AnalyzeDomain (50ms)
			TypeCache.Refresh (5ms)
				TypeCache.ScanAssembly (1ms)
			BuildScriptInfoCaches (42ms)
			ResolveRequiredComponents (1ms)
	FinalizeReload (278ms)
		ReleaseScriptCaches (0ms)
		RebuildScriptCaches (0ms)
		SetupLoadedEditorAssemblies (223ms)
			LogAssemblyErrors (0ms)
			InitializePlatformSupportModulesInManaged (1ms)
			SetLoadedEditorAssemblies (2ms)
			BeforeProcessingInitializeOnLoad (53ms)
			ProcessInitializeOnLoadAttributes (149ms)
			ProcessInitializeOnLoadMethodAttributes (18ms)
			AfterProcessingInitializeOnLoad (0ms)
			EditorAssembliesLoaded (0ms)
		ExecutionOrderSort2 (0ms)
		AwakeInstancesAfterBackupRestoration (1ms)
Refreshing native plugins compatible for Editor in 0.16 ms, found 1 plugins.
Preloading 0 native plugins for Editor in 0.00 ms.
Unloading 0 Unused Serialized files (Serialized files now loaded: 0)
Unloading 2268 unused Assets / (437.3 KB). Loaded Objects now: 3039.
Memory consumption went from 115.7 MB to 115.2 MB.
Total: 3.134417 ms (FindLiveObjects: 0.102834 ms CreateObjectMapping: 0.040417 ms MarkObjects: 2.771583 ms  DeleteObjects: 0.219209 ms)

Prepare: number of updated asset objects reloaded= 0
========================================================================
Received Prepare
Refreshing native plugins compatible for Editor in 0.13 ms, found 1 plugins.
Preloading 0 native plugins for Editor in 0.00 ms.
Unloading 0 Unused Serialized files (Serialized files now loaded: 0)
Unloading 2264 unused Assets / (437.7 KB). Loaded Objects now: 3039.
Memory consumption went from 104.8 MB to 104.4 MB.
Total: 3.169584 ms (FindLiveObjects: 0.094417 ms CreateObjectMapping: 0.041583 ms MarkObjects: 2.803584 ms  DeleteObjects: 0.229667 ms)

Prepare: number of updated asset objects reloaded= 0
========================================================================
Received Prepare
Begin MonoManager ReloadAssembly
[Licensing::Client] Successfully resolved entitlement details
[Licensing::Module] License group:
  Id: F4-QKKD-GK3D-QK4Z-FWRN-XXXX
  Product: Unity Personal
  Type: ULF
  Expiration: Unlimited
[Licensing::Module] License group:
  Id: 5773889045670-UnityPersXXXX
  Product: Unity Personal
  Type: Assigned
  Expiration: Unlimited
Thread 0x16d63f000 may have been prematurely finalized
- Loaded All Assemblies, in  0.209 seconds
Refreshing native plugins compatible for Editor in 0.12 ms, found 1 plugins.
Native extension for WindowsStandalone target not found
Native extension for OSXStandalone target not found
Native extension for WebGL target not found
[Package Manager] Failed to launch server process. Reason: Unity was launched with the -noUpm command-line argument
[Package Manager] Unable to send message (not connected to server process).
[Package Manager] Cannot connect to Unity Package Manager local server
[Package Manager] Failed to launch server process. Reason: Unity was launched with the -noUpm command-line argument
[Package Manager] Unable to send message (not connected to server process).
[Package Manager] Cannot connect to Unity Package Manager local server
ScheduleIndexationOnStartup MainProcess:False IndexOnStartup:True
Mono: successfully reloaded assembly
- Finished resetting the current domain, in  0.274 seconds
Domain Reload Profiling: 484ms
	BeginReloadAssembly (78ms)
		ExecutionOrderSort (0ms)
		DisableScriptedObjects (2ms)
		BackupInstance (0ms)
		ReleaseScriptingObjects (0ms)
		CreateAndSetChildDomain (23ms)
	RebuildCommonClasses (20ms)
	RebuildNativeTypeToScriptingClass (7ms)
	initialDomainReloadingComplete (10ms)
	LoadAllAssembliesAndSetupDomain (96ms)
		LoadAssemblies (77ms)
		RebuildTransferFunctionScriptingTraits (0ms)
		AnalyzeDomain (42ms)
			TypeCache.Refresh (5ms)
				TypeCache.ScanAssembly (1ms)
			BuildScriptInfoCaches (35ms)
			ResolveRequiredComponents (2ms)
	FinalizeReload (274ms)
		ReleaseScriptCaches (0ms)
		RebuildScriptCaches (0ms)
		SetupLoadedEditorAssemblies (218ms)
			LogAssemblyErrors (0ms)
			InitializePlatformSupportModulesInManaged (1ms)
			SetLoadedEditorAssemblies (2ms)
			BeforeProcessingInitializeOnLoad (53ms)
			ProcessInitializeOnLoadAttributes (145ms)
			ProcessInitializeOnLoadMethodAttributes (17ms)
			AfterProcessingInitializeOnLoad (0ms)
			EditorAssembliesLoaded (0ms)
		ExecutionOrderSort2 (0ms)
		AwakeInstancesAfterBackupRestoration (1ms)
Refreshing native plugins compatible for Editor in 0.15 ms, found 1 plugins.
Preloading 0 native plugins for Editor in 0.00 ms.
Unloading 0 Unused Serialized files (Serialized files now loaded: 0)
Unloading 2268 unused Assets / (399.5 KB). Loaded Objects now: 3040.
Memory consumption went from 115.7 MB to 115.3 MB.
Total: 3.163292 ms (FindLiveObjects: 0.099208 ms CreateObjectMapping: 0.037792 ms MarkObjects: 2.799666 ms  DeleteObjects: 0.226250 ms)

Prepare: number of updated asset objects reloaded= 0
========================================================================
Received Prepare
Refreshing native plugins compatible for Editor in 0.13 ms, found 1 plugins.
Preloading 0 native plugins for Editor in 0.00 ms.
Unloading 0 Unused Serialized files (Serialized files now loaded: 0)
Unloading 2264 unused Assets / (443.9 KB). Loaded Objects now: 3040.
Memory consumption went from 104.8 MB to 104.4 MB.
Total: 3.247500 ms (FindLiveObjects: 0.095166 ms CreateObjectMapping: 0.041292 ms MarkObjects: 2.861042 ms  DeleteObjects: 0.249792 ms)

Prepare: number of updated asset objects reloaded= 0
========================================================================
Received Prepare
Refreshing native plugins compatible for Editor in 0.16 ms, found 1 plugins.
Preloading 0 native plugins for Editor in 0.00 ms.
Unloading 0 Unused Serialized files (Serialized files now loaded: 0)
Unloading 2264 unused Assets / (435.3 KB). Loaded Objects now: 3040.
Memory consumption went from 104.8 MB to 104.4 MB.
Total: 3.506625 ms (FindLiveObjects: 0.105500 ms CreateObjectMapping: 0.045958 ms MarkObjects: 3.132917 ms  DeleteObjects: 0.222042 ms)

Prepare: number of updated asset objects reloaded= 0
========================================================================
Received Prepare
Begin MonoManager ReloadAssembly
[Licensing::Client] Successfully resolved entitlement details
[Licensing::Module] License group:
  Id: F4-QKKD-GK3D-QK4Z-FWRN-XXXX
  Product: Unity Personal
  Type: ULF
  Expiration: Unlimited
[Licensing::Module] License group:
  Id: 5773889045670-UnityPersXXXX
  Product: Unity Personal
  Type: Assigned
  Expiration: Unlimited
Thread 0x16d63f000 may have been prematurely finalized
- Loaded All Assemblies, in  0.196 seconds
Refreshing native plugins compatible for Editor in 0.12 ms, found 1 plugins.
Native extension for WindowsStandalone target not found
Native extension for OSXStandalone target not found
Native extension for WebGL target not found
[Package Manager] Failed to launch server process. Reason: Unity was launched with the -noUpm command-line argument
[Package Manager] Unable to send message (not connected to server process).
[Package Manager] Cannot connect to Unity Package Manager local server
[Package Manager] Failed to launch server process. Reason: Unity was launched with the -noUpm command-line argument
[Package Manager] Unable to send message (not connected to server process).
[Package Manager] Cannot connect to Unity Package Manager local server
ScheduleIndexationOnStartup MainProcess:False IndexOnStartup:True
Mono: successfully reloaded assembly
- Finished resetting the current domain, in  0.299 seconds
Domain Reload Profiling: 496ms
	BeginReloadAssembly (70ms)
		ExecutionOrderSort (0ms)
		DisableScriptedObjects (2ms)
		BackupInstance (0ms)
		ReleaseScriptingObjects (0ms)
		CreateAndSetChildDomain (16ms)
	RebuildCommonClasses (19ms)
	RebuildNativeTypeToScriptingClass (7ms)
	initialDomainReloadingComplete (10ms)
	LoadAllAssembliesAndSetupDomain (91ms)
		LoadAssemblies (72ms)
		RebuildTransferFunctionScriptingTraits (0ms)
		AnalyzeDomain (43ms)
			TypeCache.Refresh (5ms)
				TypeCache.ScanAssembly (1ms)
			BuildScriptInfoCaches (35ms)
			ResolveRequiredComponents (1ms)
	FinalizeReload (299ms)
		ReleaseScriptCaches (0ms)
		RebuildScriptCaches (0ms)
		SetupLoadedEditorAssemblies (239ms)
			LogAssemblyErrors (0ms)
			InitializePlatformSupportModulesInManaged (1ms)
			SetLoadedEditorAssemblies (2ms)
			BeforeProcessingInitializeOnLoad (53ms)
			ProcessInitializeOnLoadAttributes (162ms)
			ProcessInitializeOnLoadMethodAttributes (21ms)
			AfterProcessingInitializeOnLoad (1ms)
			EditorAssembliesLoaded (0ms)
		ExecutionOrderSort2 (0ms)
		AwakeInstancesAfterBackupRestoration (1ms)
Refreshing native plugins compatible for Editor in 0.16 ms, found 1 plugins.
Preloading 0 native plugins for Editor in 0.00 ms.
Unloading 0 Unused Serialized files (Serialized files now loaded: 0)
Unloading 2268 unused Assets / (332.8 KB). Loaded Objects now: 3041.
Memory consumption went from 115.7 MB to 115.3 MB.
Total: 3.336291 ms (FindLiveObjects: 0.105750 ms CreateObjectMapping: 0.042125 ms MarkObjects: 2.970041 ms  DeleteObjects: 0.218125 ms)

Prepare: number of updated asset objects reloaded= 0
========================================================================
Received Prepare
Refreshing native plugins compatible for Editor in 0.15 ms, found 1 plugins.
Preloading 0 native plugins for Editor in 0.00 ms.
Unloading 0 Unused Serialized files (Serialized files now loaded: 0)
Unloading 2265 unused Assets / (249.8 KB). Loaded Objects now: 3042.
Memory consumption went from 104.8 MB to 104.6 MB.
Total: 3.771375 ms (FindLiveObjects: 0.103333 ms CreateObjectMapping: 0.038875 ms MarkObjects: 3.285208 ms  DeleteObjects: 0.343584 ms)

Prepare: number of updated asset objects reloaded= 0
========================================================================
Received Prepare
Begin MonoManager ReloadAssembly
[Licensing::Client] Successfully resolved entitlement details
[Licensing::Module] License group:
  Id: F4-QKKD-GK3D-QK4Z-FWRN-XXXX
  Product: Unity Personal
  Type: ULF
  Expiration: Unlimited
[Licensing::Module] License group:
  Id: 5773889045670-UnityPersXXXX
  Product: Unity Personal
  Type: Assigned
  Expiration: Unlimited
Thread 0x16d63f000 may have been prematurely finalized
- Loaded All Assemblies, in  0.198 seconds
Refreshing native plugins compatible for Editor in 0.13 ms, found 1 plugins.
Native extension for WindowsStandalone target not found
Native extension for OSXStandalone target not found
Native extension for WebGL target not found
[Package Manager] Failed to launch server process. Reason: Unity was launched with the -noUpm command-line argument
[Package Manager] Unable to send message (not connected to server process).
[Package Manager] Cannot connect to Unity Package Manager local server
[Package Manager] Failed to launch server process. Reason: Unity was launched with the -noUpm command-line argument
[Package Manager] Unable to send message (not connected to server process).
[Package Manager] Cannot connect to Unity Package Manager local server
ScheduleIndexationOnStartup MainProcess:False IndexOnStartup:True
Mono: successfully reloaded assembly
- Finished resetting the current domain, in  0.289 seconds
Domain Reload Profiling: 488ms
	BeginReloadAssembly (72ms)
		ExecutionOrderSort (0ms)
		DisableScriptedObjects (2ms)
		BackupInstance (0ms)
		ReleaseScriptingObjects (0ms)
		CreateAndSetChildDomain (18ms)
	RebuildCommonClasses (19ms)
	RebuildNativeTypeToScriptingClass (7ms)
	initialDomainReloadingComplete (10ms)
	LoadAllAssembliesAndSetupDomain (91ms)
		LoadAssemblies (75ms)
		RebuildTransferFunctionScriptingTraits (0ms)
		AnalyzeDomain (40ms)
			TypeCache.Refresh (4ms)
				TypeCache.ScanAssembly (1ms)
			BuildScriptInfoCaches (33ms)
			ResolveRequiredComponents (1ms)
	FinalizeReload (289ms)
		ReleaseScriptCaches (0ms)
		RebuildScriptCaches (0ms)
		SetupLoadedEditorAssemblies (223ms)
			LogAssemblyErrors (0ms)
			InitializePlatformSupportModulesInManaged (1ms)
			SetLoadedEditorAssemblies (3ms)
			BeforeProcessingInitializeOnLoad (52ms)
			ProcessInitializeOnLoadAttributes (149ms)
			ProcessInitializeOnLoadMethodAttributes (15ms)
			AfterProcessingInitializeOnLoad (2ms)
			EditorAssembliesLoaded (0ms)
		ExecutionOrderSort2 (0ms)
		AwakeInstancesAfterBackupRestoration (1ms)
Refreshing native plugins compatible for Editor in 0.15 ms, found 1 plugins.
Preloading 0 native plugins for Editor in 0.00 ms.
Unloading 0 Unused Serialized files (Serialized files now loaded: 0)
Unloading 2269 unused Assets / (128.1 KB). Loaded Objects now: 3043.
Memory consumption went from 115.7 MB to 115.5 MB.
Total: 3.673042 ms (FindLiveObjects: 0.117167 ms CreateObjectMapping: 0.044083 ms MarkObjects: 3.271917 ms  DeleteObjects: 0.239333 ms)

Prepare: number of updated asset objects reloaded= 0
========================================================================
Received Prepare
Refreshing native plugins compatible for Editor in 0.15 ms, found 1 plugins.
Preloading 0 native plugins for Editor in 0.00 ms.
Unloading 0 Unused Serialized files (Serialized files now loaded: 0)
Unloading 2265 unused Assets / (283.5 KB). Loaded Objects now: 3043.
Memory consumption went from 104.8 MB to 104.6 MB.
Total: 3.637666 ms (FindLiveObjects: 0.115292 ms CreateObjectMapping: 0.043875 ms MarkObjects: 3.224041 ms  DeleteObjects: 0.254208 ms)

Prepare: number of updated asset objects reloaded= 0
========================================================================
Received Prepare
Begin MonoManager ReloadAssembly
Thread 0x16d63f000 may have been prematurely finalized
- Loaded All Assemblies, in  0.201 seconds
Refreshing native plugins compatible for Editor in 0.12 ms, found 1 plugins.
Native extension for WindowsStandalone target not found
Native extension for OSXStandalone target not found
Native extension for WebGL target not found
[Package Manager] Failed to launch server process. Reason: Unity was launched with the -noUpm command-line argument
[Package Manager] Unable to send message (not connected to server process).
[Package Manager] Cannot connect to Unity Package Manager local server
[Package Manager] Failed to launch server process. Reason: Unity was launched with the -noUpm command-line argument
[Package Manager] Unable to send message (not connected to server process).
[Package Manager] Cannot connect to Unity Package Manager local server
ScheduleIndexationOnStartup MainProcess:False IndexOnStartup:True
Mono: successfully reloaded assembly
- Finished resetting the current domain, in  0.281 seconds
Domain Reload Profiling: 484ms
	BeginReloadAssembly (69ms)
		ExecutionOrderSort (0ms)
		DisableScriptedObjects (2ms)
		BackupInstance (0ms)
		ReleaseScriptingObjects (0ms)
		CreateAndSetChildDomain (15ms)
	RebuildCommonClasses (19ms)
	RebuildNativeTypeToScriptingClass (7ms)
	initialDomainReloadingComplete (10ms)
	LoadAllAssembliesAndSetupDomain (97ms)
		LoadAssemblies (75ms)
		RebuildTransferFunctionScriptingTraits (0ms)
		AnalyzeDomain (46ms)
			TypeCache.Refresh (4ms)
				TypeCache.ScanAssembly (1ms)
			BuildScriptInfoCaches (39ms)
			ResolveRequiredComponents (1ms)
	FinalizeReload (281ms)
		ReleaseScriptCaches (0ms)
		RebuildScriptCaches (0ms)
		SetupLoadedEditorAssemblies (222ms)
			LogAssemblyErrors (0ms)
			InitializePlatformSupportModulesInManaged (1ms)
			SetLoadedEditorAssemblies (2ms)
			BeforeProcessingInitializeOnLoad (51ms)
			ProcessInitializeOnLoadAttributes (148ms)
			ProcessInitializeOnLoadMethodAttributes (19ms)
			AfterProcessingInitializeOnLoad (1ms)
			EditorAssembliesLoaded (0ms)
		ExecutionOrderSort2 (0ms)
		AwakeInstancesAfterBackupRestoration (2ms)
Refreshing native plugins compatible for Editor in 0.18 ms, found 1 plugins.
Preloading 0 native plugins for Editor in 0.00 ms.
Unloading 0 Unused Serialized files (Serialized files now loaded: 0)
Unloading 2269 unused Assets / (450.2 KB). Loaded Objects now: 3044.
Memory consumption went from 115.7 MB to 115.2 MB.
Total: 3.382709 ms (FindLiveObjects: 0.106916 ms CreateObjectMapping: 0.042333 ms MarkObjects: 3.003167 ms  DeleteObjects: 0.229959 ms)

Prepare: number of updated asset objects reloaded= 0
========================================================================
Received Import Request.
  Time since last request: 87268.597816 seconds.
  path: Assets/Prefabs/UI/Desktop/Bar Button.prefab
  artifactKey: Guid(83710fca1d6cb454baaaa6d375f2cfaf) Importer(2089858483,b0f066a214c2f5e87bad3c948f4d605d)
Start importing Assets/Prefabs/UI/Desktop/Bar Button.prefab using Guid(83710fca1d6cb454baaaa6d375f2cfaf) Importer(2089858483,b0f066a214c2f5e87bad3c948f4d605d) (ScriptedImporter) -> (artifact id: '66eef5d8f50bcc92194acdd39ce251ce') in 0.221972583 seconds
Number of updated asset objects reloaded before import = 0Number of asset objects unloaded after import = 49

========================================================================
Received Prepare
Begin MonoManager ReloadAssembly
[Licensing::Client] Successfully resolved entitlement details
[Licensing::Module] License group:
  Id: F4-QKKD-GK3D-QK4Z-FWRN-XXXX
  Product: Unity Personal
  Type: ULF
  Expiration: Unlimited
[Licensing::Module] License group:
  Id: 5773889045670-UnityPersXXXX
  Product: Unity Personal
  Type: Assigned
  Expiration: Unlimited
Thread 0x16d63f000 may have been prematurely finalized
Symbol file LoadedFromMemory is not a mono symbol file
- Loaded All Assemblies, in  0.555 seconds
Refreshing native plugins compatible for Editor in 0.14 ms, found 1 plugins.
Native extension for WindowsStandalone target not found
Native extension for OSXStandalone target not found
Native extension for WebGL target not found
[Package Manager] Failed to launch server process. Reason: Unity was launched with the -noUpm command-line argument
[Package Manager] Unable to send message (not connected to server process).
[Package Manager] Cannot connect to Unity Package Manager local server
[Package Manager] Failed to launch server process. Reason: Unity was launched with the -noUpm command-line argument
[Package Manager] Unable to send message (not connected to server process).
[Package Manager] Cannot connect to Unity Package Manager local server
ScheduleIndexationOnStartup MainProcess:False IndexOnStartup:True
Mono: successfully reloaded assembly
- Finished resetting the current domain, in  0.562 seconds
Domain Reload Profiling: 1119ms
	BeginReloadAssembly (268ms)
		ExecutionOrderSort (0ms)
		DisableScriptedObjects (10ms)
		BackupInstance (0ms)
		ReleaseScriptingObjects (0ms)
		CreateAndSetChildDomain (121ms)
	RebuildCommonClasses (25ms)
	RebuildNativeTypeToScriptingClass (9ms)
	initialDomainReloadingComplete (22ms)
	LoadAllAssembliesAndSetupDomain (233ms)
		LoadAssemblies (204ms)
		RebuildTransferFunctionScriptingTraits (0ms)
		AnalyzeDomain (96ms)
			TypeCache.Refresh (47ms)
				TypeCache.ScanAssembly (35ms)
			BuildScriptInfoCaches (43ms)
			ResolveRequiredComponents (2ms)
	FinalizeReload (562ms)
		ReleaseScriptCaches (0ms)
		RebuildScriptCaches (0ms)
		SetupLoadedEditorAssemblies (461ms)
			LogAssemblyErrors (0ms)
			InitializePlatformSupportModulesInManaged (2ms)
			SetLoadedEditorAssemblies (5ms)
			BeforeProcessingInitializeOnLoad (94ms)
			ProcessInitializeOnLoadAttributes (315ms)
			ProcessInitializeOnLoadMethodAttributes (43ms)
			AfterProcessingInitializeOnLoad (1ms)
			EditorAssembliesLoaded (0ms)
		ExecutionOrderSort2 (0ms)
		AwakeInstancesAfterBackupRestoration (3ms)
Refreshing native plugins compatible for Editor in 0.44 ms, found 1 plugins.
Preloading 0 native plugins for Editor in 0.00 ms.
Unloading 0 Unused Serialized files (Serialized files now loaded: 0)
Unloading 2276 unused Assets / (120.7 KB). Loaded Objects now: 3047.
Memory consumption went from 116.5 MB to 116.3 MB.
Total: 7.138750 ms (FindLiveObjects: 0.498958 ms CreateObjectMapping: 0.453459 ms MarkObjects: 5.895459 ms  DeleteObjects: 0.289875 ms)

Prepare: number of updated asset objects reloaded= 0
========================================================================
Received Prepare
Refreshing native plugins compatible for Editor in 0.22 ms, found 1 plugins.
Preloading 0 native plugins for Editor in 0.00 ms.
Unloading 0 Unused Serialized files (Serialized files now loaded: 0)
Unloading 2270 unused Assets / (390.5 KB). Loaded Objects now: 3047.
Memory consumption went from 105.4 MB to 105.0 MB.
Total: 22.568125 ms (FindLiveObjects: 0.184750 ms CreateObjectMapping: 0.043125 ms MarkObjects: 22.045250 ms  DeleteObjects: 0.294459 ms)

Prepare: number of updated asset objects reloaded= 0
========================================================================
Received Prepare
Begin MonoManager ReloadAssembly
Thread 0x16d63f000 may have been prematurely finalized
Symbol file LoadedFromMemory is not a mono symbol file
- Loaded All Assemblies, in  0.388 seconds
Refreshing native plugins compatible for Editor in 0.12 ms, found 1 plugins.
Native extension for WindowsStandalone target not found
Native extension for OSXStandalone target not found
Native extension for WebGL target not found
[Package Manager] Failed to launch server process. Reason: Unity was launched with the -noUpm command-line argument
[Package Manager] Unable to send message (not connected to server process).
[Package Manager] Cannot connect to Unity Package Manager local server
[Package Manager] Failed to launch server process. Reason: Unity was launched with the -noUpm command-line argument
[Package Manager] Unable to send message (not connected to server process).
[Package Manager] Cannot connect to Unity Package Manager local server
ScheduleIndexationOnStartup MainProcess:False IndexOnStartup:True
Mono: successfully reloaded assembly
- Finished resetting the current domain, in  0.403 seconds
Domain Reload Profiling: 792ms
	BeginReloadAssembly (156ms)
		ExecutionOrderSort (0ms)
		DisableScriptedObjects (5ms)
		BackupInstance (0ms)
		ReleaseScriptingObjects (0ms)
		CreateAndSetChildDomain (51ms)
	RebuildCommonClasses (25ms)
	RebuildNativeTypeToScriptingClass (9ms)
	initialDomainReloadingComplete (24ms)
	LoadAllAssembliesAndSetupDomain (175ms)
		LoadAssemblies (175ms)
		RebuildTransferFunctionScriptingTraits (0ms)
		AnalyzeDomain (63ms)
			TypeCache.Refresh (9ms)
				TypeCache.ScanAssembly (1ms)
			BuildScriptInfoCaches (50ms)
			ResolveRequiredComponents (2ms)
	FinalizeReload (403ms)
		ReleaseScriptCaches (0ms)
		RebuildScriptCaches (0ms)
		SetupLoadedEditorAssemblies (329ms)
			LogAssemblyErrors (0ms)
			InitializePlatformSupportModulesInManaged (2ms)
			SetLoadedEditorAssemblies (2ms)
			BeforeProcessingInitializeOnLoad (68ms)
			ProcessInitializeOnLoadAttributes (221ms)
			ProcessInitializeOnLoadMethodAttributes (35ms)
			AfterProcessingInitializeOnLoad (1ms)
			EditorAssembliesLoaded (0ms)
		ExecutionOrderSort2 (0ms)
		AwakeInstancesAfterBackupRestoration (2ms)
Refreshing native plugins compatible for Editor in 0.39 ms, found 1 plugins.
Preloading 0 native plugins for Editor in 0.00 ms.
Unloading 0 Unused Serialized files (Serialized files now loaded: 0)
Unloading 2274 unused Assets / (132.9 KB). Loaded Objects now: 3048.
Memory consumption went from 116.4 MB to 116.2 MB.
Total: 4.287291 ms (FindLiveObjects: 0.146875 ms CreateObjectMapping: 0.044500 ms MarkObjects: 3.789667 ms  DeleteObjects: 0.305916 ms)

Prepare: number of updated asset objects reloaded= 0
========================================================================
Received Prepare
Refreshing native plugins compatible for Editor in 0.23 ms, found 1 plugins.
Preloading 0 native plugins for Editor in 0.00 ms.
Unloading 0 Unused Serialized files (Serialized files now loaded: 0)
Unloading 2270 unused Assets / (403.4 KB). Loaded Objects now: 3048.
Memory consumption went from 105.4 MB to 105.0 MB.
Total: 26.445875 ms (FindLiveObjects: 0.241916 ms CreateObjectMapping: 0.211667 ms MarkObjects: 25.544250 ms  DeleteObjects: 0.447708 ms)

Prepare: number of updated asset objects reloaded= 0
========================================================================
Received Prepare
Refreshing native plugins compatible for Editor in 0.62 ms, found 1 plugins.
Preloading 0 native plugins for Editor in 0.00 ms.
Unloading 0 Unused Serialized files (Serialized files now loaded: 0)
Unloading 2270 unused Assets / (295.4 KB). Loaded Objects now: 3048.
Memory consumption went from 105.4 MB to 105.1 MB.
Total: 20.526458 ms (FindLiveObjects: 0.206583 ms CreateObjectMapping: 0.057833 ms MarkObjects: 19.932917 ms  DeleteObjects: 0.328792 ms)

Prepare: number of updated asset objects reloaded= 0
========================================================================
Received Prepare
Begin MonoManager ReloadAssembly
[Licensing::Client] Successfully resolved entitlement details
[Licensing::Module] License group:
  Id: F4-QKKD-GK3D-QK4Z-FWRN-XXXX
  Product: Unity Personal
  Type: ULF
  Expiration: Unlimited
[Licensing::Module] License group:
  Id: 5773889045670-UnityPersXXXX
  Product: Unity Personal
  Type: Assigned
  Expiration: Unlimited
Thread 0x16d63f000 may have been prematurely finalized
Symbol file LoadedFromMemory is not a mono symbol file
- Loaded All Assemblies, in  0.471 seconds
Refreshing native plugins compatible for Editor in 0.12 ms, found 1 plugins.
Native extension for WindowsStandalone target not found
Native extension for OSXStandalone target not found
Native extension for WebGL target not found
[Package Manager] Failed to launch server process. Reason: Unity was launched with the -noUpm command-line argument
[Package Manager] Unable to send message (not connected to server process).
[Package Manager] Cannot connect to Unity Package Manager local server
[Package Manager] Failed to launch server process. Reason: Unity was launched with the -noUpm command-line argument
[Package Manager] Unable to send message (not connected to server process).
[Package Manager] Cannot connect to Unity Package Manager local server
ScheduleIndexationOnStartup MainProcess:False IndexOnStartup:True
Mono: successfully reloaded assembly
- Finished resetting the current domain, in  0.444 seconds
Domain Reload Profiling: 916ms
	BeginReloadAssembly (183ms)
		ExecutionOrderSort (0ms)
		DisableScriptedObjects (9ms)
		BackupInstance (0ms)
		ReleaseScriptingObjects (0ms)
		CreateAndSetChildDomain (56ms)
	RebuildCommonClasses (22ms)
	RebuildNativeTypeToScriptingClass (10ms)
	initialDomainReloadingComplete (29ms)
	LoadAllAssembliesAndSetupDomain (229ms)
		LoadAssemblies (220ms)
		RebuildTransferFunctionScriptingTraits (0ms)
		AnalyzeDomain (74ms)
			TypeCache.Refresh (12ms)
				TypeCache.ScanAssembly (2ms)
			BuildScriptInfoCaches (58ms)
			ResolveRequiredComponents (2ms)
	FinalizeReload (444ms)
		ReleaseScriptCaches (0ms)
		RebuildScriptCaches (0ms)
		SetupLoadedEditorAssemblies (360ms)
			LogAssemblyErrors (0ms)
			InitializePlatformSupportModulesInManaged (3ms)
			SetLoadedEditorAssemblies (2ms)
			BeforeProcessingInitializeOnLoad (71ms)
			ProcessInitializeOnLoadAttributes (239ms)
			ProcessInitializeOnLoadMethodAttributes (44ms)
			AfterProcessingInitializeOnLoad (1ms)
			EditorAssembliesLoaded (0ms)
		ExecutionOrderSort2 (0ms)
		AwakeInstancesAfterBackupRestoration (2ms)
Refreshing native plugins compatible for Editor in 0.22 ms, found 1 plugins.
Preloading 0 native plugins for Editor in 0.00 ms.
Unloading 0 Unused Serialized files (Serialized files now loaded: 0)
Unloading 2274 unused Assets / (64.9 KB). Loaded Objects now: 3049.
Memory consumption went from 116.4 MB to 116.3 MB.
Total: 5.225334 ms (FindLiveObjects: 0.162042 ms CreateObjectMapping: 0.051500 ms MarkObjects: 4.729208 ms  DeleteObjects: 0.282042 ms)

Prepare: number of updated asset objects reloaded= 0
